row_number	crash_date	crash_report_id	crash_time	collision_type	count_pedestrian	count_bicycle	scooter	wheel_chair	number_of_vehicles	street_or_highway	nearest_intersection	report_date	type_of_roadway	road_surface_condition	light_condition	weather_condition	manner_of_impact	hit_and_run	traffic_control	person_count	injury_count	most_serious_injury	number_of_lanes	lat_raw	lon_raw	has_st_number	is_intersection_null	address_sent_to_geocoder	api_coord_conf	best_coordinate_set	reason_for_qa	manually_qaed_record	final_lat	final_lon	year	month
3313	2011-10-02	93686	22:22:00	Bicycle	NA	1	FALSE	FALSE	1	DOUGLAS AVE	CHAD BROWN ST	2011-10-03	Two-Way , Not Divided	Wet	Dark - Not Lighted	Clear	Sideswipe, Same Direction	Yes	No Controls	2	1	Pain Reported	NA	41.8386	-71.42511	FALSE	FALSE	Douglas Ave and Chad Brown Street, Providence, RI, USA	Med High	Raw	NA	FALSE	41.8386	-71.42511	2011	October
3312	2011-10-04	93960	19:11:00	Pedestrian	1	NA	FALSE	FALSE	1	LENNON ST	SMITH ST	2011-10-04	Two-Way , Not Divided	Wet	Dark - Lighted	Rain	Not a Collision Between Two Motor Vehicles in Transport	No	Stop Signs	2	1	Non-Incapacitating	NA	41.84506	-71.45027	FALSE	FALSE	Lennon Street and Smith Street, Providence, RI, USA	Med High	Raw	NA	FALSE	41.84506	-71.45027	2011	October
3311	2011-10-06	94220	08:52:00	Bicycle	NA	1	FALSE	FALSE	1	S MAIN ST	PACKET ST	2011-10-06	One-Way Trafficway	Dry	Daylight	Clear	Sideswipe, Same Direction	No	No Controls	3	1	Pain Reported	NA	41.82406	-71.406720000000007	FALSE	FALSE	S Main Street and Packet Street, Providence, RI, USA	Med	Raw	distance greater than 100m	TRUE	41.82406	-71.406720000000007	2011	October
3308	2011-10-07	94511	12:24:00	Bicycle	NA	1	FALSE	FALSE	1	SERVICE ROAD 8	WASHINGTON ST	2011-10-07	One-Way Trafficway	Dry	Daylight	Clear	Sideswipe, Same Direction	Yes	No Controls	1	1	Pain Reported	NA	41.82013	-71.41876	FALSE	FALSE	Service Road 8 and Washington Street, Providence, RI, USA	Med High	Raw	distance greater than 100m	TRUE	41.82013	-71.41876	2011	October
3309	2011-10-07	94559	15:36:00	Pedestrian	1	NA	FALSE	FALSE	1	HUXLEY AVE	OAKDALE ST	2011-10-07	Two-Way , Not Divided	Dry	Daylight	Clear	Other	No	No Controls	3	1	Pain Reported	NA	41.83908	-71.43423	FALSE	FALSE	Huxley Ave and Oakdale Street, Providence, RI, USA	Med High	Raw	NA	FALSE	41.83908	-71.43423	2011	October
3310	2011-10-07	94905	08:29:00	Bicycle	NA	1	FALSE	FALSE	1	DOUGLAS AVE	WHIPPLE ST	2011-10-10	Two-Way , Not Divided	Dry	Daylight	Clear	Angle (Front - to - Side) Right Angle (Includes Broadside)	No	No Controls	5	1	Pain Reported	2	41.83685	-71.42154	FALSE	FALSE	Douglas Ave and Whipple Street, Providence, RI, USA	Med High	Raw	NA	FALSE	41.83685	-71.42154	2011	October
3307	2011-10-08	95342	17:13:00	Pedestrian	1	NA	FALSE	FALSE	1	MEMORIAL BLVD	SOUTH WATER STREET	2011-10-12	Two-Way , Not Divided	Dry	Daylight	Clear	Other	No	Traffic Control Signal	3	1	Pain Reported	2	41.8241	-71.40842	FALSE	FALSE	Memorial Blvd and South Water Street, Providence, RI, USA	Med High	Raw	NA	FALSE	41.8241	-71.40842	2011	October
3304	2011-10-09	94836	16:12:00	Pedestrian	1	NA	FALSE	FALSE	1	GRAPE ST	ADMIRAL ST	2011-10-09	Two-Way , Not Divided	Dry	Daylight	Clear	Not a Collision Between Two Motor Vehicles in Transport	No	No Controls	2	0	No Injury	NA	41.8458	-71.43027	FALSE	FALSE	Grape Street and Admiral Street, Providence, RI, USA	Med High	Raw	NA	FALSE	41.8458	-71.43027	2011	October
3305	2011-10-09	94857	17:15:00	Bicycle	NA	1	FALSE	FALSE	1	CRANSTON ST	PARADE ST	2011-10-09	Two-Way , Not Divided	Dry	Daylight	Clear	Not a Collision Between Two Motor Vehicles in Transport	No	No Controls	2	1	Pain Reported	NA	41.8118	-71.43114	FALSE	FALSE	Cranston Street and Parade Street, Providence, RI, USA	Med High	Raw	NA	FALSE	41.8118	-71.43114	2011	October
3306	2011-10-09	94894	14:56:00	Pedestrian	1	NA	FALSE	FALSE	1	338 BROAD ST	BROAD ST	2011-10-09	Two-Way , Not Divided	Dry	Daylight	Clear	Not a Collision Between Two Motor Vehicles in Transport	Yes	No Controls	2	1	Pain Reported	NA	41.81397	-71.4214	TRUE	FALSE	338 Broad Street, Providence, RI, USA	High	Raw	NA	FALSE	41.81397	-71.4214	2011	October
3303	2011-10-10	94917	13:58:00	Pedestrian	1	NA	FALSE	FALSE	1	22 barbara st	PONAGANSETT AVE	2011-10-10	Two-Way , Not Divided	Dry	Daylight	Clear	Not a Collision Between Two Motor Vehicles in Transport	Yes	No Controls	2	1	Pain Reported	NA	41.82046	-71.45891	TRUE	FALSE	22 Barbara Street, Providence, RI, USA	High	Raw	NA	FALSE	41.82046	-71.45891	2011	October
3300	2011-10-11	95077	17:10:00	Pedestrian	1	NA	FALSE	FALSE	1	TUXEDO AVE	ATWELLS AVE	2011-10-11	Two-Way , Not Divided	Dry	Daylight	Clear	Not a Collision Between Two Motor Vehicles in Transport	No	Stop Signs	3	1	Pain Reported	NA	41.82452	-71.43862	FALSE	FALSE	Tuxedo Ave and Atwells Ave, Providence, RI, USA	Med High	Raw	NA	FALSE	41.82452	-71.43862	2011	October
3301	2011-10-11	95118	19:05:00	Bicycle	NA	1	FALSE	FALSE	1	RUGGLES ST	CHALKSTONE AVE	2011-10-11	Two-Way, Divided, Unprotected (painted>4feet) Medium	Dry	Dark - Lighted	Clear	Head-On (Front - to - Front)	Yes	Stop Signs	2	1	Non-Incapacitating	NA	41.83616	-71.42824	FALSE	FALSE	Ruggles Street and Chalkstone Ave, Providence, RI, USA	Med High	Geocoded	distance greater than 100m	TRUE	41.834637	-71.4281355	2011	October
3302	2011-10-11	95196	23:31:00	Bicycle	NA	1	FALSE	FALSE	1	GEORGE ST	THAYER ST	2011-10-12	Two-Way , Not Divided	Dry	Dark - Not Lighted	Clear	Sideswipe, Same Direction	Yes	Stop Signs	1	0	No Injury	NA	41.82553	-71.40037	FALSE	FALSE	George Street and Thayer Street, Providence, RI, USA	Med	Raw	NA	FALSE	41.82553	-71.40037	2011	October
3299	2011-10-15	95693	19:47:00	Pedestrian	1	NA	FALSE	FALSE	1	Grove St	DE SOTO ST	2011-10-15	Two-Way , Not Divided	Dry	Dark - Lighted	Clear	Not a Collision Between Two Motor Vehicles in Transport	Yes	No Controls	2	1	Pain Reported	NA	41.82015	-71.43916	FALSE	FALSE	Grove Street and De Soto Street, Providence, RI, USA	Med High	Raw	NA	FALSE	41.82015	-71.43916	2011	October
3298	2011-10-17	96123	21:51:00	Pedestrian	1	NA	FALSE	FALSE	1	COURTLAND ST	RING ST	2011-10-17	Two-Way , Not Divided	Dry	Dark - Lighted	Clear	Not a Collision Between Two Motor Vehicles in Transport	Yes	No Controls	1	1	Pain Reported	NA	41.82045	-71.43167	FALSE	FALSE	Courtland Street and Ring Street, Providence, RI, USA	Med High	Raw	NA	FALSE	41.82045	-71.43167	2011	October
3297	2011-10-20	97496	17:53:00	Bicycle	NA	1	FALSE	FALSE	1	DOUGLAS AVE	EATON ST	2011-10-26	Two-Way , Not Divided	Dry	Dark - Lighted	Clear	Not a Collision Between Two Motor Vehicles in Transport	No	No Controls	2	1	Pain Reported	NA	41.84094	-71.42728	FALSE	FALSE	Douglas Ave and Eaton Street, Providence, RI, USA	Med High	Raw	NA	FALSE	41.84094	-71.42728	2011	October
3296	2011-10-22	96778	15:32:00	Pedestrian	1	NA	FALSE	FALSE	1	JILLSON ST	OCONNOR ST	2011-10-22	Two-Way, Divided, Unprotected (painted>4feet) Medium	Dry	Daylight	Clear	Not a Collision Between Two Motor Vehicles in Transport	No	Stop Signs	5	1	Pain Reported	NA	41.79105	-71.40578	FALSE	FALSE	Jillson Street and Oconnor Street, Providence, RI, USA	Med High	Raw	NA	FALSE	41.79105	-71.40578	2011	October
3295	2011-10-23	97284	13:47:00	Pedestrian	2	NA	FALSE	FALSE	1	CRANSTON ST	DEXTER ST	2011-10-25	Two-Way, Divided, Unprotected (painted>4feet) Medium	Dry	Daylight	Clear	Not a Collision Between Two Motor Vehicles in Transport	No	Pavement Markings	4	2	Pain Reported	NA	41.8126	-71.42959	FALSE	FALSE	Cranston Street and Dexter Street, Providence, RI, USA	Med High	Raw	NA	FALSE	41.8126	-71.42959	2011	October
3294	2011-10-25	97464	07:54:00	Pedestrian	1	NA	FALSE	FALSE	1	PENNSYLVANIA AVE	PRAIRIE AVE	2011-10-26	Two-Way , Not Divided	Dry	Daylight	Clear	Other	No	No Controls	3	1	Pain Reported	2	41.79785	-71.41152	FALSE	FALSE	Pennsylvania Ave and Prairie Ave, Providence, RI, USA	Med	Raw	NA	FALSE	41.79785	-71.41152	2011	October
3293	2011-10-27	97848	17:36:00	Pedestrian	1	NA	FALSE	FALSE	1	ELLERY ST	UNION AVE	2011-10-27	Two-Way , Not Divided	Wet	Dark - Lighted	Rain	Not a Collision Between Two Motor Vehicles in Transport	No	Stop Signs	3	1	Pain Reported	2	41.80933	-71.43838	FALSE	FALSE	Ellery Street and Union Ave, Providence, RI, USA	Med High	Raw	NA	FALSE	41.80933	-71.43838	2011	October
3292	2011-10-30	99362	13:49:00	Bicycle	NA	1	FALSE	FALSE	1	RAYMOND STREET	CHALKSTONA AVE	2011-11-05	Two-Way , Not Divided	Dry	Daylight	Clear	Other	No	Traffic Control Signal	2	0	No Injury	2	41.83419	-71.43024	FALSE	FALSE	Raymond Street and Chalkstona Ave, Providence, RI, USA	Med	Raw	NA	FALSE	41.83419	-71.43024	2011	October
3291	2011-11-01	99388	17:43:00	Bicycle	NA	1	FALSE	FALSE	1	MEMORIAL BLVD	COLLEGE ST	2011-11-05	Two-Way, Divided, Positive Median Barrier	Dry	Daylight	Clear	Not a Collision Between Two Motor Vehicles in Transport	No	Traffic Control Signal	3	1	Pain Reported	NA	41.8253	-71.40882	FALSE	FALSE	Memorial Blvd and College Street, Providence, RI, USA	Med High	Raw	NA	FALSE	41.8253	-71.40882	2011	November
3290	2011-11-05	99925	23:10:00	Bicycle	NA	1	FALSE	FALSE	1	WASHINGTON ST	EMPIRE ST	2011-11-07	Two-Way, Divided, Unprotected (painted>4feet) Medium	Dry	Dark - Lighted	Clear	Angle (Front - to - Side) Opposite Direction	No	Traffic Control Signal	3	1	Non-Incapacitating	NA	41.82182	-71.41645	FALSE	FALSE	Washington Street and Empire Street, Providence, RI, USA	Med	Raw	NA	FALSE	41.82182	-71.41645	2011	November
3288	2011-11-07	99781	11:33:00	Pedestrian	1	NA	FALSE	FALSE	1	ELMWOOD AVE	ELMWOOD AVE	2011-11-07	Two-Way , Not Divided	Dry	Daylight	Clear	Other	Yes	No Controls	2	1	Pain Reported	NA	41.80812	-71.42473	FALSE	FALSE	Elmwood Ave and Elmwood Ave, Providence, RI, USA	Med	Unknown	distance greater than 100m	TRUE	NA	NA	2011	November
3289	2011-11-07	99865	14:50:00	Pedestrian	1	NA	FALSE	FALSE	1	240 REGENT AVE	NA	2011-11-07	One-Way Trafficway	Dry	Daylight	Clear	Head-On (Front - to - Front)	No	No Controls	4	1	Pain Reported	1	41.82935	-71.44315	TRUE	TRUE	240 Regent Ave, Providence, RI, USA	High	Raw	NA	FALSE	41.82935	-71.44315	2011	November
3287	2011-11-08	100293	06:30:00	Pedestrian	1	NA	FALSE	FALSE	1	ATWELLS AVE	LYNCH ST	2011-11-09	Two-Way , Not Divided	Dry	Dawn	Clear	Other	Yes	No Controls	1	1	Incapacitating	NA	41.82524	-71.45222	FALSE	FALSE	Atwells Ave and Lynch Street, Providence, RI, USA	Med High	Raw	NA	FALSE	41.82524	-71.45222	2011	November
3283	2011-11-09	100372	15:02:00	Bicycle	NA	1	FALSE	FALSE	1	LLOYD AVE	TABER AVE	2011-11-09	Two-Way , Not Divided	Dry	Daylight	Clear	Not a Collision Between Two Motor Vehicles in Transport	No	Stop Signs	3	1	Non-Incapacitating	2	41.83385	-71.39245	FALSE	FALSE	Lloyd Ave and Taber Ave, Providence, RI, USA	Med High	Raw	NA	FALSE	41.83385	-71.39245	2011	November
3284	2011-11-09	100379	17:14:00	Pedestrian	1	NA	FALSE	FALSE	1	WESTMINSTER ST EXIT	WESTMINSTER ST	2011-11-09	One-Way Trafficway	Dry	Dark - Not Lighted	Clear	Not a Collision Between Two Motor Vehicles in Transport	No	Traffic Control Signal	2	1	Pain Reported	NA	41.81576	-71.43865	FALSE	FALSE	Westminster Street Exit and Westminster Street, Providence, RI, USA	Med	Raw	distance greater than 100m	TRUE	41.81576	-71.43865	2011	November
3285	2011-11-09	100401	17:09:00	Pedestrian	1	NA	FALSE	FALSE	1	Atwells Ave	Newton St	2011-11-09	Two-Way , Not Divided	Wet	Dark - Lighted	Clear	Head-On (Front - to - Front)	No	No Controls	3	1	Pain Reported	NA	41.82326	-71.42223	FALSE	FALSE	Atwells Ave and Newton Street, Providence, RI, USA	Med High	Raw	NA	FALSE	41.82326	-71.42223	2011	November
3286	2011-11-09	100622	17:55:00	Pedestrian	1	NA	FALSE	FALSE	1	310 CRANSTON ST	HARRISON ST	2011-11-09	Two-Way , Not Divided	Dry	Daylight	Clear	Not a Collision Between Two Motor Vehicles in Transport	Yes	No Controls	2	1	Pain Reported	NA	41.81286	-71.42908	TRUE	FALSE	310 Cranston Street, Providence, RI, USA	High	Raw	NA	FALSE	41.81286	-71.42908	2011	November
3282	2011-11-10	100629	11:15:00	Pedestrian	1	NA	FALSE	FALSE	1	ELMWOOD AVE	Lenox Ave	2011-11-10	Two-Way, Divided, Unprotected (painted>4feet) Medium	Wet	Daylight	Cloudy	Not a Collision Between Two Motor Vehicles in Transport	No	No Controls	3	1	Pain Reported	4	41.80357	-71.42571	FALSE	FALSE	Elmwood Ave and Lenox Ave, Providence, RI, USA	Med High	Geocoded	distance greater than 100m	TRUE	41.7952146	-71.424723	2011	November
3280	2011-11-11	100914	14:57:00	Bicycle	NA	1	FALSE	FALSE	1	HOPE ST	CARRINGTON AVE	2011-11-11	Two-Way , Not Divided	Dry	Daylight	Clear	Angle (Front - to - Side) Right Angle (Includes Broadside)	No	No Controls	5	0	No Injury	NA	41.83617	-71.40138	FALSE	FALSE	Hope Street and Carrington Ave, Providence, RI, USA	Med High	Raw	NA	FALSE	41.83617	-71.40138	2011	November
3281	2011-11-11	100945	19:04:00	Pedestrian	1	NA	FALSE	FALSE	1	HUXLEY AVE	EATON ST	2011-11-11	Two-Way, Divided, Unprotected (painted>4feet) Medium	Dry	Dark - Lighted	Clear	Head-On (Front - to - Front)	No	No Controls	4	1	Pain Reported	NA	41.84322	-71.43327	FALSE	FALSE	Huxley Ave and Eaton Street, Providence, RI, USA	Med High	Raw	distance greater than 100m	TRUE	41.84322	-71.43327	2011	November
3279	2011-11-15	101752	19:17:00	Bicycle	NA	1	FALSE	FALSE	1	DEAN ST	KINSLEY AVE	2011-11-15	Two-Way, Divided, Positive Median Barrier	Dry	Dark - Lighted	Clear	Not a Collision Between Two Motor Vehicles in Transport	Yes	Traffic Control Signal	3	1	Non-Incapacitating	NA	41.82884	-71.42646	FALSE	FALSE	Dean Street and Kinsley Ave, Providence, RI, USA	Med High	Raw	NA	FALSE	41.82884	-71.42646	2011	November
3276	2011-11-18	102454	12:25:00	Pedestrian	1	NA	FALSE	FALSE	1	HARRIS AVE	ATWELLS AVE	2011-11-18	Two-Way , Not Divided	Dry	Daylight	Clear	Head-On (Front - to - Front)	No	Traffic Control Signal	2	1	Pain Reported	NA	41.82446	-71.4355	FALSE	FALSE	Harris Ave and Atwells Ave, Providence, RI, USA	Med High	Raw	NA	FALSE	41.82446	-71.4355	2011	November
3277	2011-11-18	102469	15:39:00	Pedestrian	1	NA	FALSE	FALSE	1	896 CHALKSTONE AVE	NA	2011-11-18	Two-Way , Not Divided	Dry	Daylight	Clear	Angle (Front - to - Side) Right Angle (Includes Broadside)	No	No Controls	4	1	Pain Reported	NA	41.83316	-71.43696	TRUE	TRUE	896 Chalkstone Ave, Providence, RI, USA	High	Raw	NA	FALSE	41.83316	-71.43696	2011	November
3278	2011-11-18	102541	19:30:00	Pedestrian	1	NA	FALSE	FALSE	1	NEWARK ST	VALLEY ST	2011-11-18	Two-Way , Not Divided	Dry	Dark - Lighted	Clear	Head-On (Front - to - Front)	No	No Controls	3	1	Pain Reported	NA	41.82521	-71.43932	FALSE	FALSE	Newark Street and Valley Street, Providence, RI, USA	Med High	Raw	NA	FALSE	41.82521	-71.43932	2011	November
3274	2011-11-21	102984	12:07:00	Pedestrian	1	NA	FALSE	FALSE	1	WICKENDEN ST	TRAVERSE ST	2011-11-21	Two-Way , Not Divided	Dry	Daylight	Clear	Other	No	No Controls	2	1	Pain Reported	NA	41.81938	-71.3993	FALSE	FALSE	Wickenden Street and Traverse Street, Providence, RI, USA	Med High	Raw	NA	FALSE	41.81938	-71.3993	2011	November
3275	2011-11-21	103034	15:17:00	Pedestrian	1	NA	FALSE	FALSE	1	NARRAGANSETT BLVD	WASHINGTON AVE	2011-11-21	Two-Way, Divided, Unprotected (painted>4feet) Medium	Dry	Daylight	Clear	Not a Collision Between Two Motor Vehicles in Transport	No	No Controls	4	1	Pain Reported	NA	41.78811	-71.3957	FALSE	FALSE	Narragansett Blvd and Washington Ave, Providence, RI, USA	Med High	Raw	NA	FALSE	41.78811	-71.3957	2011	November
3273	2011-11-23	103609	16:34:00	Pedestrian	1	NA	FALSE	FALSE	1	CRANSTON ST	DODGE ST	2011-11-23	Two-Way , Not Divided	Dry	Dark - Lighted	Cloudy	Not a Collision Between Two Motor Vehicles in Transport	No	No Controls	3	1	Pain Reported	NA	41.81454	-71.4259	FALSE	FALSE	Cranston Street and Dodge Street, Providence, RI, USA	Med High	Raw	NA	FALSE	41.81454	-71.4259	2011	November
3272	2011-11-28	104102	21:55:00	Pedestrian	1	NA	FALSE	FALSE	1	WASHINGTON ST	DEAN ST	2011-11-28	Two-Way, Divided, Unprotected (painted>4feet) Medium	Dry	Dark - Lighted	Clear	Rear End(Front-to-Rear)	Yes	Traffic Control Signal	2	1	Pain Reported	NA	41.81957	-71.4199	FALSE	FALSE	Washington Street and Dean Street, Providence, RI, USA	Med	Raw	NA	FALSE	41.81957	-71.4199	2011	November
3271	2011-11-29	104381	19:06:00	Pedestrian	1	NA	FALSE	FALSE	1	1025 Chalkstone Avenue	Tiffany Street	2011-11-29	Two-Way , Not Divided	Wet	Dark - Lighted	Cloudy	Head-On (Front - to - Front)	Yes	No Controls	1	1	Pain Reported	NA	41.81901	-71.41835	TRUE	FALSE	1025 Chalkstone Avenue, Providence, RI, USA	High	Geocoded	distance greater than 100m	TRUE	41.8325346	-71.4419493	2011	November
3270	2011-11-30	104366	13:15:00	Bicycle	NA	1	FALSE	FALSE	1	CANAL ST	PARK ROW	2011-11-30	One-Way Trafficway	Dry	Daylight	Clear	Angle (Front - to - Side) Same Direction	No	No Controls	2	1	Pain Reported	NA	41.82881	-71.41081	FALSE	FALSE	Canal Street and Park Row, Providence, RI, USA	Med	Raw	NA	FALSE	41.82881	-71.41081	2011	November
3269	2011-12-01	104466	09:30:00	Bicycle	NA	1	FALSE	FALSE	1	CADY ST	BENEFIT ST	2011-12-01	Two-Way , Not Divided	Dry	Daylight	Clear	Angle (Front - to - Side) Right Angle (Includes Broadside)	No	No Controls	2	1	Non-Incapacitating	NA	41.82986	-71.40868	FALSE	FALSE	Cady Street and Benefit Street, Providence, RI, USA	Med High	Raw	NA	FALSE	41.82986	-71.40868	2011	December
3267	2011-12-06	105274	09:44:00	Pedestrian	1	NA	FALSE	FALSE	1	250 BROOK ST.	POWER ST	2011-12-06	Two-Way, Divided, Unprotected (painted>4feet) Medium	Wet	Daylight	Cloudy	Head-On (Front - to - Front)	No	Stop Signs	3	1	Pain Reported	NA	41.82306	-71.3987	TRUE	FALSE	250 Brook St., Providence, RI, USA	High	Raw	NA	FALSE	41.82306	-71.3987	2011	December
3268	2011-12-06	105459	21:22:00	Pedestrian	1	NA	FALSE	FALSE	1	PLAINFIELD ST	EDNA ST	2011-12-06	Two-Way , Not Divided	Wet	Dark - Lighted	Rain	Not a Collision Between Two Motor Vehicles in Transport	Yes	Traffic Control Signal	2	1	Incapacitating	NA	41.81587	-71.44522	FALSE	FALSE	Plainfield Street and Edna Street, Providence, RI, USA	Med High	Raw	NA	FALSE	41.81587	-71.44522	2011	December
3265	2011-12-07	105642	19:54:00	Pedestrian	1	NA	FALSE	FALSE	1	THAYER ST	MANNING WALK	2011-12-07	One-Way Trafficway	Wet	Dark - Not Lighted	Rain	Not a Collision Between Two Motor Vehicles in Transport	No	No Controls	3	1	Pain Reported	NA	41.82628	-71.40045	FALSE	FALSE	Thayer Street and Manning Walk, Providence, RI, USA	Med High	Raw	NA	FALSE	41.82628	-71.40045	2011	December
3266	2011-12-07	105671	16:37:00	Pedestrian	1	NA	FALSE	FALSE	1	ROCHAMBEAU AVE	HOPE ST	2011-12-07	Two-Way , Not Divided	Wet	Dark - Lighted	Rain	Other	No	Traffic Control Signal	3	1	Pain Reported	NA	41.84691	-71.39617	FALSE	FALSE	Rochambeau Ave and Hope Street, Providence, RI, USA	Med High	Raw	NA	FALSE	41.84691	-71.39617	2011	December
3264	2011-12-09	106269	15:23:00	Pedestrian	1	NA	FALSE	FALSE	1	BROAD ST	CAHIR ST	2011-12-09	Two-Way , Not Divided	Dry	Daylight	Clear	Not a Collision Between Two Motor Vehicles in Transport	No	Traffic Control Signal	2	1	Pain Reported	NA	41.8169	-71.41797	FALSE	FALSE	Broad Street and Cahir Street, Providence, RI, USA	Med	Raw	NA	FALSE	41.8169	-71.41797	2011	December
3263	2011-12-10	106320	20:32:00	Pedestrian	1	NA	FALSE	FALSE	1	SERVICE ROAD 8	BROADWAY	2011-12-11	One-Way Trafficway	Dry	Dark - Lighted	Clear	Angle (Front - to - Side) Right Angle (Includes Broadside)	No	Traffic Control Signal	2	1	Pain Reported	3	41.82212	-71.41976	FALSE	FALSE	Service Road 8 and Broadway, Providence, RI, USA	Med High	Raw	distance greater than 100m	TRUE	41.82212	-71.41976	2011	December
3262	2011-12-12	106493	17:58:00	Pedestrian	1	NA	FALSE	FALSE	1	WEYBOSSET ST	EDDY ST	2011-12-12	One-Way Trafficway	Dry	Dark - Lighted	Clear	Not a Collision Between Two Motor Vehicles in Transport	No	No Controls	3	1	Pain Reported	NA	41.82239	-71.41165	FALSE	FALSE	Weybosset Street and Eddy Street, Providence, RI, USA	Med High	Raw	NA	FALSE	41.82239	-71.41165	2011	December
3260	2011-12-13	106528	06:41:00	Pedestrian	1	NA	FALSE	FALSE	1	PUBLIC ST	EDDY ST	2011-12-13	Two-Way , Not Divided	Dry	Dark - Lighted	Clear	Sideswipe, Same Direction	No	Traffic Control Signal	4	1	Pain Reported	2	41.80731	-71.40725	FALSE	FALSE	Public Street and Eddy Street, Providence, RI, USA	Med High	Raw	NA	FALSE	41.80731	-71.40725	2011	December
3261	2011-12-13	106624	17:08:00	Pedestrian	1	NA	FALSE	FALSE	1	CHARLES ST	CHARLES ST	2011-12-13	Two-Way, Divided, Unprotected (painted>4feet) Medium	Dry	Dark - Lighted	Clear	Other	No	No Controls	2	1	Pain Reported	NA	41.85344	-71.42047	FALSE	FALSE	Charles Street and Charles Street, Providence, RI, USA	Med	Unknown	distance greater than 100m	TRUE	NA	NA	2011	December
3258	2011-12-14	106786	18:09:00	Pedestrian	1	NA	FALSE	FALSE	1	CANTON STREET	LINTON STREET	2011-12-14	Two-Way , Not Divided	Dry	Dark - Lighted	Clear	Angle (Front - to - Side) Right Angle (Includes Broadside)	Yes	No Controls	3	1	Pain Reported	2	41.82998	-71.41313	FALSE	FALSE	Canton Street and Linton Street, Providence, RI, USA	Med High	Geocoded	distance greater than 100m	TRUE	41.8316079	-71.442375	2011	December
3259	2011-12-14	107955	16:42:00	Pedestrian	1	NA	FALSE	FALSE	1	BROAD ST	SERVICE ROAD 7	2011-12-20	Two-Way , Not Divided	Dry	Dark - Lighted	Clear	Not a Collision Between Two Motor Vehicles in Transport	No	Traffic Control Signal	2	1	Pain Reported	NA	41.81736	-71.41696	FALSE	FALSE	Broad Street and Service Road 7, Providence, RI, USA	Med	Raw	NA	FALSE	41.81736	-71.41696	2011	December
3257	2011-12-15	107031	22:23:00	Pedestrian	1	NA	FALSE	FALSE	1	EXIT 21 (RT )	ATWELLS AVE	2011-12-15	One-Way Trafficway	Wet	Dark - Not Lighted	Rain	Not a Collision Between Two Motor Vehicles in Transport	No	Traffic Control Signal	4	1	Pain Reported	NA	41.82327	-71.42051	FALSE	FALSE	Exit 21 (Rt ) and Atwells Ave, Providence, RI, USA	Med	Raw	distance greater than 100m	TRUE	41.82327	-71.42051	2011	December
3256	2011-12-17	107475	17:00:00	Pedestrian	1	NA	FALSE	FALSE	1	N MAIN ST	RANDALL ST	2011-12-17	Unknown	Dry	Dark - Lighted	Clear	Other	No	No Controls	2	1	Pain Reported	NA	41.83787	-71.40933	FALSE	FALSE	N Main Street and Randall Street, Providence, RI, USA	Med	Raw	NA	FALSE	41.83787	-71.40933	2011	December
3255	2011-12-21	108193	17:55:00	Pedestrian	1	NA	FALSE	FALSE	1	POWER ST	IVES ST	2011-12-21	Two-Way , Not Divided	Wet	Dark - Lighted	Rain	Other	No	Stop Signs	2	1	Pain Reported	2	41.82368	-71.39231	FALSE	FALSE	Power Street and Ives Street, Providence, RI, USA	Med High	Raw	NA	FALSE	41.82368	-71.39231	2011	December
3254	2011-12-27	109884	18:04:00	Pedestrian	1	NA	FALSE	FALSE	1	WEYBOSSET ST	BROAD ST	2012-01-03	One-Way Trafficway	Wet	Dark - Lighted	Rain	Angle (Front - to - Side) Right Angle (Includes Broadside)	No	Flashing Traffic Control Signal	2	1	Pain Reported	2	41.82005	-71.41431	FALSE	FALSE	Weybosset Street and Broad Street, Providence, RI, USA	Med High	Raw	NA	FALSE	41.82005	-71.41431	2011	December
3253	2011-12-29	109107	17:37:00	Pedestrian	1	NA	FALSE	FALSE	1	HOPE ST	CHACE AVE	2011-12-29	Two-Way , Not Divided	Dry	Dark - Lighted	Clear	Not a Collision Between Two Motor Vehicles in Transport	No	No Controls	3	1	Non-Incapacitating	NA	41.85605	-71.39154	FALSE	FALSE	Hope Street and Chace Ave, Providence, RI, USA	Med High	Raw	NA	FALSE	41.85605	-71.39154	2011	December
3252	2012-01-01	109470	03:52:00	Pedestrian	1	NA	FALSE	FALSE	1	PAVILION AVE	EDDY ST	2012-01-01	Two-Way , Not Divided	Wet	Dark - Not Lighted	Clear	Not a Collision Between Two Motor Vehicles in Transport	Yes	No Controls	1	1	Pain Reported	NA	41.79749	-71.40558	FALSE	FALSE	Pavilion Ave and Eddy Street, Providence, RI, USA	Med High	Raw	NA	FALSE	41.79749	-71.40558	2012	January
3251	2012-01-04	110204	15:40:00	Bicycle	NA	1	FALSE	FALSE	1	POTTERS AVE	SEABURY ST	2012-01-05	Two-Way , Not Divided	Dry	Daylight	Clear	Not a Collision Between Two Motor Vehicles in Transport	No	No Controls	2	1	Pain Reported	NA	41.80318	-71.43255	FALSE	FALSE	Potters Ave and Seabury Street, Providence, RI, USA	Med High	Raw	NA	FALSE	41.80318	-71.43255	2012	January
3250	2012-01-06	110481	22:54:00	Pedestrian	1	NA	FALSE	FALSE	1	200 UNION AVE	WHITEHALL ST	2012-01-07	Two-Way , Not Divided	Dry	Dark - Lighted	Clear	Not a Collision Between Two Motor Vehicles in Transport	No	No Controls	3	1	Non-Incapacitating	NA	41.80778	-71.4439	TRUE	FALSE	200 Union Ave, Providence, RI, USA	High	Raw	NA	FALSE	41.80778	-71.4439	2012	January