row_number	crash_date	crash_report_id	crash_time	collision_type	count_pedestrian	count_bicycle	scooter	wheel_chair	number_of_vehicles	street_or_highway	nearest_intersection	report_date	type_of_roadway	road_surface_condition	light_condition	weather_condition	manner_of_impact	hit_and_run	traffic_control	person_count	injury_count	most_serious_injury	number_of_lanes	lat_raw	lon_raw	has_st_number	is_intersection_null	address_sent_to_geocoder	api_coord_conf	best_coordinate_set	reason_for_qa	manually_qaed_record	final_lat	final_lon	year	month
3183	2012-04-06	124593	12:51:00	Pedestrian	1	NA	FALSE	FALSE	1	GALLUP ST	PRAIRIE AVE	2012-04-06	Two-Way , Not Divided	Dry	Daylight	Clear	Head-On (Front - to - Front)	Yes	No Controls	1	1	Pain Reported	NA	41.80013	-71.41189	FALSE	FALSE	Gallup Street and Prairie Ave, Providence, RI, USA	Med High	Raw	NA	FALSE	41.80013	-71.41189	2012	April
3184	2012-04-06	124830	22:09:00	Pedestrian	1	NA	FALSE	FALSE	1	BRIDGHAM ST	DIVISION ST	2012-04-07	Two-Way , Not Divided	Dry	Dark - Lighted	Clear	Not a Collision Between Two Motor Vehicles in Transport	No	No Controls	2	1	Incapacitating	NA	41.81529	-71.42761	FALSE	FALSE	Bridgham Street and Division Street, Providence, RI, USA	Med High	Raw	NA	FALSE	41.81529	-71.42761	2012	April
3181	2012-04-10	125139	20:16:00	Pedestrian	1	NA	FALSE	FALSE	1	DOYLE AVE	CAMP ST	2012-04-10	Two-Way , Not Divided	Dry	Dark - Lighted	Clear	Not a Collision Between Two Motor Vehicles in Transport	No	No Controls	3	1	Pain Reported	NA	41.83879	-71.40369	FALSE	FALSE	Doyle Ave and Camp Street, Providence, RI, USA	Med High	Raw	NA	FALSE	41.83879	-71.40369	2012	April
3182	2012-04-10	125235	16:14:00	Pedestrian	1	NA	FALSE	FALSE	1	UNION ST	FULTON ST	2012-04-11	One-Way Trafficway	Dry	Daylight	Clear	Other	No	No Controls	3	0	No Injury	NA	41.82299	-71.41321	FALSE	FALSE	Union Street and Fulton Street, Providence, RI, USA	Med	Raw	NA	FALSE	41.82299	-71.41321	2012	April
3180	2012-04-11	125203	10:59:00	Pedestrian	1	NA	FALSE	FALSE	1	KENNEDY PLZ   C STOP	ARCADE ST	2012-04-11	One-Way Trafficway	Dry	Daylight	Clear	Other	No	No Controls	5	1	Incapacitating	1	41.82463	-71.4117	FALSE	FALSE	Kennedy Plz   C Stop and Arcade Street, Providence, RI, USA	Med	Raw	NA	FALSE	41.82463	-71.4117	2012	April
3178	2012-04-12	125350	13:40:00	Bicycle	NA	1	FALSE	FALSE	1	ELMWOOD AVE	ARCH ST	2012-04-12	One-Way Trafficway	Wet	Daylight	Cloudy	Not a Collision Between Two Motor Vehicles in Transport	No	No Controls	2	0	No Injury	NA	41.81207	-71.42257	FALSE	FALSE	Elmwood Ave and Arch Street, Providence, RI, USA	Med High	Raw	NA	FALSE	41.81207	-71.42257	2012	April
3179	2012-04-12	125427	19:36:00	Bicycle	NA	1	FALSE	FALSE	1	HOPE ST	NORTH AVE	2012-04-12	Two-Way, Divided, Unprotected (painted>4feet) Medium	Dry	Dusk	Clear	Angle (Front - to - Side) Right Angle (Includes Broadside)	No	No Controls	5	1	Pain Reported	NA	41.85325	-71.39295	FALSE	FALSE	Hope Street and North Ave, Providence, RI, USA	Med High	Raw	NA	FALSE	41.85325	-71.39295	2012	April
3177	2012-04-13	126091	14:42:00	Pedestrian	1	NA	FALSE	FALSE	1	DOUGLAS AVE	CHALKSTONE AVE	2012-04-17	Two-Way , Not Divided	Dry	Daylight	Clear	Other	Yes	No Controls	1	1	Pain Reported	NA	41.83637	-71.42039	FALSE	FALSE	Douglas Ave and Chalkstone Ave, Providence, RI, USA	Med High	Raw	NA	FALSE	41.83637	-71.42039	2012	April
3176	2012-04-17	126054	08:33:00	Bicycle	NA	1	FALSE	FALSE	2	CHAFFEE STREET	MANTON AVE	2012-04-17	Two-Way , Not Divided	Dry	Daylight	Clear	Head-On (Front - to - Front)	No	Stop Signs	3	2	Pain Reported	1	41.81874	-71.44566	FALSE	FALSE	Chaffee Street and Manton Ave, Providence, RI, USA	Med High	Raw	NA	FALSE	41.81874	-71.44566	2012	April
3175	2012-04-20	126546	13:05:00	Pedestrian	1	NA	FALSE	FALSE	1	WATERMAN ST	THAYER ST	2012-04-21	One-Way Trafficway	Dry	Daylight	Clear	Not a Collision Between Two Motor Vehicles in Transport	No	Traffic Control Signal	2	0	No Injury	NA	41.82728	-71.40054	FALSE	FALSE	Waterman Street and Thayer Street, Providence, RI, USA	Med High	Raw	NA	FALSE	41.82728	-71.40054	2012	April
3172	2012-04-23	126761	08:29:00	Pedestrian	1	NA	FALSE	FALSE	1	284 THAYER ST.	CUSHING ST	2012-04-23	One-Way Trafficway	Wet	Daylight	Rain	Not a Collision Between Two Motor Vehicles in Transport	Yes	No Controls	1	1	Pain Reported	NA	41.82961	-71.40085	TRUE	FALSE	284 Thayer St., Providence, RI, USA	High	Raw	NA	FALSE	41.82961	-71.40085	2012	April
3173	2012-04-23	126765	09:03:00	Pedestrian	1	NA	FALSE	FALSE	1	WILLARD AVE	PLAIN ST	2012-04-23	Two-Way , Not Divided	Wet	Daylight	Rain	Other	No	Stop Signs	3	1	Pain Reported	NA	41.80891	-71.41075	FALSE	FALSE	Willard Ave and Plain Street, Providence, RI, USA	Med High	Raw	NA	FALSE	41.80891	-71.41075	2012	April
3174	2012-04-23	126866	19:36:00	Pedestrian	1	NA	FALSE	FALSE	1	CHARLES ST	CHARLES ST	2012-04-23	Two-Way , Not Divided	Wet	Daylight	Rain	Not a Collision Between Two Motor Vehicles in Transport	Yes	No Controls	1	1	Pain Reported	NA	41.84679	-71.41934	FALSE	FALSE	Charles Street and Charles Street, Providence, RI, USA	Med	Raw	NA	FALSE	41.84679	-71.41934	2012	April
3171	2012-04-26	127117	07:04:00	Pedestrian	1	NA	FALSE	FALSE	1	EATON ST	SHARON ST	2012-04-26	Two-Way , Not Divided	Dry	Daylight	Clear	Not a Collision Between Two Motor Vehicles in Transport	No	No Controls	3	1	Pain Reported	2	41.84334	-71.44244	FALSE	FALSE	Eaton Street and Sharon Street, Providence, RI, USA	Med High	Raw	NA	FALSE	41.84334	-71.44244	2012	April
3170	2012-04-29	127429	02:16:00	Pedestrian	1	NA	FALSE	FALSE	1	VIOLET ST	ORMS ST	2012-04-29	Two-Way , Not Divided	Dry	Dark - Lighted	Clear	Not a Collision Between Two Motor Vehicles in Transport	Yes	No Controls	2	1	Pain Reported	NA	41.83397	-71.42645	FALSE	FALSE	Violet Street and Orms Street, Providence, RI, USA	Med High	Raw	NA	FALSE	41.83397	-71.42645	2012	April
3169	2012-04-30	127556	10:35:00	Pedestrian	1	NA	FALSE	FALSE	1	WASHINGTON ST	UNION ST	2012-04-30	Two-Way , Not Divided	Dry	Daylight	Clear	Other	No	No Controls	2	1	Pain Reported	NA	41.82373	-71.41381	FALSE	FALSE	Washington Street and Union Street, Providence, RI, USA	Med	Raw	NA	FALSE	41.82373	-71.41381	2012	April
3168	2012-05-02	127924	15:55:00	Pedestrian	1	NA	FALSE	FALSE	1	CRANSTON ST	ALTHEA ST	2012-05-02	Two-Way , Not Divided	Dry	Daylight	Cloudy	Not a Collision Between Two Motor Vehicles in Transport	No	No Controls	3	1	Pain Reported	NA	41.80775	-71.435059999999993	FALSE	FALSE	Cranston Street and Althea Street, Providence, RI, USA	Med High	Raw	NA	FALSE	41.80775	-71.435059999999993	2012	May
3167	2012-05-06	128481	23:03:00	Bicycle	NA	1	FALSE	FALSE	1	UNION AVE	WEBSTER AVE	2012-05-06	Two-Way , Not Divided	Dry	Dark - Lighted	Clear	Not a Collision Between Two Motor Vehicles in Transport	Yes	No Controls	1	1	Pain Reported	NA	41.80665	-71.44823	FALSE	FALSE	Union Ave and Webster Ave, Providence, RI, USA	Med	Raw	NA	FALSE	41.80665	-71.44823	2012	May
3166	2012-05-07	128552	09:40:00	Pedestrian	1	NA	FALSE	FALSE	1	WESTMINSTER ST	BRIDGHAM ST	2012-05-07	Unknown	Dry	Daylight	Clear	Not a Collision Between Two Motor Vehicles in Transport	No	No Controls	2	1	Pain Reported	NA	41.81692	-71.42837	FALSE	FALSE	Westminster Street and Bridgham Street, Providence, RI, USA	Med High	Raw	NA	FALSE	41.81692	-71.42837	2012	May
3165	2012-05-10	129207	15:34:00	Bicycle	NA	1	FALSE	FALSE	1	WASHINGTON ST	SNOW ST	2012-05-10	Two-Way , Not Divided	Dry	Daylight	Clear	Angle (Front - to - Side) Same Direction	No	No Controls	2	1	Pain Reported	2	41.82252	-71.4155	FALSE	FALSE	Washington Street and Snow Street, Providence, RI, USA	Med High	Raw	NA	FALSE	41.82252	-71.4155	2012	May
3162	2012-05-13	129499	18:04:00	Pedestrian	1	NA	FALSE	FALSE	1	CHALKSTONE AVE	VICTORIA ST	2012-05-13	Two-Way , Not Divided	Dry	Daylight	Clear	Unknown	Yes	No Controls	1	1	Pain Reported	NA	41.83227	-71.45424	FALSE	FALSE	Chalkstone Ave and Victoria Street, Providence, RI, USA	Med High	Raw	NA	FALSE	41.83227	-71.45424	2012	May
3163	2012-05-13	129565	22:42:00	Bicycle	NA	1	FALSE	FALSE	1	ORMS ST	SMITH ST	2012-05-13	Two-Way , Not Divided	Dry	Dark - Lighted	Clear	Not a Collision Between Two Motor Vehicles in Transport	No	Traffic Control Signal	4	1	Non-Incapacitating	NA	41.83377	-71.42198	FALSE	FALSE	Orms Street and Smith Street, Providence, RI, USA	Med High	Raw	NA	FALSE	41.83377	-71.42198	2012	May
3164	2012-05-13	129722	23:24:00	Bicycle	NA	1	FALSE	FALSE	1	JOHNSON ST	EDDY ST	2012-05-15	Two-Way , Not Divided	Dry	Dark - Lighted	Clear	Not a Collision Between Two Motor Vehicles in Transport	Yes	No Controls	1	0	Unknown	2	41.79337	-71.404	FALSE	FALSE	Johnson Street and Eddy Street, Providence, RI, USA	Med High	Raw	NA	FALSE	41.79337	-71.404	2012	May
3161	2012-05-16	129985	21:09:00	Pedestrian	1	NA	FALSE	FALSE	1	CHALKSTONE AVE	CAMDEN AVE	2012-05-16	Two-Way , Not Divided	Dry	Dark - Lighted	Clear	Unknown	No	No Controls	3	1	Pain Reported	NA	41.83531	-71.42529	FALSE	FALSE	Chalkstone Ave and Camden Ave, Providence, RI, USA	Med High	Raw	NA	FALSE	41.83531	-71.42529	2012	May
3160	2012-05-17	130105	18:24:00	Pedestrian	1	NA	FALSE	FALSE	1	UNIT ST	MAYNARD ST	2012-05-17	Two-Way , Not Divided	Dry	Daylight	Clear	Not a Collision Between Two Motor Vehicles in Transport	No	No Controls	3	1	Pain Reported	NA	41.82817	-71.45461	FALSE	FALSE	Unit Street and Maynard Street, Providence, RI, USA	Med High	Raw	NA	FALSE	41.82817	-71.45461	2012	May
3159	2012-05-20	130439	02:18:00	Pedestrian	1	NA	FALSE	FALSE	1	HAYWARD ST	PEARL ST	2012-05-20	Two-Way , Not Divided	Dry	Dark - Lighted	Clear	Not a Collision Between Two Motor Vehicles in Transport	Yes	No Controls	1	1	Pain Reported	NA	41.8142	-71.41992	FALSE	FALSE	Hayward Street and Pearl Street, Providence, RI, USA	Med High	Raw	NA	FALSE	41.8142	-71.41992	2012	May
3158	2012-05-21	130601	11:14:00	Pedestrian	1	NA	FALSE	FALSE	1	MESSER ST	490 CRANSTON ST	2012-05-21	Two-Way , Not Divided	Dry	Daylight	Cloudy	Not a Collision Between Two Motor Vehicles in Transport	No	Stop Signs	2	1	Pain Reported	NA	41.80965	-71.43343	FALSE	FALSE	Messer Street and 490 Cranston Street, Providence, RI, USA	Med High	Raw	NA	FALSE	41.80965	-71.43343	2012	May
3157	2012-05-22	130837	10:56:00	Pedestrian	1	NA	FALSE	FALSE	1	321 SOUTH MAIN ST.	S MAIN ST	2012-05-22	One-Way Trafficway	Wet	Daylight	Rain	Sideswipe, Same Direction	No	No Controls	2	1	Pain Reported	NA	41.82168	-71.40446	TRUE	FALSE	321 South Main St., Providence, RI, USA	High	Raw	NA	FALSE	41.82168	-71.40446	2012	May
3155	2012-05-26	131538	01:56:00	Pedestrian	1	NA	FALSE	FALSE	1	UNION AVE	CUMERFORD ST	2012-05-26	Two-Way , Not Divided	Dry	Dark - Lighted	Clear	Not a Collision Between Two Motor Vehicles in Transport	Yes	No Controls	1	1	Pain Reported	NA	41.808	-71.44303	FALSE	FALSE	Union Ave and Cumerford Street, Providence, RI, USA	Med High	Raw	NA	FALSE	41.808	-71.44303	2012	May
3156	2012-05-26	132047	22:24:00	Pedestrian	1	NA	FALSE	FALSE	1	FRANCIS ST	AMERICAN EXPRESS PLZ	2012-05-27	Two-Way, Divided, Unprotected (painted>4feet) Medium	Dry	Dark - Lighted	Clear	Not a Collision Between Two Motor Vehicles in Transport	No	No Controls	3	1	Pain Reported	NA	41.82798	-71.41533	FALSE	FALSE	Francis Street and American Express Plz, Providence, RI, USA	Med	Raw	distance greater than 100m	TRUE	41.82798	-71.41533	2012	May
3154	2012-05-28	131981	08:56:00	Bicycle	NA	1	FALSE	FALSE	1	387 CHARLES ST	SILVER SPRING ST	2012-05-29	Two-Way , Not Divided	Dry	Daylight	Clear	Angle (Front - to - Side) Right Angle (Includes Broadside)	No	Traffic Control Signal	3	1	Pain Reported	2	41.8437	-71.41835	TRUE	FALSE	387 Charles Street, Providence, RI, USA	High	Raw	NA	FALSE	41.8437	-71.41835	2012	May
3153	2012-05-29	132068	14:50:00	Pedestrian	1	NA	FALSE	FALSE	1	PRAIRIE AVE	THURBERS AVE	2012-05-29	Two-Way , Not Divided	Dry	Daylight	Clear	Head-On (Front - to - Front)	Yes	No Controls	2	1	Pain Reported	NA	41.79869	-71.41189	FALSE	FALSE	Prairie Ave and Thurbers Ave, Providence, RI, USA	Med High	Raw	NA	FALSE	41.79869	-71.41189	2012	May
3152	2012-05-30	132358	10:05:00	Bicycle	NA	1	FALSE	FALSE	1	BROADWAY	DEAN ST	2012-05-31	Two-Way , Not Divided	Dry	Daylight	Cloudy	Angle (Front - to - Side) Right Angle (Includes Broadside)	No	Traffic Control Signal	3	1	Pain Reported	NA	41.8214	-71.42253	FALSE	FALSE	Broadway and Dean Street, Providence, RI, USA	Med	Raw	NA	FALSE	41.8214	-71.42253	2012	May
3150	2012-05-31	132461	15:01:00	Bicycle	NA	1	FALSE	FALSE	1	John Street	Governor Street	2012-05-31	Two-Way , Not Divided	Dry	Daylight	Clear	Not a Collision Between Two Motor Vehicles in Transport	No	No Controls	2	1	Incapacitating	2	41.82253	-71.39402	FALSE	FALSE	John Street and Governor Street, Providence, RI, USA	Med	Raw	NA	FALSE	41.82253	-71.39402	2012	May
3151	2012-05-31	132497	18:49:00	Pedestrian	1	NA	FALSE	FALSE	1	VIOLET ST	CHALKSTONE AVE	2012-05-31	Two-Way , Not Divided	Dry	Daylight	Clear	Not a Collision Between Two Motor Vehicles in Transport	No	No Controls	3	0	No Injury	NA	41.83464	-71.42661	FALSE	FALSE	Violet Street and Chalkstone Ave, Providence, RI, USA	Med High	Raw	NA	FALSE	41.83464	-71.42661	2012	May
3149	2012-06-01	132553	18:30:00	Bicycle	NA	1	FALSE	FALSE	1	LEAH ST	FAIRMOUNT AVE	2012-06-01	Two-Way , Not Divided	Dry	Daylight	Clear	Head-On (Front - to - Front)	No	No Controls	2	1	Incapacitating	NA	41.82591	-71.45146	FALSE	FALSE	Leah Street and Fairmount Ave, Providence, RI, USA	Med High	Raw	NA	FALSE	41.82591	-71.45146	2012	June
3145	2012-06-03	132814	03:02:00	Pedestrian	1	NA	FALSE	FALSE	1	SERVICE ROAD 7	BROAD ST.	2012-06-03	One-Way Trafficway	Dry	Dark - Lighted	Clear	Not a Collision Between Two Motor Vehicles in Transport	No	Traffic Control Signal	5	1	Incapacitating	2	41.81736	-71.41696	FALSE	FALSE	Service Road 7 and Broad St., Providence, RI, USA	Med High	Raw	NA	FALSE	41.81736	-71.41696	2012	June
3146	2012-06-03	132866	17:20:00	Bicycle	NA	1	FALSE	FALSE	1	Manton Ave	Riverdale St	2012-06-03	Two-Way , Not Divided	Dry	Daylight	Clear	Not a Collision Between Two Motor Vehicles in Transport	No	No Controls	7	1	Incapacitating	2	41.82628	-71.45977	FALSE	FALSE	Manton Ave and Riverdale Street, Providence, RI, USA	Med High	Raw	NA	FALSE	41.82628	-71.45977	2012	June
3147	2012-06-03	132868	18:41:00	Pedestrian	1	NA	FALSE	FALSE	1	PLAINFIELD ST	DUXBURY ST	2012-06-03	Two-Way, Divided, Positive Median Barrier	Dry	Daylight	Clear	Other	No	No Controls	2	1	Pain Reported	NA	41.81216	-71.46155	FALSE	FALSE	Plainfield Street and Duxbury Street, Providence, RI, USA	Med High	Raw	NA	FALSE	41.81216	-71.46155	2012	June
3148	2012-06-03	132877	16:31:00	Pedestrian	1	NA	FALSE	FALSE	1	SORRENTO ST	LINWOOD AVENUE	2012-06-03	Two-Way , Not Divided	Dry	Daylight	Clear	Not a Collision Between Two Motor Vehicles in Transport	No	No Controls	4	1	Pain Reported	2	41.80829	-71.437	FALSE	FALSE	Sorrento Street and Linwood Avenue, Providence, RI, USA	Med High	Raw	NA	FALSE	41.80829	-71.437	2012	June
3143	2012-06-05	133026	17:41:00	Pedestrian	1	NA	FALSE	FALSE	1	711 Broad Street	BROAD ST	2012-06-05	Unknown	Dry	Daylight	Cloudy	Unknown	No	No Controls	4	1	Pain Reported	NA	41.80483	-71.4195	TRUE	FALSE	711 Broad Street, Providence, RI, USA	High	Raw	NA	FALSE	41.80483	-71.4195	2012	June
3144	2012-06-05	133049	16:42:00	Pedestrian	1	NA	FALSE	FALSE	1	DOUGLAS AVE	DOUGLAS AVE	2012-06-05	Two-Way , Not Divided	Dry	Daylight	Clear	Unknown	No	No Controls	2	0	No Injury	NA	41.84663	-71.42969	FALSE	FALSE	Douglas Ave and Douglas Ave, Providence, RI, USA	Med High	Unknown	distance greater than 100m	TRUE	NA	NA	2012	June
3142	2012-06-06	133931	12:23:00	Pedestrian	1	NA	FALSE	FALSE	1	PUTNAM ST	AMHERST ST	2012-06-06	Two-Way , Not Divided	Dry	Daylight	Cloudy	Angle (Front - to - Side) Right Angle (Includes Broadside)	No	Stop Signs	3	1	Pain Reported	NA	41.82338	-71.44394	FALSE	FALSE	Putnam Street and Amherst Street, Providence, RI, USA	Med High	Raw	NA	FALSE	41.82338	-71.44394	2012	June
3141	2012-06-09	133748	23:23:00	Pedestrian	1	NA	FALSE	FALSE	1	SASSAFRAS ST	SAVINGS ST	2012-06-11	Two-Way , Not Divided	Dry	Dark - Unknown Lighting	Clear	Not a Collision Between Two Motor Vehicles in Transport	No	No Controls	3	1	Pain Reported	NA	41.7939	-71.41379	FALSE	FALSE	Sassafras Street and Savings Street, Providence, RI, USA	Med High	Raw	NA	FALSE	41.7939	-71.41379	2012	June
3140	2012-06-10	133549	08:16:00	Bicycle	NA	1	FALSE	FALSE	1	LESTER ST	GILMORE ST	2012-06-10	Two-Way , Not Divided	Dry	Daylight	Clear	Angle (Front - to - Side) Right Angle (Includes Broadside)	No	Stop Signs	3	0	No Injury	NA	41.81312	-71.42722	FALSE	FALSE	Lester Street and Gilmore Street, Providence, RI, USA	Med High	Raw	NA	FALSE	41.81312	-71.42722	2012	June
3138	2012-06-11	133806	15:02:00	Bicycle	NA	1	FALSE	FALSE	1	ELMWOOD AVE	WHITMARSH ST	2012-06-11	Two-Way , Not Divided	Dry	Daylight	Cloudy	Not a Collision Between Two Motor Vehicles in Transport	No	No Controls	2	1	Pain Reported	NA	41.80604	-71.42504	FALSE	FALSE	Elmwood Ave and Whitmarsh Street, Providence, RI, USA	Med High	Raw	NA	FALSE	41.80604	-71.42504	2012	June
3139	2012-06-11	133820	15:26:00	Pedestrian	1	NA	FALSE	FALSE	1	NEWARK ST	VALLEY ST	2012-06-11	Two-Way , Not Divided	Dry	Daylight	Clear	Head-On (Front - to - Front)	No	Stop Signs	3	1	Pain Reported	NA	41.82521	-71.43931	FALSE	FALSE	Newark Street and Valley Street, Providence, RI, USA	Med High	Raw	NA	FALSE	41.82521	-71.43931	2012	June
3137	2012-06-13	134209	16:11:00	Pedestrian	1	NA	FALSE	FALSE	1	Chalkstone Avenue	Fallon Street	2012-06-13	Two-Way , Not Divided	Wet	Daylight	Rain	Angle (Front - to - Side) Right Angle (Includes Broadside)	No	No Controls	3	1	Pain Reported	2	41.81512	-71.43972	FALSE	FALSE	Chalkstone Avenue and Fallon Street, Providence, RI, USA	Med High	Geocoded	distance greater than 100m	TRUE	41.832336	-71.443344	2012	June
3136	2012-06-14	134257	14:24:00	Pedestrian	1	NA	FALSE	FALSE	1	KENNEDY PLZ	DORRANCE ST	2012-06-14	One-Way Trafficway	Dry	Daylight	Clear	Not a Collision Between Two Motor Vehicles in Transport	No	No Controls	4	1	Pain Reported	NA	41.82437	-71.41206	FALSE	FALSE	Kennedy Plz and Dorrance Street, Providence, RI, USA	Med High	Raw	NA	FALSE	41.82437	-71.41206	2012	June
3135	2012-06-16	134686	21:24:00	Pedestrian	1	NA	FALSE	FALSE	1	DORRANCE STREET	PINE ST	2012-06-17	Unknown	Dry	Daylight	Clear	Not a Collision Between Two Motor Vehicles in Transport	No	No Controls	8	1	Pain Reported	NA	41.82252	-71.41028	FALSE	FALSE	Dorrance Street and Pine Street, Providence, RI, USA	Med High	Raw	NA	FALSE	41.82252	-71.41028	2012	June
3133	2012-06-17	134482	00:50:00	Bicycle	NA	1	FALSE	FALSE	1	POTTERS AVE	HAMILTON ST	2012-06-17	Two-Way , Not Divided	Dry	Dark - Lighted	Clear	Not a Collision Between Two Motor Vehicles in Transport	Yes	No Controls	3	1	Pain Reported	NA	41.80188	-71.42265	FALSE	FALSE	Potters Ave and Hamilton Street, Providence, RI, USA	Med High	Raw	NA	FALSE	41.80188	-71.42265	2012	June
3134	2012-06-17	134523	11:00:00	Bicycle	NA	1	FALSE	FALSE	1	ELMWOOD AVE	WEST FRIENDSHIP STREET	2012-06-17	Two-Way , Not Divided	Dry	Daylight	Clear	Angle (Front - to - Side) Right Angle (Includes Broadside)	No	Traffic Control Signal	4	1	Pain Reported	NA	41.80983	-71.42409	FALSE	FALSE	Elmwood Ave and West Friendship Street, Providence, RI, USA	Med High	Raw	NA	FALSE	41.80983	-71.42409	2012	June
3131	2012-06-18	134787	20:00:00	Bicycle	NA	1	FALSE	FALSE	1	Westminster St	Library Ct	2012-06-18	Two-Way, Divided, Unprotected (painted>4feet) Medium	Dry	Daylight	Clear	Angle (Front - to - Side) Right Angle (Includes Broadside)	No	Traffic Control Signal	3	1	Pain Reported	NA	41.81675	-71.44355	FALSE	FALSE	Westminster Street and Library Ct, Providence, RI, USA	Med High	Raw	NA	FALSE	41.81675	-71.44355	2012	June
3132	2012-06-18	134819	19:54:00	Pedestrian	1	NA	FALSE	FALSE	1	F C GREENE MEMORIAL BLVD	F C GREENE MEMORIAL BLVD	2012-06-18	Two-Way , Not Divided	Dry	Daylight	Clear	Not a Collision Between Two Motor Vehicles in Transport	No	No Controls	4	1	Pain Reported	NA	41.77944	-71.41418	FALSE	FALSE	F C Greene Memorial Blvd and F C Greene Memorial Blvd, Providence, RI, USA	Med High	Raw	distance greater than 100m	TRUE	41.77944	-71.41418	2012	June
3130	2012-06-19	134928	11:22:00	Pedestrian	1	NA	FALSE	FALSE	1	WESTERLY AVE	POCASSET AVE	2012-06-19	Two-Way , Not Divided	Dry	Daylight	Clear	Other	Yes	No Controls	1	1	Pain Reported	NA	41.80883	-71.45525	FALSE	FALSE	Westerly Ave and Pocasset Ave, Providence, RI, USA	Med High	Raw	NA	FALSE	41.80883	-71.45525	2012	June
3128	2012-06-20	135039	11:18:00	Bicycle	NA	1	FALSE	FALSE	1	HUNTINGTON AVENUE	PLYMOUTH AVENUE	2012-06-20	Two-Way , Not Divided	Dry	Daylight	Clear	Angle (Front - to - Side) Right Angle (Includes Broadside)	No	Stop Signs	3	1	Pain Reported	4	41.83763	-71.43363	FALSE	FALSE	Huntington Avenue and Plymouth Avenue, Providence, RI, USA	Med High	Geocoded	distance greater than 100m	TRUE	41.801147	-71.432198	2012	June
3129	2012-06-20	135784	10:14:00	Bicycle	NA	1	FALSE	FALSE	1	1229 WESTMINSTER ST	HAMMOND ST	2012-06-26	Two-Way , Not Divided	Dry	Daylight	Clear	Angle (Front - to - Side) Right Angle (Includes Broadside)	No	No Controls	2	1	Pain Reported	2	41.81683	-71.42915	TRUE	FALSE	1229 Westminster Street, Providence, RI, USA	High	Raw	NA	FALSE	41.81683	-71.42915	2012	June
3126	2012-06-23	135423	11:25:00	Bicycle	NA	1	FALSE	FALSE	1	ATWELLS AVE	CUTLER ST	2012-06-23	Two-Way , Not Divided	Dry	Daylight	Clear	Angle (Front - to - Side) Same Direction	No	No Controls	3	1	Pain Reported	NA	41.82468	-71.44157	FALSE	FALSE	Atwells Ave and Cutler Street, Providence, RI, USA	Med High	Raw	NA	FALSE	41.82468	-71.44157	2012	June
3127	2012-06-23	135438	19:08:00	Bicycle	NA	1	FALSE	FALSE	1	Morning Star Row	PINE ST	2012-06-23	Unknown	Dry	Daylight	Clear	Angle (Front - to - Side) Right Angle (Includes Broadside)	No	No Controls	7	1	Pain Reported	NA	41.81157	-71.42005	FALSE	FALSE	Morning Star Row and Pine Street, Providence, RI, USA	Med	Raw	NA	FALSE	41.81157	-71.42005	2012	June
3123	2012-06-24	135526	10:47:00	Pedestrian	2	NA	FALSE	TRUE	1	PLAINFIELD ST	744 PLAINFIELD ST - INDOORS	2012-06-24	Unknown	Dry	Daylight	Clear	Rear End(Front-to-Rear)	No	No Controls	3	1	Pain Reported	NA	41.81043	-71.4623	FALSE	FALSE	Plainfield Street and 744 Plainfield St - Indoors, Providence, RI, USA	Med High	Raw	NA	FALSE	41.81043	-71.4623	2012	June
3124	2012-06-24	135562	19:10:00	Bicycle	NA	1	FALSE	FALSE	1	PROMENADE ST	DEAN ST	2012-06-24	One-Way Trafficway	Dry	Daylight	Clear	Not a Collision Between Two Motor Vehicles in Transport	No	Yield Signs	7	0	No Injury	NA	41.82941	-71.42624	FALSE	FALSE	Promenade Street and Dean Street, Providence, RI, USA	Med High	Raw	NA	FALSE	41.82941	-71.42624	2012	June
3125	2012-06-24	135839	18:26:00	Bicycle	NA	1	FALSE	FALSE	1	Gallup Street	BROAD ST	2012-06-26	Two-Way , Not Divided	Dry	Daylight	Clear	Angle (Front - to - Side) Right Angle (Includes Broadside)	No	Stop Signs	2	1	Pain Reported	NA	41.79932	-71.41591	FALSE	FALSE	Gallup Street and Broad Street, Providence, RI, USA	Med High	Raw	NA	FALSE	41.79932	-71.41591	2012	June
3120	2012-06-26	135791	10:41:00	Bicycle	NA	1	FALSE	FALSE	1	WASHINGTON ST	CLEMENCE ST	2012-06-26	Two-Way , Not Divided	Dry	Daylight	Clear	Other	No	No Controls	4	1	Pain Reported	2	41.82334	-71.41438	FALSE	FALSE	Washington Street and Clemence Street, Providence, RI, USA	Med High	Raw	NA	FALSE	41.82334	-71.41438	2012	June
3121	2012-06-26	135826	15:27:00	Bicycle	NA	1	FALSE	FALSE	1	MEMORIAL BLVD	STEEPLE ST	2012-06-26	One-Way Trafficway	Dry	Daylight	Clear	Angle - Direction Not Specified	No	Traffic Control Signal	4	1	Pain Reported	2	41.82677	-71.41063	FALSE	FALSE	Memorial Blvd and Steeple Street, Providence, RI, USA	Med	Raw	distance greater than 100m	TRUE	41.82677	-71.41063	2012	June
3122	2012-06-26	135827	15:49:00	Bicycle	NA	1	FALSE	FALSE	1	Eddy St.	NA	2012-06-26	Two-Way , Not Divided	Dry	Daylight	Clear	Angle (Front - to - Side) Right Angle (Includes Broadside)	No	No Controls	2	0	No Injury	NA	41.83148	-71.41133	FALSE	TRUE	Eddy St., Providence, RI, USA	Inaccurate	Unknown	distance greater than 100m	TRUE	NA	NA	2012	June