row_number	crash_date	crash_report_id	crash_time	collision_type	count_pedestrian	count_bicycle	scooter	wheel_chair	number_of_vehicles	street_or_highway	nearest_intersection	report_date	type_of_roadway	road_surface_condition	light_condition	weather_condition	manner_of_impact	hit_and_run	traffic_control	person_count	injury_count	most_serious_injury	number_of_lanes	lat_raw	lon_raw	has_st_number	is_intersection_null	address_sent_to_geocoder	api_coord_conf	best_coordinate_set	reason_for_qa	manually_qaed_record	final_lat	final_lon	year	month
3054	2012-09-14	147120	16:13:00	Pedestrian	1	NA	FALSE	FALSE	1	CHARLES ST	BRANCH AVE	2012-09-14	Two-Way , Not Divided	Dry	Daylight	Clear	Not a Collision Between Two Motor Vehicles in Transport	No	No Controls	2	1	Pain Reported	NA	41.84959	-71.41987	FALSE	FALSE	Charles Street and Branch Ave, Providence, RI, USA	Med	Raw	NA	FALSE	41.84959	-71.41987	2012	September
3052	2012-09-15	147255	16:46:00	Bicycle	NA	1	FALSE	FALSE	1	CAHIR ST	BROAD ST	2012-09-15	Two-Way, Divided, Positive Median Barrier	Dry	Daylight	Clear	Head-On (Front - to - Front)	No	No Controls	2	1	Pain Reported	NA	41.8171	-71.41806	FALSE	FALSE	Cahir Street and Broad Street, Providence, RI, USA	Med High	Raw	NA	FALSE	41.8171	-71.41806	2012	September
3053	2012-09-15	147262	17:16:00	Pedestrian	1	NA	FALSE	FALSE	1	101 Academy ave	WEALTH AVE	2012-09-15	Two-Way , Not Divided	Dry	Daylight	Clear	Not a Collision Between Two Motor Vehicles in Transport	No	Pavement Markings	4	1	Pain Reported	2	41.8272	-71.4437	TRUE	FALSE	101 Academy Ave, Providence, RI, USA	High	Raw	NA	FALSE	41.8272	-71.4437	2012	September
3051	2012-09-16	147332	00:26:00	Bicycle	NA	1	FALSE	FALSE	1	CALVERLY ST	SMITH ST	2012-09-16	Two-Way , Not Divided	Dry	Dark - Lighted	Clear	Head-On (Front - to - Front)	Yes	School Zone Signs	7	2	Incapacitating	NA	41.8332	-71.42056	FALSE	FALSE	Calverly Street and Smith Street, Providence, RI, USA	Med High	Raw	NA	FALSE	41.8332	-71.42056	2012	September
3050	2012-09-17	147673	20:04:00	Pedestrian	1	NA	FALSE	FALSE	1	Waterman St	Brown St	2012-09-17	One-Way Trafficway	Dry	Dark - Lighted	Clear	Not a Collision Between Two Motor Vehicles in Transport	No	Pavement Markings	2	1	Pain Reported	NA	41.82706	-71.40296	FALSE	FALSE	Waterman Street and Brown Street, Providence, RI, USA	Med High	Raw	NA	FALSE	41.82706	-71.40296	2012	September
3048	2012-09-18	147740	12:10:00	Bicycle	NA	1	FALSE	FALSE	1	BROOK ST	CHARLESFIELD ST	2012-09-18	Two-Way , Not Divided	Dry	Daylight	Clear	Sideswipe, Same Direction	No	No Controls	2	1	Pain Reported	NA	41.82431	-71.39889	FALSE	FALSE	Brook Street and Charlesfield Street, Providence, RI, USA	Med	Raw	NA	FALSE	41.82431	-71.39889	2012	September
3049	2012-09-18	148135	22:28:00	Bicycle	NA	1	FALSE	FALSE	1	BROAD ST	PARKIS AVE	2012-09-21	Two-Way, Divided, Unprotected (painted>4feet) Medium	Wet	Dark - Lighted	Rain	Not a Collision Between Two Motor Vehicles in Transport	No	Traffic Control Signal	4	1	Pain Reported	NA	41.80929	-71.42088	FALSE	FALSE	Broad Street and Parkis Ave, Providence, RI, USA	Med	Raw	NA	FALSE	41.80929	-71.42088	2012	September
3045	2012-09-22	148519	16:43:00	Bicycle	NA	1	FALSE	FALSE	1	Atlantic ave	NIAGARA ST	2012-09-22	Two-Way , Not Divided	Dry	Daylight	Clear	Not a Collision Between Two Motor Vehicles in Transport	Yes	No Controls	2	1	Pain Reported	2	41.79939	-71.41615	FALSE	FALSE	Atlantic Ave and Niagara Street, Providence, RI, USA	Med High	Geocoded	distance greater than 100m	TRUE	41.7986319	-71.4186449	2012	September
3046	2012-09-22	148686	11:30:00	Bicycle	NA	1	FALSE	FALSE	1	10TH ST	HIGHLAND AVE	2012-09-23	Two-Way , Not Divided	Dry	Dark - Not Lighted	Clear	Angle (Front - to - Side) Right Angle (Includes Broadside)	Yes	Stop Signs	3	1	Pain Reported	NA	41.85476	-71.39793	FALSE	FALSE	10th Street and Highland Ave, Providence, RI, USA	Med	Raw	NA	FALSE	41.85476	-71.39793	2012	September
3047	2012-09-22	149129	16:23:00	Bicycle	NA	1	FALSE	FALSE	1	BROADWAY	RINGGOLD ST	2012-09-25	Two-Way , Not Divided	Dry	Daylight	Clear	Angle (Front - to - Side) Right Angle (Includes Broadside)	No	No Controls	3	1	Pain Reported	NA	41.82121	-71.42335	FALSE	FALSE	Broadway and Ringgold Street, Providence, RI, USA	Med	Raw	NA	FALSE	41.82121	-71.42335	2012	September
3043	2012-09-23	148592	01:40:00	Pedestrian	1	NA	FALSE	FALSE	1	HUXLEY AVE	EATON ST	2012-09-23	Two-Way , Not Divided	Wet	Dark - Lighted	Rain	Other	No	No Controls	5	1	Pain Reported	NA	41.84348	-71.43322	FALSE	FALSE	Huxley Ave and Eaton Street, Providence, RI, USA	Med High	Geocoded	distance greater than 100m	TRUE	41.8415128	-71.433591	2012	September
3044	2012-09-23	148768	15:25:00	Pedestrian	1	NA	FALSE	FALSE	1	SMITH ST	SMITH ST	2012-09-23	Two-Way , Not Divided	Dry	Daylight	Clear	Not a Collision Between Two Motor Vehicles in Transport	Yes	No Controls	2	1	Pain Reported	NA	41.84164	-71.44294	FALSE	FALSE	Smith Street and Smith Street, Providence, RI, USA	Med	Raw	NA	FALSE	41.84164	-71.44294	2012	September
3040	2012-09-24	148846	08:36:00	Bicycle	NA	1	FALSE	FALSE	1	CADY ST	BENEFIT ST	2012-09-24	Two-Way , Not Divided	Dry	Daylight	Clear	Unknown	No	No Controls	2	1	Incapacitating	NA	41.82986	-71.40868	FALSE	FALSE	Cady Street and Benefit Street, Providence, RI, USA	Med High	Raw	NA	FALSE	41.82986	-71.40868	2012	September
3041	2012-09-24	148968	18:09:00	Bicycle	NA	1	FALSE	FALSE	1	UNION AVE EXIT	UNION AVE	2012-09-24	One-Way Trafficway	Dry	Daylight	Clear	Not a Collision Between Two Motor Vehicles in Transport	No	Traffic Control Signal	3	1	Pain Reported	NA	41.80886	-71.43993	FALSE	FALSE	Union Ave Exit and Union Ave, Providence, RI, USA	Med	Raw	distance greater than 100m	TRUE	41.80886	-71.43993	2012	September
3042	2012-09-24	148985	20:21:00	Bicycle	NA	1	FALSE	FALSE	1	CRANSTON ST	HOLLIS ST	2012-09-24	Two-Way , Not Divided	Dry	Dark - Lighted	Clear	Not a Collision Between Two Motor Vehicles in Transport	Yes	No Controls	3	1	Non-Incapacitating	NA	41.81094	-71.43211	FALSE	FALSE	Cranston Street and Hollis Street, Providence, RI, USA	Med High	Raw	NA	FALSE	41.81094	-71.43211	2012	September
3038	2012-09-25	149039	09:40:00	Bicycle	NA	1	FALSE	FALSE	1	CRANSTON ST	BRIDGHAM ST	2012-09-25	Two-Way, Divided, Unprotected (painted>4feet) Medium	Dry	Daylight	Clear	Angle - Direction Not Specified	No	Traffic Control Signal	2	1	Pain Reported	NA	41.81396	-71.42694	FALSE	FALSE	Cranston Street and Bridgham Street, Providence, RI, USA	Med High	Raw	NA	FALSE	41.81396	-71.42694	2012	September
3039	2012-09-25	149086	11:18:00	Bicycle	NA	1	FALSE	FALSE	1	400 WEST FOUNTAIN STREET	NA	2012-09-25	Two-Way , Not Divided	Dry	Daylight	Clear	Sideswipe, Same Direction	No	No Controls	3	0	Unknown	2	41.82602	-71.41884	TRUE	TRUE	400 West Fountain Street, Providence, RI, USA	High	Geocoded	distance greater than 100m	TRUE	41.8185595	-71.4231577	2012	September
3036	2012-09-26	149344	17:40:00	Bicycle	NA	1	FALSE	FALSE	1	253 elmwood ave	WHITMARSH ST	2012-09-26	Two-Way , Not Divided	Dry	Daylight	Cloudy	Not a Collision Between Two Motor Vehicles in Transport	Yes	No Controls	1	1	Pain Reported	2	41.80579	-71.42511	TRUE	FALSE	253 Elmwood Ave, Providence, RI, USA	High	Raw	NA	FALSE	41.80579	-71.42511	2012	September
3037	2012-09-26	149375	19:26:00	Bicycle	NA	1	FALSE	FALSE	1	N Main St	Duncan St	2012-09-26	Two-Way, Divided, Positive Median Barrier	Dry	Dark - Lighted	Cloudy	Not a Collision Between Two Motor Vehicles in Transport	No	No Controls	4	1	Pain Reported	NA	41.84127	-71.40818	FALSE	FALSE	N Main Street and Duncan Street, Providence, RI, USA	Med	Raw	distance greater than 100m	TRUE	41.84127	-71.40818	2012	September
3035	2012-09-29	149983	20:38:00	Pedestrian	1	NA	FALSE	FALSE	1	UNION AVE	WHITEHALL ST	2012-09-30	Two-Way , Not Divided	Wet	Dark - Not Lighted	Rain	Not a Collision Between Two Motor Vehicles in Transport	No	No Controls	2	1	Pain Reported	NA	41.80778	-71.4439	FALSE	FALSE	Union Ave and Whitehall Street, Providence, RI, USA	Med	Raw	NA	FALSE	41.80778	-71.4439	2012	September
3034	2012-09-30	151255	16:15:00	Bicycle	NA	1	FALSE	FALSE	1	500 Broad Street	PINE ST	2012-10-07	Two-Way , Not Divided	Dry	Daylight	Clear	Not a Collision Between Two Motor Vehicles in Transport	No	No Controls	2	1	Non-Incapacitating	NA	41.81125	-71.4214	TRUE	FALSE	500 Broad Street, Providence, RI, USA	High	Raw	NA	FALSE	41.81125	-71.4214	2012	September
3033	2012-10-04	150761	13:41:00	Bicycle	NA	1	FALSE	FALSE	1	PRAIRIE AVE	POINT ST	2012-10-04	Two-Way, Divided, Unprotected (painted>4feet) Medium	Dry	Daylight	Cloudy	Other	No	Stop Signs	5	1	Pain Reported	NA	41.81451	-71.41531	FALSE	FALSE	Prairie Ave and Point Street, Providence, RI, USA	Med High	Raw	NA	FALSE	41.81451	-71.41531	2012	October
3029	2012-10-10	151663	16:27:00	Bicycle	NA	1	FALSE	FALSE	1	DEXTER ST	CRANSTON ST	2012-10-10	Two-Way , Not Divided	Wet	Daylight	Clear	Not a Collision Between Two Motor Vehicles in Transport	No	Traffic Control Signal	2	1	Pain Reported	2	41.81265	-71.42961	FALSE	FALSE	Dexter Street and Cranston Street, Providence, RI, USA	Med High	Raw	NA	FALSE	41.81265	-71.42961	2012	October
3030	2012-10-10	151666	16:46:00	Pedestrian	1	NA	FALSE	FALSE	1	1850 Westminster St	SERVICE ROAD 3	2012-10-10	Two-Way , Not Divided	Wet	Daylight	Cloudy	Not a Collision Between Two Motor Vehicles in Transport	No	Pavement Markings	3	1	Pain Reported	4	41.81631	-71.44056	TRUE	FALSE	1850 Westminster Street, Providence, RI, USA	High	Raw	NA	FALSE	41.81631	-71.44056	2012	October
3031	2012-10-10	151832	11:28:00	Pedestrian	1	NA	FALSE	FALSE	1	TRANSIT ST	GOVERNOR ST	2012-10-10	Two-Way , Not Divided	Wet	Daylight	Rain	Other	No	No Controls	2	1	Pain Reported	NA	41.82125	-71.39382	FALSE	FALSE	Transit Street and Governor Street, Providence, RI, USA	Med High	Raw	NA	FALSE	41.82125	-71.39382	2012	October
3032	2012-10-10	151955	08:57:00	Bicycle	NA	1	FALSE	FALSE	1	JOHN ST	BROOK ST	2012-10-12	Two-Way , Not Divided	Wet	Daylight	Rain	Other	No	Stop Signs	3	1	Pain Reported	NA	41.82177	-71.39849	FALSE	FALSE	John Street and Brook Street, Providence, RI, USA	Med	Raw	NA	FALSE	41.82177	-71.39849	2012	October
3026	2012-10-11	151754	07:45:00	Bicycle	NA	1	FALSE	FALSE	1	289 ELMWOOD AVENUE	MOORE STREET	2012-10-11	Two-Way , Not Divided	Dry	Daylight	Clear	Other	No	No Controls	4	1	Pain Reported	4	41.82955	-71.41802	TRUE	FALSE	289 Elmwood Avenue, Providence, RI, USA	High	Neither	distance greater than 100m	TRUE	41.804907	-71.425376	2012	October
3027	2012-10-11	151856	18:41:00	Pedestrian	1	NA	FALSE	FALSE	1	PRAIRIE AVE	DUDLEY ST	2012-10-11	Two-Way , Not Divided	Dry	Dark - Lighted	Clear	Not a Collision Between Two Motor Vehicles in Transport	No	No Controls	2	1	Pain Reported	NA	41.81032	-71.4156	FALSE	FALSE	Prairie Ave and Dudley Street, Providence, RI, USA	Med High	Raw	NA	FALSE	41.81032	-71.4156	2012	October
3028	2012-10-11	153815	18:45:00	Bicycle	NA	1	FALSE	FALSE	1	CHARLES ST	LEDGE ST	2012-10-21	Two-Way, Divided, Unprotected (painted>4feet) Medium	Dry	Dark - Lighted	Clear	Other	No	No Controls	3	0	No Injury	NA	41.85311	-71.42042	FALSE	FALSE	Charles Street and Ledge Street, Providence, RI, USA	Med	Raw	NA	FALSE	41.85311	-71.42042	2012	October
3025	2012-10-12	152114	16:47:00	Bicycle	NA	1	FALSE	FALSE	1	OXFORD ST	EDDY ST	2012-10-12	Two-Way , Not Divided	Dry	Daylight	Clear	Angle (Front - to - Side) Right Angle (Includes Broadside)	No	No Controls	2	1	Pain Reported	NA	41.8031	-71.40669	FALSE	FALSE	Oxford Street and Eddy Street, Providence, RI, USA	Med High	Raw	NA	FALSE	41.8031	-71.40669	2012	October
3022	2012-10-14	152376	02:16:00	Pedestrian	2	NA	FALSE	FALSE	1	EXIT 22A (RT )	FRANCIS ST	2012-10-14	Two-Way, Divided, Positive Median Barrier	Dry	Dark - Lighted	Clear	Not a Collision Between Two Motor Vehicles in Transport	No	Traffic Control Signal	5	2	Incapacitating	NA	41.82577	-71.41527	FALSE	FALSE	Exit 22a (Rt ) and Francis Street, Providence, RI, USA	Med	Raw	distance greater than 100m	TRUE	41.82577	-71.41527	2012	October
3023	2012-10-14	152430	13:57:00	Pedestrian	1	NA	FALSE	FALSE	1	WICKENDEN ST	THOMPSON ST	2012-10-14	Two-Way , Not Divided	Dry	Daylight	Clear	Not a Collision Between Two Motor Vehicles in Transport	No	No Controls	2	0	No Injury	NA	41.81955	-71.39699	FALSE	FALSE	Wickenden Street and Thompson Street, Providence, RI, USA	Med High	Raw	NA	FALSE	41.81955	-71.39699	2012	October
3024	2012-10-14	153097	13:31:00	Pedestrian	1	NA	FALSE	FALSE	1	POTTERS AVE	GRAND ST	2012-10-17	Two-Way , Not Divided	Dry	Daylight	Clear	Not a Collision Between Two Motor Vehicles in Transport	No	No Controls	3	1	Pain Reported	NA	41.80302	-71.43209	FALSE	FALSE	Potters Ave and Grand Street, Providence, RI, USA	Med High	Raw	NA	FALSE	41.80302	-71.43209	2012	October
3021	2012-10-15	152551	18:17:00	Pedestrian	1	NA	FALSE	FALSE	1	SMITHFIELD AVE	EXIT	2012-10-15	One-Way Trafficway	Dry	Dark - Lighted	Clear	Sideswipe, Same Direction	Yes	No Controls	1	1	Pain Reported	NA	41.85571	-71.40708	FALSE	FALSE	Smithfield Ave and Exit, Providence, RI, USA	Med	Raw	distance greater than 100m	TRUE	41.85571	-71.40708	2012	October
3019	2012-10-16	152796	15:00:00	Pedestrian	1	NA	FALSE	FALSE	1	Broad Street	FRICKER ST	2012-10-16	Two-Way, Divided, Unprotected (painted>4feet) Medium	Dry	Daylight	Clear	Not a Collision Between Two Motor Vehicles in Transport	No	No Controls	3	0	No Injury	2	41.81523	-71.42069	FALSE	FALSE	Broad Street and Fricker Street, Providence, RI, USA	Med	Raw	NA	FALSE	41.81523	-71.42069	2012	October
3020	2012-10-16	153461	16:10:00	Pedestrian	1	NA	FALSE	FALSE	1	PLAINFIELD ST	PLAINFIELD ST	2012-10-16	Two-Way, Divided, Positive Median Barrier	Dry	Daylight	Clear	Head-On (Front - to - Front)	No	No Controls	2	1	Pain Reported	NA	41.81304	-71.45674	FALSE	FALSE	Plainfield Street and Plainfield Street, Providence, RI, USA	Med	Unknown	distance greater than 100m	TRUE	NA	NA	2012	October
3017	2012-10-18	153133	02:12:00	Pedestrian	1	NA	FALSE	FALSE	1	Branch Ave	Touro St	2012-10-18	Two-Way , Not Divided	Dry	Dark - Lighted	Clear	Head-On (Front - to - Front)	Yes	No Controls	4	1	Incapacitating	NA	41.84995	-71.41927	FALSE	FALSE	Branch Ave and Touro Street, Providence, RI, USA	Med High	Raw	NA	FALSE	41.84995	-71.41927	2012	October
3018	2012-10-18	153279	15:18:00	Bicycle	NA	1	FALSE	FALSE	1	PUBLIC ST	BROAD ST	2012-10-18	Two-Way , Not Divided	Dry	Daylight	Clear	Not a Collision Between Two Motor Vehicles in Transport	No	Traffic Control Signal	2	1	Pain Reported	2	41.80442	-71.41935	FALSE	FALSE	Public Street and Broad Street, Providence, RI, USA	Med High	Raw	NA	FALSE	41.80442	-71.41935	2012	October
3015	2012-10-19	153452	13:37:00	Pedestrian	1	NA	FALSE	FALSE	1	RANDELL ST.	NORTH MAIN ST.	2012-10-19	One-Way Trafficway	Wet	Daylight	Cloudy	Not a Collision Between Two Motor Vehicles in Transport	No	Yield Signs	3	1	Pain Reported	NA	41.83688	-71.4147	FALSE	FALSE	Randell St. and North Main St., Providence, RI, USA	Med	Neither	distance greater than 100m	TRUE	41.837993	-71.409751	2012	October
3016	2012-10-19	153488	18:14:00	Pedestrian	1	NA	FALSE	FALSE	1	MOUNT PLEASANT AVE	MANOMET ST	2012-10-19	Two-Way , Not Divided	Wet	Dark - Lighted	Rain	Not a Collision Between Two Motor Vehicles in Transport	No	No Controls	4	1	Incapacitating	2	41.83438	-71.45015	FALSE	FALSE	Mount Pleasant Ave and Manomet Street, Providence, RI, USA	Med High	Raw	NA	FALSE	41.83438	-71.45015	2012	October
3014	2012-10-20	153670	16:24:00	Bicycle	NA	1	FALSE	FALSE	1	WESTMINSTER STREET	SERVICE ROAD 8	2012-10-20	Two-Way , Not Divided	Dry	Daylight	Clear	Angle (Front - to - Side) Opposite Direction	Yes	Stop Signs	1	1	Pain Reported	NA	41.81921	-71.41786	FALSE	FALSE	Westminster Street and Service Road 8, Providence, RI, USA	Med High	Raw	distance greater than 100m	TRUE	41.81921	-71.41786	2012	October
3013	2012-10-22	153985	18:53:00	Pedestrian	1	NA	FALSE	FALSE	1	Sabin St	Exchange Ter	2012-10-22	One-Way Trafficway	Dry	Dark - Lighted	Clear	Head-On (Front - to - Front)	No	No Controls	3	1	Pain Reported	NA	41.82473	-71.41545	FALSE	FALSE	Sabin Street and Exchange Ter, Providence, RI, USA	Med	Raw	NA	FALSE	41.82473	-71.41545	2012	October
3011	2012-10-23	154245	17:50:00	Pedestrian	1	NA	FALSE	FALSE	1	NARRAGANSETT BLVD	MASSACHUSETTS AVE	2012-10-23	Two-Way, Divided, Unprotected (painted>4feet) Medium	Dry	Daylight	Clear	Not a Collision Between Two Motor Vehicles in Transport	No	No Controls	3	1	Pain Reported	NA	41.78738	-71.39545	FALSE	FALSE	Narragansett Blvd and Massachusetts Ave, Providence, RI, USA	Med High	Raw	NA	FALSE	41.78738	-71.39545	2012	October
3012	2012-10-23	154371	12:42:00	Pedestrian	1	NA	FALSE	FALSE	1	WEYBOSSETT STREET	UNION STREET	2012-10-23	Two-Way , Not Divided	Dry	Daylight	Clear	Head-On (Front - to - Front)	No	No Controls	3	1	Pain Reported	2	41.82555	-71.41804	FALSE	FALSE	Weybossett Street and Union Street, Providence, RI, USA	Med High	Geocoded	distance greater than 100m	TRUE	41.8221261	-71.4118986	2012	October
3010	2012-10-24	154365	13:13:00	Bicycle	NA	1	FALSE	FALSE	1	WEYBOSSET ST	ORANGE ST	2012-10-24	One-Way Trafficway	Dry	Daylight	Clear	Other	No	No Controls	2	1	Pain Reported	NA	41.82334	-71.41058	FALSE	FALSE	Weybosset Street and Orange Street, Providence, RI, USA	Med High	Raw	NA	FALSE	41.82334	-71.41058	2012	October
3009	2012-10-26	154691	00:51:00	Pedestrian	1	NA	FALSE	FALSE	1	ADMIRAL ST	DOUGLAS AVE	2012-10-26	Two-Way, Divided, Unprotected (painted>4feet) Medium	Dry	Dark - Lighted	Clear	Sideswipe, Same Direction	Yes	Traffic Control Signal	3	1	Pain Reported	NA	41.84605	-71.429	FALSE	FALSE	Admiral Street and Douglas Ave, Providence, RI, USA	Med High	Raw	NA	FALSE	41.84605	-71.429	2012	October
3007	2012-10-27	154875	00:46:00	Pedestrian	1	NA	FALSE	FALSE	1	431 ATWELLS AVENUE	DALE ST	2012-10-27	Two-Way, Divided, Unprotected (painted>4feet) Medium	Dry	Dark - Lighted	Clear	Not a Collision Between Two Motor Vehicles in Transport	Yes	No Controls	1	1	Pain Reported	2	41.82394	-71.43176	TRUE	FALSE	431 Atwells Avenue, Providence, RI, USA	High	Raw	NA	FALSE	41.82394	-71.43176	2012	October
3008	2012-10-27	155083	19:31:00	Pedestrian	1	NA	FALSE	FALSE	1	EMPIRE STREET	WASHINGTON ST	2012-10-27	Two-Way , Not Divided	Dry	Dark - Lighted	Clear	Other	No	No Controls	3	1	Pain Reported	2	41.8217	-71.41629	FALSE	FALSE	Empire Street and Washington Street, Providence, RI, USA	Med High	Raw	NA	FALSE	41.8217	-71.41629	2012	October
3006	2012-10-30	155499	18:06:00	Pedestrian	1	NA	FALSE	FALSE	1	MOUNT PLEASANT AVENUE	CHALKSTONE AVENUE	2012-10-30	Two-Way , Not Divided	Wet	Dark - Lighted	Rain	Angle (Front - to - Side) Right Angle (Includes Broadside)	No	No Controls	3	1	Pain Reported	2	41.81322	-71.44015	FALSE	FALSE	Mount Pleasant Avenue and Chalkstone Avenue, Providence, RI, USA	Med High	Geocoded	distance greater than 100m	TRUE	41.83271	-71.4497544	2012	October
3002	2012-11-01	155781	10:00:00	Pedestrian	1	NA	FALSE	FALSE	1	386 SMITH STREET	NA	2012-11-01	Two-Way , Not Divided	Dry	Daylight	Clear	Other	No	No Controls	2	1	Pain Reported	2	41.82671	-71.41997	TRUE	TRUE	386 Smith Street, Providence, RI, USA	High	Neither	distance greater than 100m	TRUE	41.834667	-71.424222	2012	November
3003	2012-11-01	155783	11:56:00	Pedestrian	1	NA	FALSE	FALSE	1	MANTON AVE	DELAINE ST	2012-11-01	Two-Way , Not Divided	Dry	Daylight	Clear	Sideswipe, Same Direction	Yes	Traffic Control Signal	1	0	No Injury	NA	41.81795	-71.44465	FALSE	FALSE	Manton Ave and Delaine Street, Providence, RI, USA	Med High	Raw	NA	FALSE	41.81795	-71.44465	2012	November
3004	2012-11-01	155834	15:03:00	Bicycle	NA	1	FALSE	FALSE	1	673 BROADWAY	NA	2012-11-01	Two-Way, Divided, Positive Median Barrier	Dry	Daylight	Clear	Head-On (Front - to - Front)	No	No Controls	4	0	No Injury	3	41.81671	-71.44139	TRUE	TRUE	673 Broadway, Providence, RI, USA	High	Raw	NA	FALSE	41.81671	-71.44139	2012	November
3005	2012-11-01	156275	08:03:00	Pedestrian	1	NA	FALSE	FALSE	1	THURBERS AVE	OCEAN ST	2012-11-04	Two-Way , Not Divided	Dry	Daylight	Clear	Not a Collision Between Two Motor Vehicles in Transport	No	No Controls	3	0	No Injury	2	41.79936	-71.408690000000007	FALSE	FALSE	Thurbers Ave and Ocean Street, Providence, RI, USA	Med High	Raw	NA	FALSE	41.79936	-71.408690000000007	2012	November
3001	2012-11-03	156212	16:53:00	Pedestrian	1	NA	FALSE	FALSE	1	DEAN ST	W EXCHANGE ST	2012-11-03	Two-Way, Divided, Positive Median Barrier	Dry	Daylight	Clear	Not a Collision Between Two Motor Vehicles in Transport	No	Traffic Control Signal	2	1	Pain Reported	2	41.82542	-71.42583	FALSE	FALSE	Dean Street and W Exchange Street, Providence, RI, USA	Med	Raw	NA	FALSE	41.82542	-71.42583	2012	November
2999	2012-11-05	156507	16:03:00	Pedestrian	1	NA	FALSE	FALSE	1	MANTON AVE	ORTOLEVA DR	2012-11-05	Two-Way, Not Divided With a Continuous Left Turn Lane	Dry	Daylight	Clear	Head-On (Front - to - Front)	No	No Controls	4	1	Pain Reported	3	41.82589	-71.45777	FALSE	FALSE	Manton Ave and Ortoleva Dr, Providence, RI, USA	Med High	Raw	NA	FALSE	41.82589	-71.45777	2012	November
3000	2012-11-05	156518	18:02:00	Pedestrian	1	NA	FALSE	FALSE	1	HARTFORD AVE	PONAGANSETT AVE	2012-11-05	Two-Way , Not Divided	Dry	Dark - Not Lighted	Clear	Head-On (Front - to - Front)	No	Stop Signs	5	1	Pain Reported	2	41.81858	-71.45874	FALSE	FALSE	Hartford Ave and Ponagansett Ave, Providence, RI, USA	Med High	Raw	NA	FALSE	41.81858	-71.45874	2012	November
2998	2012-11-06	156729	20:26:00	Pedestrian	1	NA	FALSE	FALSE	1	BROADWAY	TOBEY ST	2012-11-06	Two-Way, Divided, Unprotected (painted>4feet) Medium	Dry	Dark - Lighted	Clear	Not a Collision Between Two Motor Vehicles in Transport	No	Traffic Control Signal	3	1	Pain Reported	NA	41.81848	-71.43503	FALSE	FALSE	Broadway and Tobey Street, Providence, RI, USA	Med	Raw	NA	FALSE	41.81848	-71.43503	2012	November
2997	2012-11-07	156961	18:35:00	Pedestrian	1	NA	FALSE	FALSE	1	WEYBOSSET ST	PAGE ST	2012-11-07	Two-Way , Not Divided	Wet	Daylight	Snow	Not a Collision Between Two Motor Vehicles in Transport	Yes	No Controls	1	1	Pain Reported	2	41.82147	-71.41247	FALSE	FALSE	Weybosset Street and Page Street, Providence, RI, USA	Med High	Raw	NA	FALSE	41.82147	-71.41247	2012	November
2995	2012-11-08	156981	00:38:00	Pedestrian	1	NA	FALSE	FALSE	1	Waterman St.	Brown St.	2012-11-08	One-Way Trafficway	Slush	Dark - Lighted	Snow	Not a Collision Between Two Motor Vehicles in Transport	Yes	Stop Signs	3	1	Pain Reported	1	41.82705	-71.40304	FALSE	FALSE	Waterman St. and Brown St., Providence, RI, USA	Med High	Raw	NA	FALSE	41.82705	-71.40304	2012	November
2996	2012-11-08	157106	16:10:00	Pedestrian	1	NA	FALSE	FALSE	1	PLAINFIELD ST	WEBSTER AVE	2012-11-08	Two-Way, Divided, Positive Median Barrier	Wet	Dark - Lighted	Cloudy	Head-On (Front - to - Front)	Yes	Traffic Control Signal	1	1	Pain Reported	NA	41.81366	-71.45079	FALSE	FALSE	Plainfield Street and Webster Ave, Providence, RI, USA	Med High	Raw	NA	FALSE	41.81366	-71.45079	2012	November
2993	2012-11-09	157338	19:08:00	Pedestrian	1	NA	FALSE	FALSE	1	HUXLEY AVE	EATON ST	2012-11-09	Two-Way , Not Divided	Dry	Dark - Lighted	Clear	Not a Collision Between Two Motor Vehicles in Transport	No	No Controls	2	1	Non-Incapacitating	NA	41.84375	-71.43317	FALSE	FALSE	Huxley Ave and Eaton Street, Providence, RI, USA	Med High	Geocoded	distance greater than 100m	TRUE	41.8415128	-71.433591	2012	November
2994	2012-11-09	157358	17:54:00	Pedestrian	1	NA	FALSE	FALSE	1	EDNA ST	PLAINFIELD ST	2012-11-09	One-Way Trafficway	Dry	Dark - Lighted	Clear	Head-On (Front - to - Front)	Yes	Traffic Control Signal	2	1	Pain Reported	NA	41.81593	-71.44514	FALSE	FALSE	Edna Street and Plainfield Street, Providence, RI, USA	Med High	Raw	NA	FALSE	41.81593	-71.44514	2012	November
2992	2012-11-10	157455	18:55:00	Pedestrian	1	NA	FALSE	FALSE	1	EXCHANGE TER	SABIN ST	2012-11-10	One-Way Trafficway	Dry	Dark - Lighted	Clear	Angle - Direction Not Specified	Yes	No Controls	1	1	Pain Reported	2	41.82493	-71.41507	FALSE	FALSE	Exchange Ter and Sabin Street, Providence, RI, USA	Med	Raw	distance greater than 100m	TRUE	41.82493	-71.41507	2012	November
2991	2012-11-11	157510	18:53:00	Pedestrian	1	NA	FALSE	FALSE	1	DOUGLAS AVE	DOUGLAS AVE	2012-11-11	Two-Way, Divided, Unprotected (painted>4feet) Medium	Dry	Dark - Lighted	Clear	Not a Collision Between Two Motor Vehicles in Transport	No	No Controls	4	1	Pain Reported	NA	41.836	-71.41949	FALSE	FALSE	Douglas Ave and Douglas Ave, Providence, RI, USA	Med High	Unknown	distance greater than 100m	TRUE	NA	NA	2012	November