row_number	crash_date	crash_report_id	crash_time	collision_type	count_pedestrian	count_bicycle	scooter	wheel_chair	number_of_vehicles	street_or_highway	nearest_intersection	report_date	type_of_roadway	road_surface_condition	light_condition	weather_condition	manner_of_impact	hit_and_run	traffic_control	person_count	injury_count	most_serious_injury	number_of_lanes	lat_raw	lon_raw	has_st_number	is_intersection_null	address_sent_to_geocoder	api_coord_conf	best_coordinate_set	reason_for_qa	manually_qaed_record	final_lat	final_lon	year	month
2798	2013-08-03	189004	15:13:00	Bicycle	NA	1	FALSE	FALSE	1	VALLEY ST	DELAINE ST	2013-08-03	Two-Way, Divided, Unprotected (painted>4feet) Medium	Dry	Daylight	Clear	Not a Collision Between Two Motor Vehicles in Transport	No	Stop Signs	5	1	Pain Reported	NA	41.81951	-71.4405	FALSE	FALSE	Valley Street and Delaine Street, Providence, RI, USA	Med High	Raw	NA	FALSE	41.81951	-71.4405	2013	August
2796	2013-08-04	189135	14:54:00	Bicycle	NA	1	FALSE	FALSE	1	BROADWAY	VALLEY ST	2013-08-04	Two-Way, Divided, Unprotected (painted>4feet) Medium	Dry	Daylight	Clear	Angle (Front - to - Side) Right Angle (Includes Broadside)	No	No Controls	3	1	Pain Reported	NA	41.81686	-71.44093	FALSE	FALSE	Broadway and Valley Street, Providence, RI, USA	Med	Raw	NA	FALSE	41.81686	-71.44093	2013	August
2795	2013-08-05	189173	01:20:00	Pedestrian	1	NA	FALSE	FALSE	1	RAYMOND ST	RAYMOND ST	2013-08-05	Two-Way , Not Divided	Dry	Dark - Lighted	Clear	Not a Collision Between Two Motor Vehicles in Transport	Yes	No Controls	3	1	Pain Reported	NA	41.83332	-71.42992	FALSE	FALSE	Raymond Street and Raymond Street, Providence, RI, USA	Med	Raw	NA	FALSE	41.83332	-71.42992	2013	August
2794	2013-08-07	189402	20:05:00	Pedestrian	1	NA	FALSE	FALSE	1	48 Gladstone St	Baxter St	2013-08-07	One-Way Trafficway	Dry	Dusk	Clear	Not a Collision Between Two Motor Vehicles in Transport	Yes	Other	4	1	Incapacitating	NA	41.80306	-71.41689	TRUE	FALSE	48 Gladstone Street, Providence, RI, USA	High	Raw	NA	FALSE	41.80306	-71.41689	2013	August
2792	2013-08-09	189637	11:04:00	Pedestrian	1	NA	FALSE	FALSE	1	PROSPECT STREET	BOWEN AVENUE	2013-08-09	Two-Way , Not Divided	Wet	Daylight	Rain	Head-On (Front - to - Front)	No	Stop Signs	3	1	Pain Reported	2	41.83476	-71.41637	FALSE	FALSE	Prospect Street and Bowen Avenue, Providence, RI, USA	Med	Geocoded	distance greater than 100m	TRUE	41.8305907	-71.4055816	2013	August
2793	2013-08-09	189698	17:30:00	Pedestrian	2	NA	FALSE	FALSE	1	BROAD STREET	BROAD ST	2013-08-09	Two-Way , Not Divided	Wet	Daylight	Rain	Other	No	No Controls	5	2	Incapacitating	NA	41.788	-71.40331	FALSE	FALSE	Broad Street and Broad Street, Providence, RI, USA	Med	Unknown	distance greater than 100m	TRUE	NA	NA	2013	August
2790	2013-08-14	190180	10:09:00	Bicycle	NA	1	FALSE	FALSE	1	BROAD STREET	OXFORD STREET	2013-08-14	Two-Way , Not Divided	Dry	Daylight	Clear	Other	No	Traffic Control Signal	2	1	Non-Incapacitating	2	41.83201	-71.41745	FALSE	FALSE	Broad Street and Oxford Street, Providence, RI, USA	Med	Geocoded	distance greater than 100m	TRUE	41.8004502	-71.417447	2013	August
2791	2013-08-14	190242	13:27:00	Pedestrian	2	NA	FALSE	FALSE	1	325 VALLEY STREET	NA	2013-08-14	Two-Way , Not Divided	Dry	Daylight	Clear	Other	No	No Controls	3	1	Pain Reported	NA	41.83521	-71.41757	TRUE	TRUE	325 Valley Street, Providence, RI, USA	High	Geocoded	distance greater than 100m	TRUE	41.8259072	-71.4379021	2013	August
2789	2013-08-15	190813	19:00:00	Pedestrian	1	NA	FALSE	FALSE	1	Smith Street	Academy	2013-08-16	Two-Way, Not Divided With a Continuous Left Turn Lane	Dry	Daylight	Clear	Angle (Front - to - Side) Opposite Direction	No	No Controls	3	1	Non-Incapacitating	1	41.84258	-71.44515	FALSE	FALSE	Smith Street and Academy, Providence, RI, USA	Med	Raw	NA	FALSE	41.84258	-71.44515	2013	August
2788	2013-08-16	190506	23:52:00	Pedestrian	1	NA	FALSE	FALSE	1	ATWELLS AVE	DE PASQUALE AVE	2013-08-17	Two-Way, Divided, Unprotected (painted>4feet) Medium	Dry	Dark - Lighted	Clear	Other	No	Traffic Control Signal	3	1	Pain Reported	NA	41.8236	-71.42698	FALSE	FALSE	Atwells Ave and De Pasquale Ave, Providence, RI, USA	Med High	Raw	NA	FALSE	41.8236	-71.42698	2013	August
2786	2013-08-18	190788	11:57:00	Bicycle	NA	1	FALSE	FALSE	1	WESTMINSTER ST	KNIGHT ST	2013-08-19	Two-Way , Not Divided	Dry	Daylight	Clear	Not a Collision Between Two Motor Vehicles in Transport	No	No Controls	2	0	No Injury	NA	41.81713	-71.42629	FALSE	FALSE	Westminster Street and Knight Street, Providence, RI, USA	Med High	Raw	NA	FALSE	41.81713	-71.42629	2013	August
2787	2013-08-18	191431	17:38:00	Bicycle	NA	1	FALSE	FALSE	1	1250 Elmwood Avenue	BISSELL ST	2013-08-24	Two-Way , Not Divided	Dry	Daylight	Clear	Angle (Front - to - Side) Right Angle (Includes Broadside)	No	No Controls	2	0	No Injury	NA	41.77731	-71.42123	TRUE	FALSE	1250 Elmwood Avenue, Providence, RI, USA	High	Raw	NA	FALSE	41.77731	-71.42123	2013	August
2784	2013-08-19	190799	15:13:00	Bicycle	NA	1	FALSE	FALSE	1	PARNELL ST	FOWLER ST	2013-08-19	Two-Way , Not Divided	Dry	Daylight	Clear	Angle (Front - to - Side) Right Angle (Includes Broadside)	No	No Controls	2	1	Pain Reported	NA	41.82748	-71.4538	FALSE	FALSE	Parnell Street and Fowler Street, Providence, RI, USA	Med High	Raw	distance greater than 100m	TRUE	41.82748	-71.4538	2013	August
2785	2013-08-19	190833	19:23:00	Bicycle	NA	1	FALSE	FALSE	1	Stewart St	Broad St	2013-08-20	Two-Way , Not Divided	Dry	Dusk	Clear	Not a Collision Between Two Motor Vehicles in Transport	Yes	Traffic Control Signal	3	0	No Injury	NA	41.8169	-71.41794	FALSE	FALSE	Stewart Street and Broad Street, Providence, RI, USA	Med	Raw	NA	FALSE	41.8169	-71.41794	2013	August
2782	2013-08-20	190851	08:53:00	Bicycle	NA	1	FALSE	FALSE	1	235 PROMENADE STREET	NA	2013-08-20	Two-Way , Not Divided	Dry	Daylight	Clear	Other	Yes	No Controls	1	0	No Injury	NA	41.8347	-71.41607	TRUE	TRUE	235 Promenade Street, Providence, RI, USA	High	Geocoded	distance greater than 100m	TRUE	41.8285767	-71.4193258	2013	August
2783	2013-08-20	192063	14:10:00	Bicycle	NA	NA	FALSE	FALSE	2	SASSAFRAS ST	SAVINGS ST	2013-08-20	Two-Way , Not Divided	Dry	Daylight	Clear	Other	No	No Controls	3	1	Pain Reported	NA	41.79503	-71.41074	FALSE	FALSE	Sassafras Street and Savings Street, Providence, RI, USA	Med High	Geocoded	distance greater than 100m	TRUE	41.7942395	-71.412939	2013	August
2780	2013-08-21	191039	16:22:00	Bicycle	NA	1	FALSE	FALSE	1	133c delaine st	APPLETON ST	2013-08-21	Two-Way , Not Divided	Dry	Daylight	Clear	Not a Collision Between Two Motor Vehicles in Transport	No	Stop Signs	4	1	Pain Reported	2	41.81905	-71.44292	FALSE	FALSE	133c Delaine Street and Appleton Street, Providence, RI, USA	Med High	Raw	NA	FALSE	41.81905	-71.44292	2013	August
2781	2013-08-21	191054	17:08:00	Pedestrian	1	NA	FALSE	FALSE	1	FRANCIS ST	AMERICAN EXPRESS PLZ	2013-08-21	Two-Way , Not Divided	Dry	Daylight	Clear	Not a Collision Between Two Motor Vehicles in Transport	No	Pavement Markings	5	1	Pain Reported	4	41.82803	-71.41533	FALSE	FALSE	Francis Street and American Express Plz, Providence, RI, USA	Med	Raw	distance greater than 100m	TRUE	41.82803	-71.41533	2013	August
2779	2013-08-22	191119	10:28:00	Bicycle	NA	1	FALSE	FALSE	1	95 PLEASANT VALLEY PARKWAY	VALLEY STREET	2013-08-22	Two-Way , Not Divided	Dry	Daylight	Clear	Other	Yes	No Controls	1	1	Non-Incapacitating	4	41.83201	-71.41745	TRUE	FALSE	95 Pleasant Valley Parkway, Providence, RI, USA	High	Geocoded	distance greater than 100m	TRUE	41.8313134	-71.4271619	2013	August
2778	2013-08-23	191309	19:08:00	Bicycle	NA	1	FALSE	FALSE	1	ATWOOD ST	PLAINFIELD ST	2013-08-23	Two-Way , Not Divided	Dry	Daylight	Clear	Not a Collision Between Two Motor Vehicles in Transport	No	Traffic Control Signal	4	1	Pain Reported	2	41.81595	-71.44506	FALSE	FALSE	Atwood Street and Plainfield Street, Providence, RI, USA	Med High	Raw	NA	FALSE	41.81595	-71.44506	2013	August
2777	2013-08-26	191689	21:25:00	Pedestrian	1	NA	FALSE	FALSE	1	EXIT	EXIT	2013-08-26	One-Way Trafficway	Dry	Dark - Lighted	Clear	Not a Collision Between Two Motor Vehicles in Transport	Yes	No Controls	1	1	Pain Reported	NA	41.82647	-71.42604	FALSE	FALSE	Exit and Exit, Providence, RI, USA	Med	Unknown	distance greater than 100m	TRUE	NA	NA	2013	August
2776	2013-08-28	192398	18:06:00	Bicycle	NA	1	FALSE	FALSE	1	GEORGE STREET	GOVERNOR ST	2013-08-28	Two-Way , Not Divided	Dry	Daylight	Clear	Head-On (Front - to - Front)	No	No Controls	3	1	Non-Incapacitating	NA	41.82586	-71.39389	FALSE	FALSE	George Street and Governor Street, Providence, RI, USA	Med	Raw	NA	FALSE	41.82586	-71.39389	2013	August
2775	2013-08-30	192396	22:30:00	Bicycle	NA	NA	FALSE	FALSE	2	31 Chapin Ave	PARADE ST	2013-08-30	Two-Way , Not Divided	Dry	Dark - Lighted	Clear	Not a Collision Between Two Motor Vehicles in Transport	No	No Controls	2	1	Non-Incapacitating	NA	41.81188	-71.43237	TRUE	FALSE	31 Chapin Ave, Providence, RI, USA	High	Raw	NA	FALSE	41.81188	-71.43237	2013	August
2774	2013-08-31	192491	17:55:00	Pedestrian	1	NA	FALSE	FALSE	1	ATWELLS AVE	VALLEY ST	2013-08-31	Two-Way, Not Divided With a Continuous Left Turn Lane	Dry	Daylight	Clear	Not a Collision Between Two Motor Vehicles in Transport	No	No Controls	5	1	Pain Reported	3	41.82456	-71.43948	FALSE	FALSE	Atwells Ave and Valley Street, Providence, RI, USA	Med High	Raw	NA	FALSE	41.82456	-71.43948	2013	August
2772	2013-09-01	192587	13:48:00	Pedestrian	1	NA	FALSE	FALSE	1	BROAD STREET	GLADSTONE STREET	2013-09-01	Two-Way , Not Divided	Dry	Daylight	Clear	Head-On (Front - to - Front)	No	Stop Signs	3	1	Pain Reported	2	41.83079	-71.41786	FALSE	FALSE	Broad Street and Gladstone Street, Providence, RI, USA	Med	Geocoded	distance greater than 100m	TRUE	41.8026305	-71.4188091	2013	September
2773	2013-09-01	237524	00:01:00	Bicycle	NA	1	FALSE	FALSE	1	GLENBRIDGE AVE	MANTON AVE	2014-06-16	Unknown	Unknown	Unknown	Clear	Angle (Front - to - Side) Right Angle (Includes Broadside)	No	No Controls	2	0	Unknown	NA	41.82597	-71.45822	FALSE	FALSE	Glenbridge Ave and Manton Ave, Providence, RI, USA	Med High	Raw	NA	FALSE	41.82597	-71.45822	2013	September
2770	2013-09-02	192668	13:01:00	Bicycle	NA	1	FALSE	FALSE	1	Chalkstone Ave	OAKLAND AVE	2013-09-02	Two-Way , Not Divided	Wet	Daylight	Rain	Not a Collision Between Two Motor Vehicles in Transport	No	Traffic Control Signal	3	1	Pain Reported	2	41.83419	-71.43024	FALSE	FALSE	Chalkstone Ave and Oakland Ave, Providence, RI, USA	Med High	Raw	NA	FALSE	41.83419	-71.43024	2013	September
2771	2013-09-02	196772	23:03:00	Pedestrian	1	NA	FALSE	FALSE	1	ATWELLS AVE	MCAVOY ST	2013-10-04	Two-Way , Not Divided	Dry	Dark - Lighted	Clear	Not a Collision Between Two Motor Vehicles in Transport	No	No Controls	2	1	Pain Reported	2	41.82379	-71.42976	FALSE	FALSE	Atwells Ave and Mcavoy Street, Providence, RI, USA	Med High	Raw	NA	FALSE	41.82379	-71.42976	2013	September
2769	2013-09-06	193267	17:39:00	Pedestrian	1	NA	FALSE	FALSE	1	EXCHANGE TER	EXCHANGE ST	2013-09-06	One-Way Trafficway	Dry	Daylight	Clear	Not a Collision Between Two Motor Vehicles in Transport	No	No Controls	4	1	Pain Reported	NA	41.82568	-71.41281	FALSE	FALSE	Exchange Ter and Exchange Street, Providence, RI, USA	Med High	Geocoded	distance greater than 100m	TRUE	41.8250247	-71.4148047	2013	September
2768	2013-09-07	193496	14:37:00	Pedestrian	1	NA	FALSE	FALSE	1	135 MANTON AVE	NA	2013-09-07	Two-Way , Not Divided	Dry	Daylight	Clear	Not a Collision Between Two Motor Vehicles in Transport	No	No Controls	4	1	Pain Reported	NA	41.81955	-71.44636	TRUE	TRUE	135 Manton Ave, Providence, RI, USA	High	Raw	NA	FALSE	41.81955	-71.44636	2013	September
2767	2013-09-09	193944	14:26:00	Bicycle	NA	1	FALSE	FALSE	1	WATERMAN ST	BROOK ST	2013-09-12	One-Way Trafficway	Dry	Daylight	Clear	Sideswipe, Same Direction	No	No Controls	3	1	Pain Reported	NA	41.82738	-71.39959	FALSE	FALSE	Waterman Street and Brook Street, Providence, RI, USA	Med High	Raw	NA	FALSE	41.82738	-71.39959	2013	September
2766	2013-09-10	193844	15:29:00	Pedestrian	1	NA	FALSE	FALSE	1	COOKE ST	ANGELL ST	2013-09-10	One-Way Trafficway	Dry	Daylight	Cloudy	Not a Collision Between Two Motor Vehicles in Transport	No	Stop Signs	2	1	Non-Incapacitating	NA	41.82875	-71.39548	FALSE	FALSE	Cooke Street and Angell Street, Providence, RI, USA	Med High	Raw	NA	FALSE	41.82875	-71.39548	2013	September
2764	2013-09-11	193895	11:37:00	Pedestrian	1	NA	FALSE	FALSE	1	BROAD ST	BROAD ST	2013-09-11	Two-Way, Divided, Unprotected (painted>4feet) Medium	Dry	Daylight	Clear	Other	No	Yield Signs	3	1	Pain Reported	NA	41.81357	-71.42167	FALSE	FALSE	Broad Street and Broad Street, Providence, RI, USA	Med	Unknown	distance greater than 100m	TRUE	NA	NA	2013	September
2765	2013-09-11	196023	16:58:00	Bicycle	1	NA	FALSE	FALSE	1	MOORE ST	UPDIKE ST	2013-09-27	Two-Way , Not Divided	Dry	Daylight	Clear	Other	Yes	No Controls	1	1	Pain Reported	2	41.80484	-71.42136	FALSE	FALSE	Moore Street and Updike Street, Providence, RI, USA	Med High	Raw	NA	FALSE	41.80484	-71.42136	2013	September
2763	2013-09-17	194537	14:58:00	Bicycle	NA	1	FALSE	FALSE	1	VALLEY ST	SCHOOL ST	2013-09-17	Two-Way , Not Divided	Dry	Daylight	Clear	Angle (Front - to - Side) Right Angle (Includes Broadside)	No	No Controls	3	1	Pain Reported	NA	41.81852	-71.44067	FALSE	FALSE	Valley Street and School Street, Providence, RI, USA	Med High	Raw	NA	FALSE	41.81852	-71.44067	2013	September
2760	2013-09-19	194775	11:05:00	Pedestrian	1	NA	FALSE	FALSE	1	321 HARBORSIDE BLVD.	NA	2013-09-19	Two-Way , Not Divided	Dry	Daylight	Clear	Other	No	No Controls	3	1	Pain Reported	2	41.83504	-71.41592	TRUE	TRUE	321 Harborside Blvd., Providence, RI, USA	High	Geocoded	distance greater than 100m	TRUE	41.7861645	-71.391657	2013	September
2761	2013-09-19	194783	11:03:00	Pedestrian	1	NA	FALSE	FALSE	1	BORINQUEN ST	PLAIN ST	2013-09-19	Two-Way , Not Divided	Dry	Daylight	Clear	Head-On (Front - to - Front)	No	No Controls	2	2	Pain Reported	NA	41.80801	-71.41041	FALSE	FALSE	Borinquen Street and Plain Street, Providence, RI, USA	Med High	Raw	NA	FALSE	41.80801	-71.41041	2013	September
2762	2013-09-19	196335	09:40:00	Bicycle	NA	1	FALSE	FALSE	1	TORONTO AVE	TENNESSEE AVE	2013-10-01	Two-Way , Not Divided	Dry	Daylight	Clear	Angle (Front - to - Side) Right Angle (Includes Broadside)	No	Stop Signs	3	1	Pain Reported	NA	41.79308	-71.39514	FALSE	FALSE	Toronto Ave and Tennessee Ave, Providence, RI, USA	Med High	Raw	NA	FALSE	41.79308	-71.39514	2013	September
2757	2013-09-20	195069	16:40:00	Bicycle	NA	1	FALSE	FALSE	1	51 DORCHESTER AVE	NA	2013-09-20	Two-Way , Not Divided	Dry	Daylight	Clear	Not a Collision Between Two Motor Vehicles in Transport	No	No Controls	3	1	Pain Reported	2	41.81197	-71.45235	TRUE	TRUE	51 Dorchester Ave, Providence, RI, USA	High	Raw	NA	FALSE	41.81197	-71.45235	2013	September
2758	2013-09-20	195093	22:15:00	Bicycle	NA	1	FALSE	FALSE	1	LENOX AVE	EMERSON ST	2013-09-20	Two-Way , Not Divided	Dry	Dark - Lighted	Clear	Not a Collision Between Two Motor Vehicles in Transport	No	Traffic Control Signal	4	1	Pain Reported	NA	41.79828	-71.41478	FALSE	FALSE	Lenox Ave and Emerson Street, Providence, RI, USA	Med High	Geocoded	distance greater than 100m	TRUE	41.7979139	-71.4160635	2013	September
2759	2013-09-20	195094	19:52:00	Pedestrian	1	NA	FALSE	FALSE	1	Broad St	STANWOOD ST	2013-09-20	Two-Way, Not Divided With a Continuous Left Turn Lane	Dry	Dark - Lighted	Clear	Not a Collision Between Two Motor Vehicles in Transport	Yes	No Controls	4	1	Incapacitating	3	41.80376	-71.41915	FALSE	FALSE	Broad Street and Stanwood Street, Providence, RI, USA	Med	Raw	NA	FALSE	41.80376	-71.41915	2013	September
2756	2013-09-21	196035	15:56:00	Bicycle	NA	1	FALSE	FALSE	1	BRIDGHAM ST	ELMWOOD AVE	2013-09-29	Two-Way , Not Divided	Dry	Daylight	Clear	Not a Collision Between Two Motor Vehicles in Transport	No	Traffic Control Signal	3	1	Pain Reported	2	41.81277	-71.42218	FALSE	FALSE	Bridgham Street and Elmwood Ave, Providence, RI, USA	Med High	Raw	NA	FALSE	41.81277	-71.42218	2013	September
2753	2013-09-22	195254	02:39:00	Pedestrian	1	NA	FALSE	FALSE	1	BROADWAY	ALMY ST	2013-09-22	Two-Way , Not Divided	Dry	Dark - Lighted	Clear	Unknown	Yes	No Controls	1	0	Unknown	NA	41.81899	-71.43279	FALSE	FALSE	Broadway and Almy Street, Providence, RI, USA	Med	Raw	NA	FALSE	41.81899	-71.43279	2013	September
2754	2013-09-22	195283	02:35:00	Pedestrian	2	NA	FALSE	FALSE	1	South Water St	DYER ST	2013-09-22	One-Way Trafficway	Wet	Dark - Lighted	Cloudy	Not a Collision Between Two Motor Vehicles in Transport	Yes	Pavement Markings	6	3	Pain Reported	2	41.82425	-71.4076	FALSE	FALSE	South Water Street and Dyer Street, Providence, RI, USA	Med High	Raw	NA	FALSE	41.82425	-71.4076	2013	September
2755	2013-09-22	196273	04:00:00	Pedestrian	1	NA	FALSE	FALSE	1	EXIT 25	I 95	2013-09-22	One-Way Trafficway	Wet	Dark - Lighted	Rain	Not a Collision Between Two Motor Vehicles in Transport	Yes	No Controls	1	1	Non-Incapacitating	NA	41.85322	-71.40834	FALSE	FALSE	Exit 25 and I 95, Providence, RI, USA	Med High	Geocoded	distance greater than 100m	TRUE	43.4075026	-70.5624753	2013	September
2752	2013-09-23	195345	17:29:00	Pedestrian	1	NA	FALSE	FALSE	1	HANDY ST	AMHERST ST	2013-09-23	Two-Way , Not Divided	Dry	Daylight	Clear	Head-On (Front - to - Front)	Yes	No Controls	1	1	Pain Reported	NA	41.82347	-71.44813	FALSE	FALSE	Handy Street and Amherst Street, Providence, RI, USA	Med High	Raw	NA	FALSE	41.82347	-71.44813	2013	September
2750	2013-09-24	195560	16:40:00	Bicycle	NA	1	FALSE	FALSE	1	CHARLES ST	CHARLES ST	2013-09-24	Two-Way , Not Divided	Dry	Daylight	Clear	Angle (Front - to - Side) Right Angle (Includes Broadside)	No	Traffic Control Signal	4	0	No Injury	NA	41.83585	-71.41178	FALSE	FALSE	Charles Street and Charles Street, Providence, RI, USA	Med	Unknown	distance greater than 100m	TRUE	NA	NA	2013	September
2751	2013-09-24	195562	17:27:00	Pedestrian	1	NA	FALSE	FALSE	1	325 PUBLIC ST	NA	2013-09-24	Two-Way , Not Divided	Dry	Daylight	Clear	Not a Collision Between Two Motor Vehicles in Transport	No	No Controls	3	1	Pain Reported	2	41.80542	-71.41536	TRUE	TRUE	325 Public Street, Providence, RI, USA	High	Geocoded	distance greater than 100m	TRUE	41.8071025	-71.4105943	2013	September
2748	2013-09-25	195659	08:11:00	Bicycle	NA	1	FALSE	FALSE	1	LAUREL HILL AVENUE	STERLING AVENUE	2013-09-25	Two-Way , Not Divided	Dry	Daylight	Clear	Other	No	Stop Signs	4	1	Pain Reported	2	41.83201	-71.41745	FALSE	FALSE	Laurel Hill Avenue and Sterling Avenue, Providence, RI, USA	Med High	Geocoded	distance greater than 100m	TRUE	41.8095959	-71.4532996	2013	September
2749	2013-09-25	195688	18:12:00	Pedestrian	1	NA	FALSE	FALSE	1	WICKENDEN STREET	EAST ST	2013-09-25	Two-Way , Not Divided	Dry	Dusk	Clear	Not a Collision Between Two Motor Vehicles in Transport	Yes	Stop Signs	3	1	Pain Reported	NA	41.82006	-71.39458	FALSE	FALSE	Wickenden Street and East Street, Providence, RI, USA	Med High	Raw	NA	FALSE	41.82006	-71.39458	2013	September
2746	2013-09-27	195894	11:48:00	Bicycle	NA	1	FALSE	FALSE	2	WESTMINISTER STREET	NA	2013-09-27	Two-Way , Not Divided	Dry	Daylight	Clear	Sideswipe, Same Direction	No	No Controls	3	0	No Injury	2	41.82527	-71.41912	FALSE	TRUE	Westminister Street, Providence, RI, USA	Inaccurate	Geocoded	distance greater than 100m	TRUE	41.8171825	-71.4257801	2013	September
2747	2013-09-27	195900	13:57:00	Pedestrian	1	NA	FALSE	FALSE	1	BROAD STREET	DAVE GAVITT WAY	2013-09-27	Two-Way , Not Divided	Dry	Daylight	Clear	Other	No	Traffic Control Signal	3	0	No Injury	2	41.82955	-71.41802	FALSE	FALSE	Broad Street and Dave Gavitt Way, Providence, RI, USA	Med	Geocoded	distance greater than 100m	TRUE	41.8179551	-71.4162673	2013	September
2745	2013-09-28	195944	00:35:00	Pedestrian	2	NA	FALSE	FALSE	1	Atwells Ave	WEEDEN ST	2013-09-28	Two-Way , Not Divided	Dry	Dark - Lighted	Clear	Not a Collision Between Two Motor Vehicles in Transport	Yes	Traffic Control Signal	2	2	Pain Reported	2	41.82342	-71.42456	FALSE	FALSE	Atwells Ave and Weeden Street, Providence, RI, USA	Med High	Raw	NA	FALSE	41.82342	-71.42456	2013	September
2744	2013-09-29	196729	11:43:00	Pedestrian	1	NA	FALSE	FALSE	1	ELMWOOD AVE	WEST FRIENDSHIP ST	2013-10-02	Two-Way , Not Divided	Dry	Daylight	Clear	Other	No	No Controls	2	0	No Injury	NA	41.80989	-71.42405	FALSE	FALSE	Elmwood Ave and West Friendship Street, Providence, RI, USA	Med High	Raw	NA	FALSE	41.80989	-71.42405	2013	September
2743	2013-09-30	196174	13:13:00	Pedestrian	1	NA	FALSE	FALSE	1	BRANCH AVENUE	NORTH MAIN STREET	2013-09-30	Two-Way , Not Divided	Dry	Daylight	Clear	Other	No	No Controls	3	1	Pain Reported	2	41.82602	-71.41884	FALSE	FALSE	Branch Avenue and North Main Street, Providence, RI, USA	Med	Geocoded	distance greater than 100m	TRUE	41.8420469	-71.4079105	2013	September
2741	2013-10-01	196341	11:36:00	Pedestrian	1	NA	FALSE	FALSE	1	KENNEDY PLZ	EXCHANGE ST	2013-10-01	One-Way Trafficway	Dry	Daylight	Clear	Not a Collision Between Two Motor Vehicles in Transport	No	No Controls	3	1	Incapacitating	1	41.82537	-71.41058	FALSE	FALSE	Kennedy Plz and Exchange Street, Providence, RI, USA	Med High	Raw	NA	FALSE	41.82537	-71.41058	2013	October
2742	2013-10-01	196462	16:54:00	Pedestrian	1	NA	FALSE	FALSE	1	MANTON AVE	ORTOLEVA DR	2013-10-01	Two-Way , Not Divided	Dry	Daylight	Clear	Not a Collision Between Two Motor Vehicles in Transport	Yes	No Controls	1	1	Pain Reported	NA	41.82589	-71.45777	FALSE	FALSE	Manton Ave and Ortoleva Dr, Providence, RI, USA	Med High	Raw	NA	FALSE	41.82589	-71.45777	2013	October
2740	2013-10-03	196794	21:14:00	Pedestrian	1	NA	FALSE	FALSE	1	100 Harborside Blvd	HARBORSIDE BLVD	2013-10-04	Two-Way , Not Divided	Dry	Dark - Lighted	Clear	Not a Collision Between Two Motor Vehicles in Transport	No	No Controls	6	1	Incapacitating	2	41.78639	-71.39141	TRUE	FALSE	100 Harborside Blvd, Providence, RI, USA	High	Raw	NA	FALSE	41.78639	-71.39141	2013	October
2738	2013-10-04	196832	08:15:00	Pedestrian	1	NA	FALSE	FALSE	1	PETTEYS AVE	GLENBRIDGE AVE	2013-10-04	Two-Way , Not Divided	Dry	Daylight	Cloudy	Not a Collision Between Two Motor Vehicles in Transport	Yes	Traffic Control Signal	3	1	Pain Reported	NA	41.81897	-71.46159	FALSE	FALSE	Petteys Ave and Glenbridge Ave, Providence, RI, USA	Med High	Raw	NA	FALSE	41.81897	-71.46159	2013	October
2739	2013-10-04	196850	11:55:00	Bicycle	NA	1	FALSE	FALSE	1	BLACKSTONE BLVD	BUTLER DR	2013-10-04	Two-Way, Divided, Unprotected (painted>4feet) Medium	Wet	Daylight	Rain	Angle (Front - to - Side) Right Angle (Includes Broadside)	No	No Controls	3	0	No Injury	NA	41.84616	-71.38677	FALSE	FALSE	Blackstone Blvd and Butler Dr, Providence, RI, USA	Med	Raw	distance greater than 100m	TRUE	41.84616	-71.38677	2013	October
2737	2013-10-05	196963	07:25:00	Bicycle	NA	1	FALSE	FALSE	1	1880 WESTMINSTER ST	TROY ST	2013-10-05	Two-Way , Not Divided	Dry	Daylight	Cloudy	Not a Collision Between Two Motor Vehicles in Transport	No	No Controls	3	0	No Injury	NA	41.81649	-71.44118	TRUE	FALSE	1880 Westminster Street, Providence, RI, USA	High	Raw	NA	FALSE	41.81649	-71.44118	2013	October
2735	2013-10-06	197120	16:20:00	Pedestrian	1	NA	FALSE	FALSE	1	MESSER ST	NA	2013-10-06	Two-Way , Not Divided	Unknown	Unknown	Clear	Unknown	Yes	No Controls	1	1	Pain Reported	2	41.8109	-71.4354	FALSE	TRUE	Messer Street, Providence, RI, USA	Inaccurate	Raw	distance greater than 100m	TRUE	41.8109	-71.4354	2013	October
2736	2013-10-06	197725	22:02:00	Pedestrian	1	NA	FALSE	FALSE	1	365 Atwells Ave	NA	2013-10-07	Two-Way , Not Divided	Wet	Dark - Lighted	Rain	Not a Collision Between Two Motor Vehicles in Transport	No	No Controls	3	1	Pain Reported	NA	41.82379	-71.42978	TRUE	TRUE	365 Atwells Ave, Providence, RI, USA	High	Raw	NA	FALSE	41.82379	-71.42978	2013	October
2734	2013-10-07	197272	18:09:00	Pedestrian	1	1	FALSE	FALSE	1	ACADEMY AVENUE	WHITFORD AVENUE	2013-10-07	Two-Way , Not Divided	Dry	Daylight	Clear	Not a Collision Between Two Motor Vehicles in Transport	No	Stop Signs	5	2	Incapacitating	2	41.82351	-71.43477	FALSE	FALSE	Academy Avenue and Whitford Avenue, Providence, RI, USA	Med High	Geocoded	distance greater than 100m	TRUE	41.8389717	-71.4448616	2013	October