row_number	crash_date	crash_report_id	crash_time	collision_type	count_pedestrian	count_bicycle	scooter	wheel_chair	number_of_vehicles	street_or_highway	nearest_intersection	report_date	type_of_roadway	road_surface_condition	light_condition	weather_condition	manner_of_impact	hit_and_run	traffic_control	person_count	injury_count	most_serious_injury	number_of_lanes	lat_raw	lon_raw	has_st_number	is_intersection_null	address_sent_to_geocoder	api_coord_conf	best_coordinate_set	reason_for_qa	manually_qaed_record	final_lat	final_lon	year	month
2538	2014-07-02	240185	11:51:00	Pedestrian	1	NA	FALSE	FALSE	1	Public Street	BROAD ST	2014-07-02	Two-Way , Not Divided	Dry	Daylight	Clear	Not a Collision Between Two Motor Vehicles in Transport	No	Traffic Control Signal	2	1	Pain Reported	NA	41.80441	-71.41937	FALSE	FALSE	Public Street and Broad Street, Providence, RI, USA	Med High	Raw	NA	FALSE	41.80441	-71.41937	2014	July
2539	2014-07-02	240363	18:35:00	Pedestrian	1	NA	FALSE	FALSE	1	319 Lowell Ave	NYE ST	2014-07-02	Two-Way , Not Divided	Dry	Daylight	Clear	Not a Collision Between Two Motor Vehicles in Transport	No	No Controls	4	1	Pain Reported	2	41.81858	-71.46092	TRUE	FALSE	319 Lowell Ave, Providence, RI, USA	High	Raw	NA	FALSE	41.81858	-71.46092	2014	July
2537	2014-07-03	240508	14:43:00	Bicycle	NA	1	FALSE	FALSE	1	1055 WESTMINSTER ST	HOOD ST	2014-07-03	Two-Way , Not Divided	Dry	Daylight	Clear	Not a Collision Between Two Motor Vehicles in Transport	No	No Controls	3	1	Pain Reported	NA	41.81715	-71.42596	TRUE	FALSE	1055 Westminster Street, Providence, RI, USA	High	Raw	NA	FALSE	41.81715	-71.42596	2014	July
2535	2014-07-06	240832	00:42:00	Bicycle	NA	1	FALSE	FALSE	1	108 Vinton St.	GROVE ST	2014-07-06	One-Way Trafficway	Dry	Dark - Lighted	Clear	Not a Collision Between Two Motor Vehicles in Transport	No	No Controls	4	1	Pain Reported	NA	41.82113	-71.42879	TRUE	FALSE	108 Vinton St., Providence, RI, USA	High	Raw	NA	FALSE	41.82113	-71.42879	2014	July
2536	2014-07-06	240882	02:03:00	Pedestrian	1	NA	FALSE	FALSE	1	Fountain St	Clemence St	2014-07-06	One-Way Trafficway	Dry	Dark - Lighted	Clear	Not a Collision Between Two Motor Vehicles in Transport	Yes	No Controls	5	1	Incapacitating	NA	41.82406	-71.41535	FALSE	FALSE	Fountain Street and Clemence Street, Providence, RI, USA	Med High	Raw	NA	FALSE	41.82406	-71.41535	2014	July
2534	2014-07-07	241528	10:05:00	Bicycle	NA	1	FALSE	FALSE	1	CHARLES ST	BRANCH AVE	2014-07-10	Two-Way , Not Divided	Dry	Daylight	Clear	Angle (Front - to - Side) Same Direction	Yes	Traffic Control Signal	1	0	No Injury	NA	41.85026	-71.41998	FALSE	FALSE	Charles Street and Branch Ave, Providence, RI, USA	Med	Raw	NA	FALSE	41.85026	-71.41998	2014	July
2533	2014-07-08	241405	23:13:00	Bicycle	NA	1	FALSE	FALSE	1	BROAD ST	STANWOOD ST	2014-07-09	Two-Way , Not Divided	Dry	Dark - Lighted	Clear	Not a Collision Between Two Motor Vehicles in Transport	No	No Controls	2	1	Pain Reported	NA	41.80382	-71.41917	FALSE	FALSE	Broad Street and Stanwood Street, Providence, RI, USA	Med	Raw	NA	FALSE	41.80382	-71.41917	2014	July
2532	2014-07-09	241527	21:42:00	Bicycle	NA	1	FALSE	FALSE	1	N MAIN ST	OLNEY ST	2014-07-10	One-Way Trafficway	Dry	Dark - Lighted	Clear	Angle (Front - to - Side) Right Angle (Includes Broadside)	No	Stop Signs	2	1	Pain Reported	NA	41.83639	-71.40965	FALSE	FALSE	N Main Street and Olney Street, Providence, RI, USA	Med	Raw	distance greater than 100m	TRUE	41.83639	-71.40965	2014	July
2531	2014-07-10	241700	19:02:00	Pedestrian	1	NA	FALSE	FALSE	1	Morning Star Row	PINE ST	2014-07-11	Two-Way , Not Divided	Dry	Daylight	Clear	Other	No	No Controls	6	1	Incapacitating	2	41.81158	-71.42005	FALSE	FALSE	Morning Star Row and Pine Street, Providence, RI, USA	Med	Raw	NA	FALSE	41.81158	-71.42005	2014	July
2530	2014-07-12	241995	11:47:00	Bicycle	NA	1	FALSE	FALSE	1	CRANSTON STREET	DEXTER STREET	2014-07-12	Two-Way , Not Divided	Dry	Daylight	Clear	Other	No	Traffic Control Signal	2	1	Non-Incapacitating	2	41.83208	-71.41765	FALSE	FALSE	Cranston Street and Dexter Street, Providence, RI, USA	Med High	Geocoded	distance greater than 100m	TRUE	41.8126029	-71.429588	2014	July
2528	2014-07-14	242258	01:18:00	Pedestrian	1	NA	FALSE	FALSE	1	80 Putnam St	NA	2014-07-14	Two-Way , Not Divided	Dry	Dark - Lighted	Clear	Not a Collision Between Two Motor Vehicles in Transport	No	No Controls	2	1	Pain Reported	NA	41.82271	-71.44404	TRUE	TRUE	80 Putnam Street, Providence, RI, USA	High	Raw	NA	FALSE	41.82271	-71.44404	2014	July
2529	2014-07-14	242371	18:15:00	Pedestrian	1	NA	FALSE	FALSE	1	Dean St	BROADWAY	2014-07-14	Two-Way , Not Divided	Wet	Daylight	Cloudy	Not a Collision Between Two Motor Vehicles in Transport	No	Traffic Control Signal	3	1	Pain Reported	2	41.82142	-71.42254	FALSE	FALSE	Dean Street and Broadway, Providence, RI, USA	Med High	Raw	NA	FALSE	41.82142	-71.42254	2014	July
2527	2014-07-15	242604	17:11:00	Pedestrian	1	NA	FALSE	FALSE	1	ATWELLS AVE	CUTLER ST	2014-07-15	Two-Way , Not Divided	Dry	Daylight	Clear	Not a Collision Between Two Motor Vehicles in Transport	Yes	No Controls	3	1	Pain Reported	2	41.82468	-71.44157	FALSE	FALSE	Atwells Ave and Cutler Street, Providence, RI, USA	Med High	Raw	NA	FALSE	41.82468	-71.44157	2014	July
2526	2014-07-16	242666	15:09:00	Pedestrian	1	NA	FALSE	FALSE	1	1050 CHALKSTONE AVE	NA	2014-07-16	Two-Way , Not Divided	Wet	Daylight	Clear	Not a Collision Between Two Motor Vehicles in Transport	No	No Controls	4	1	Pain Reported	2	41.83231	-71.4427	TRUE	TRUE	1050 Chalkstone Ave, Providence, RI, USA	High	Raw	NA	FALSE	41.83231	-71.4427	2014	July
2525	2014-07-18	243339	23:01:00	Pedestrian	1	NA	FALSE	FALSE	1	159 Bridgham St	Westminster St	2014-07-18	Two-Way , Not Divided	Dry	Dark - Lighted	Clear	Unknown	Yes	No Controls	2	1	Pain Reported	2	41.81594	-71.42794	TRUE	FALSE	159 Bridgham Street, Providence, RI, USA	High	Raw	NA	FALSE	41.81594	-71.42794	2014	July
2522	2014-07-21	243719	21:20:00	Bicycle	NA	1	FALSE	FALSE	1	Westminster St	EXCHANGE ST	2014-07-22	One-Way Trafficway	Dry	Dark - Lighted	Clear	Other	No	No Controls	3	1	Pain Reported	1	41.82491	-71.40997	FALSE	FALSE	Westminster Street and Exchange Street, Providence, RI, USA	Med High	Raw	NA	FALSE	41.82491	-71.40997	2014	July
2523	2014-07-21	243746	11:30:00	Bicycle	NA	1	FALSE	FALSE	1	WESTMINSTER ST	SERVICE ROAD 7	2014-07-22	Two-Way , Not Divided	Dry	Daylight	Clear	Other	No	Traffic Control Signal	2	1	Pain Reported	NA	41.81881	-71.41883	FALSE	FALSE	Westminster Street and Service Road 7, Providence, RI, USA	Med High	Raw	NA	FALSE	41.81881	-71.41883	2014	July
2524	2014-07-21	243785	14:04:00	Pedestrian	1	NA	FALSE	FALSE	1	BRANCH AVE	BURLEIGH ST	2014-07-22	Two-Way , Not Divided	Dry	Daylight	Clear	Angle (Front - to - Side) Right Angle (Includes Broadside)	No	No Controls	5	1	Pain Reported	NA	41.85462	-71.43364	FALSE	FALSE	Branch Ave and Burleigh Street, Providence, RI, USA	Med High	Raw	NA	FALSE	41.85462	-71.43364	2014	July
2520	2014-07-25	244187	10:33:00	Pedestrian	1	NA	FALSE	FALSE	1	70 KENNEDY PLZ	NA	2014-07-25	One-Way Trafficway	Dry	Daylight	Clear	Not a Collision Between Two Motor Vehicles in Transport	Yes	No Controls	1	1	Pain Reported	NA	41.8245	-71.41188	TRUE	TRUE	70 Kennedy Plz, Providence, RI, USA	High	Raw	NA	FALSE	41.8245	-71.41188	2014	July
2521	2014-07-25	250019	11:18:00	Bicycle	NA	1	FALSE	FALSE	1	N MAIN ST	MATHILDA STREET	2014-08-28	Two-Way , Not Divided	Dry	Daylight	Clear	Not a Collision Between Two Motor Vehicles in Transport	No	No Controls	2	1	Pain Reported	NA	41.85399	-71.40076	FALSE	FALSE	N Main Street and Mathilda Street, Providence, RI, USA	Med	Raw	NA	FALSE	41.85399	-71.40076	2014	July
2519	2014-07-27	244545	14:24:00	Pedestrian	1	NA	FALSE	FALSE	1	148 DOVER STREET	NA	2014-07-27	Two-Way , Not Divided	Dry	Daylight	Clear	Other	No	No Controls	4	1	Non-Incapacitating	2	41.83691	-71.41438	TRUE	TRUE	148 Dover Street, Providence, RI, USA	High	Geocoded	distance greater than 100m	TRUE	41.8293753	-71.45056	2014	July
2518	2014-07-28	244818	12:21:00	Bicycle	NA	NA	FALSE	FALSE	2	BROAD ST	POTTERS AVE	2014-07-29	Two-Way , Not Divided	Dry	Daylight	Clear	Head-On (Front - to - Front)	No	Traffic Control Signal	3	1	Pain Reported	2	41.7977	-71.41426	FALSE	FALSE	Broad Street and Potters Ave, Providence, RI, USA	Med	Geocoded	distance greater than 100m	TRUE	41.802993	-71.4189101	2014	July
2517	2014-07-30	245268	23:39:00	Bicycle	NA	1	FALSE	FALSE	1	BROADWAY	TOBEY ST	2014-07-31	Two-Way , Not Divided	Dry	Dark - Lighted	Clear	Not a Collision Between Two Motor Vehicles in Transport	Yes	Traffic Control Signal	3	1	Pain Reported	2	41.81848	-71.43503	FALSE	FALSE	Broadway and Tobey Street, Providence, RI, USA	Med	Raw	NA	FALSE	41.81848	-71.43503	2014	July
2516	2014-08-01	245642	20:49:00	Pedestrian	1	NA	FALSE	FALSE	1	Douglas Ave	Candace St	2014-08-02	Two-Way , Not Divided	Dry	Dark - Lighted	Clear	Not a Collision Between Two Motor Vehicles in Transport	Yes	No Controls	1	1	Pain Reported	NA	41.83755	-71.42317	FALSE	FALSE	Douglas Ave and Candace Street, Providence, RI, USA	Med High	Raw	NA	FALSE	41.83755	-71.42317	2014	August
2514	2014-08-03	245740	15:24:00	Pedestrian	1	NA	FALSE	FALSE	1	SAWYER ST	STAMFORD AVE	2014-08-03	Two-Way, Divided, Unprotected (painted>4feet) Medium	Dry	Daylight	Clear	Not a Collision Between Two Motor Vehicles in Transport	No	No Controls	3	1	Pain Reported	2	41.77852	-71.41973	FALSE	FALSE	Sawyer Street and Stamford Ave, Providence, RI, USA	Med High	Raw	NA	FALSE	41.77852	-71.41973	2014	August
2515	2014-08-03	245748	15:36:00	Pedestrian	1	NA	FALSE	FALSE	1	PUTNAM ST	HALE ST	2014-08-03	Two-Way , Not Divided	Dry	Daylight	Clear	Rear - to - Side	Yes	No Controls	1	1	Pain Reported	NA	41.82437	-71.4438	FALSE	FALSE	Putnam Street and Hale Street, Providence, RI, USA	Med High	Raw	NA	FALSE	41.82437	-71.4438	2014	August
2513	2014-08-04	246104	11:35:00	Bicycle	NA	1	FALSE	FALSE	1	1955 WESTMINISTER STREET	NA	2014-08-04	Two-Way , Not Divided	Dry	Daylight	Clear	Unknown	No	No Controls	3	1	Pain Reported	2	41.82955	-71.41802	TRUE	TRUE	1955 Westminister Street, Providence, RI, USA	High	Geocoded	distance greater than 100m	TRUE	41.8170578	-71.4427841	2014	August
2512	2014-08-05	246030	04:52:00	Bicycle	NA	1	FALSE	FALSE	1	Benefit Street	N MAIN ST	2014-08-05	One-Way Trafficway	Dry	Dawn	Clear	Not a Collision Between Two Motor Vehicles in Transport	No	Other	2	1	Pain Reported	NA	41.83471	-71.40983	FALSE	FALSE	Benefit Street and N Main Street, Providence, RI, USA	Med	Raw	distance greater than 100m	TRUE	41.83471	-71.40983	2014	August
2507	2014-08-06	246549	15:43:00	Pedestrian	1	NA	FALSE	FALSE	1	160 Ledge St	HAMPTON ST	2014-08-06	Two-Way , Not Divided	Dry	Daylight	Clear	Not a Collision Between Two Motor Vehicles in Transport	Yes	No Controls	1	1	Pain Reported	2	41.85353	-71.41449	TRUE	FALSE	160 Ledge Street, Providence, RI, USA	High	Raw	NA	FALSE	41.85353	-71.41449	2014	August
2508	2014-08-06	246576	18:34:00	Pedestrian	1	NA	FALSE	FALSE	1	LLOYD AVE	HOPE ST	2014-08-06	Two-Way , Not Divided	Dry	Daylight	Clear	Not a Collision Between Two Motor Vehicles in Transport	No	Pavement Markings	4	0	No Injury	2	41.83155	-71.39975	FALSE	FALSE	Lloyd Ave and Hope Street, Providence, RI, USA	Med High	Raw	NA	FALSE	41.83155	-71.39975	2014	August
2509	2014-08-06	246597	18:39:00	Pedestrian	1	NA	FALSE	FALSE	1	Memorial Blvd	EXCHANGE ST	2014-08-06	Two-Way, Divided, Positive Median Barrier	Dry	Daylight	Clear	Not a Collision Between Two Motor Vehicles in Transport	No	Traffic Control Signal	2	1	Pain Reported	4	41.8269	-71.41213	FALSE	FALSE	Memorial Blvd and Exchange Street, Providence, RI, USA	Med High	Raw	NA	FALSE	41.8269	-71.41213	2014	August
2510	2014-08-06	246634	18:11:00	Bicycle	NA	1	FALSE	FALSE	1	BRANCH AVE	DRYDEN LN	2014-08-07	Two-Way , Not Divided	Dry	Daylight	Clear	Sidwswipe, Opposite Direction	No	No Controls	3	0	Unknown	NA	41.84257	-71.40832	FALSE	FALSE	Branch Ave and Dryden Ln, Providence, RI, USA	Med High	Raw	NA	FALSE	41.84257	-71.40832	2014	August
2511	2014-08-06	248384	12:35:00	Bicycle	NA	1	FALSE	FALSE	1	S MAIN ST	S MAIN ST	2014-08-13	One-Way Trafficway	Dry	Daylight	Clear	Not a Collision Between Two Motor Vehicles in Transport	No	No Controls	2	1	Non-Incapacitating	NA	41.8237	-71.40636	FALSE	FALSE	S Main Street and S Main Street, Providence, RI, USA	Med	Raw	distance greater than 100m	TRUE	41.8237	-71.40636	2014	August
2506	2014-08-07	249311	15:53:00	Bicycle	NA	1	FALSE	FALSE	1	LENOX AVE	NIAGARA ST	2014-08-07	Two-Way , Not Divided	Dry	Daylight	Clear	Not a Collision Between Two Motor Vehicles in Transport	No	No Controls	2	1	Pain Reported	2	41.79726	-71.41813	FALSE	FALSE	Lenox Ave and Niagara Street, Providence, RI, USA	Med High	Raw	NA	FALSE	41.79726	-71.41813	2014	August
2505	2014-08-09	247963	15:25:00	Pedestrian	1	NA	FALSE	FALSE	1	MEMORIAL BLVD	EXCHANGE TER	2014-08-12	Two-Way , Not Divided	Dry	Daylight	Clear	Not a Collision Between Two Motor Vehicles in Transport	No	Traffic Control Signal	3	1	Pain Reported	NA	41.82665	-71.41063	FALSE	FALSE	Memorial Blvd and Exchange Ter, Providence, RI, USA	Med High	Raw	NA	FALSE	41.82665	-71.41063	2014	August
2503	2014-08-11	247437	10:08:00	Bicycle	NA	1	FALSE	FALSE	1	GILMORE STREET	LESTER STREET	2014-08-11	Two-Way , Not Divided	Dry	Daylight	Clear	Other	No	Stop Signs	2	0	No Injury	2	41.83886	-71.41697	FALSE	FALSE	Gilmore Street and Lester Street, Providence, RI, USA	Med High	Geocoded	distance greater than 100m	TRUE	41.813146	-71.4272253	2014	August
2504	2014-08-11	247562	19:42:00	Bicycle	NA	1	FALSE	FALSE	1	BUCKLIN ST	POTTERS AVE	2014-08-11	Two-Way , Not Divided	Dry	Daylight	Clear	Not a Collision Between Two Motor Vehicles in Transport	No	Traffic Control Signal	4	1	Pain Reported	2	41.80175	-71.42765	FALSE	FALSE	Bucklin Street and Potters Ave, Providence, RI, USA	Med High	Raw	NA	FALSE	41.80175	-71.42765	2014	August
2502	2014-08-14	248835	20:48:00	Bicycle	NA	1	FALSE	FALSE	1	WASHINGTON ST	ABORN ST	2014-08-14	Two-Way , Not Divided	Dry	Dark - Lighted	Clear	Not a Collision Between Two Motor Vehicles in Transport	No	No Controls	3	1	Pain Reported	NA	41.82221	-71.41591	FALSE	FALSE	Washington Street and Aborn Street, Providence, RI, USA	Med High	Raw	NA	FALSE	41.82221	-71.41591	2014	August
2501	2014-08-15	248994	06:09:00	Bicycle	NA	1	FALSE	FALSE	1	910 Atwells Ave	COVELL ST	2014-08-15	Two-Way, Divided, Positive Median Barrier	Dry	Daylight	Clear	Head-On (Front - to - Front)	No	No Controls	5	1	Incapacitating	NA	41.82501	-71.44752	TRUE	FALSE	910 Atwells Ave, Providence, RI, USA	High	Raw	NA	FALSE	41.82501	-71.44752	2014	August
2500	2014-08-16	249074	16:28:00	Pedestrian	1	NA	FALSE	FALSE	1	MARINO PARK	HARTFORD AVE	2014-08-16	Two-Way , Not Divided	Dry	Daylight	Clear	Not a Collision Between Two Motor Vehicles in Transport	No	No Controls	3	1	Pain Reported	1	41.81724	-71.44963	FALSE	FALSE	Marino Park and Hartford Ave, Providence, RI, USA	Med	Raw	distance greater than 100m	TRUE	41.81724	-71.44963	2014	August
2498	2014-08-18	249267	11:34:00	Pedestrian	1	NA	FALSE	FALSE	1	SOCIAL ST	RUSSO ST	2014-08-18	Two-Way , Not Divided	Dry	Daylight	Clear	Not a Collision Between Two Motor Vehicles in Transport	Yes	No Controls	1	1	Pain Reported	NA	41.85395	-71.42059	FALSE	FALSE	Social Street and Russo Street, Providence, RI, USA	Med High	Raw	NA	FALSE	41.85395	-71.42059	2014	August
2499	2014-08-18	249282	16:56:00	Bicycle	NA	1	FALSE	FALSE	1	REDWING ST	ELMWOOD AVE	2014-08-18	One-Way Trafficway	Dry	Daylight	Clear	Not a Collision Between Two Motor Vehicles in Transport	No	Stop Signs	3	0	No Injury	NA	41.79938	-71.42656	FALSE	FALSE	Redwing Street and Elmwood Ave, Providence, RI, USA	Med High	Raw	NA	FALSE	41.79938	-71.42656	2014	August
2497	2014-08-20	249365	09:24:00	Bicycle	NA	1	FALSE	FALSE	1	BROAD ST	PORTLAND ST	2014-08-20	Two-Way , Not Divided	Dry	Daylight	Clear	Other	No	No Controls	2	2	Pain Reported	NA	41.81415	-71.4213	FALSE	FALSE	Broad Street and Portland Street, Providence, RI, USA	Med	Raw	NA	FALSE	41.81415	-71.4213	2014	August
2496	2014-08-21	249476	15:21:00	Pedestrian	1	NA	FALSE	FALSE	1	Francis St	MEMORIAL BLVD	2014-08-21	Two-Way , Not Divided	Dry	Daylight	Cloudy	Other	Yes	Traffic Control Signal	3	1	Pain Reported	5	41.82602	-71.4154	FALSE	FALSE	Francis Street and Memorial Blvd, Providence, RI, USA	Med	Raw	NA	FALSE	41.82602	-71.4154	2014	August
2495	2014-08-22	249650	21:54:00	Pedestrian	2	NA	FALSE	FALSE	1	CRANSTON ST	HANOVER ST	2014-08-23	Two-Way , Not Divided	Dry	Dark - Lighted	Clear	Not a Collision Between Two Motor Vehicles in Transport	Yes	No Controls	3	2	Pain Reported	2	41.80927	-71.43373	FALSE	FALSE	Cranston Street and Hanover Street, Providence, RI, USA	Med High	Raw	NA	FALSE	41.80927	-71.43373	2014	August
2494	2014-08-23	249615	08:40:00	Bicycle	NA	1	FALSE	FALSE	1	ELMWOOD AVENUE	EARL STREET	2014-08-23	Two-Way , Not Divided	Dry	Daylight	Clear	Unknown	No	Stop Signs	3	1	Pain Reported	4	41.83616	-71.41597	FALSE	FALSE	Elmwood Avenue and Earl Street, Providence, RI, USA	Med High	Geocoded	distance greater than 100m	TRUE	41.7981132	-71.4262189	2014	August
2493	2014-08-24	249685	23:15:00	Bicycle	NA	1	FALSE	FALSE	1	PRAIRIE AVE	POTTERS AVE	2014-08-24	Two-Way , Not Divided	Dry	Dark - Lighted	Clear	Not a Collision Between Two Motor Vehicles in Transport	No	Stop Signs	2	1	Pain Reported	NA	41.80388	-71.41411	FALSE	FALSE	Prairie Ave and Potters Ave, Providence, RI, USA	Med High	Raw	NA	FALSE	41.80388	-71.41411	2014	August
2492	2014-08-25	249743	09:25:00	Pedestrian	1	NA	FALSE	FALSE	1	206 ELMWOOD AVE	ELMWOOD AVE	2014-08-25	Two-Way , Not Divided	Dry	Daylight	Clear	Not a Collision Between Two Motor Vehicles in Transport	Yes	No Controls	3	1	Non-Incapacitating	NA	41.80779	-71.42478	TRUE	FALSE	206 Elmwood Ave, Providence, RI, USA	High	Raw	NA	FALSE	41.80779	-71.42478	2014	August
2490	2014-08-26	249914	09:20:00	Pedestrian	1	NA	FALSE	FALSE	1	65 GILLEN ST	NA	2014-08-26	Unknown	Dry	Daylight	Clear	Not a Collision Between Two Motor Vehicles in Transport	No	No Controls	2	0	No Injury	NA	41.85282	-71.41938	TRUE	TRUE	65 Gillen Street, Providence, RI, USA	High	Geocoded	distance greater than 100m	TRUE	41.8532591	-71.4178535	2014	August
2491	2014-08-26	249978	20:09:00	Bicycle	NA	1	FALSE	FALSE	1	Broadway	KNIGHT ST	2014-08-27	Two-Way , Not Divided	Dry	Dark - Lighted	Cloudy	Other	No	No Controls	2	1	Pain Reported	2	41.8197	-71.42978	FALSE	FALSE	Broadway and Knight Street, Providence, RI, USA	Med	Raw	NA	FALSE	41.8197	-71.42978	2014	August
2487	2014-08-28	250012	08:00:00	Bicycle	NA	1	FALSE	FALSE	1	80 WASHINGTON STREET	I 95 S	2014-08-28	Two-Way , Not Divided	Dry	Daylight	Clear	Other	No	No Controls	2	1	Non-Incapacitating	2	41.83618	-71.41545	TRUE	FALSE	80 Washington Street, Providence, RI, USA	High	Geocoded	distance greater than 100m	TRUE	41.823351099999996	-71.4138689	2014	August
2488	2014-08-28	250029	16:27:00	Bicycle	NA	1	FALSE	FALSE	1	JASTRAM ST	EATON ST	2014-08-28	Two-Way, Divided, Unprotected (painted>4feet) Medium	Dry	Daylight	Clear	Angle (Front - to - Side) Right Angle (Includes Broadside)	Yes	Stop Signs	3	1	Pain Reported	NA	41.84341	-71.44338	FALSE	FALSE	Jastram Street and Eaton Street, Providence, RI, USA	Med High	Raw	NA	FALSE	41.84341	-71.44338	2014	August
2489	2014-08-28	250034	15:26:00	Bicycle	NA	1	FALSE	FALSE	1	MELROSE ST	CADILLAC DR	2014-08-28	Two-Way , Not Divided	Dry	Daylight	Clear	Sideswipe, Same Direction	No	No Controls	2	1	Pain Reported	NA	41.79036	-71.41842	FALSE	FALSE	Melrose Street and Cadillac Dr, Providence, RI, USA	Med High	Raw	NA	FALSE	41.79036	-71.41842	2014	August
2486	2014-08-29	250096	14:30:00	Bicycle	NA	1	FALSE	FALSE	1	BROAD ST	ALDRICH ST	2014-08-29	Two-Way , Not Divided	Dry	Daylight	Clear	Not a Collision Between Two Motor Vehicles in Transport	Yes	Stop Signs	1	1	Pain Reported	NA	41.79362	-71.40898	FALSE	FALSE	Broad Street and Aldrich Street, Providence, RI, USA	Med	Raw	NA	FALSE	41.79362	-71.40898	2014	August
2485	2014-08-31	250177	01:37:00	Pedestrian	1	NA	FALSE	FALSE	1	331 Douglas Ave	Pumgansett Ave	2014-08-31	Two-Way , Not Divided	Dry	Dark - Lighted	Clear	Not a Collision Between Two Motor Vehicles in Transport	Yes	No Controls	2	1	Fatal	NA	41.83987	-71.42639	TRUE	FALSE	331 Douglas Ave, Providence, RI, USA	High	Raw	NA	FALSE	41.83987	-71.42639	2014	August
2484	2014-09-02	250389	11:01:00	Pedestrian	1	NA	FALSE	FALSE	1	CORLISS ST	INDUSTRIAL DR	2014-09-02	Unknown	Dry	Daylight	Clear	Other	No	No Controls	3	1	Pain Reported	NA	41.84147	-71.41231	FALSE	FALSE	Corliss Street and Industrial Dr, Providence, RI, USA	Med High	Raw	NA	FALSE	41.84147	-71.41231	2014	September
2478	2014-09-04	250586	09:05:00	Pedestrian	1	NA	FALSE	FALSE	1	Memorial Blvd	EXCHANGE ST	2014-09-04	Two-Way, Divided, Positive Median Barrier	Dry	Daylight	Clear	Sideswipe, Same Direction	Yes	Traffic Control Signal	1	1	Pain Reported	NA	41.8268	-71.41212	FALSE	FALSE	Memorial Blvd and Exchange Street, Providence, RI, USA	Med High	Raw	NA	FALSE	41.8268	-71.41212	2014	September
2479	2014-09-04	250607	10:09:00	Bicycle	NA	1	FALSE	FALSE	1	BROAD STREET	PUBLIC STREET	2014-09-04	Two-Way , Not Divided	Dry	Daylight	Clear	Other	No	Traffic Control Signal	3	1	Non-Incapacitating	2	41.83349	-71.41682	FALSE	FALSE	Broad Street and Public Street, Providence, RI, USA	Med	Geocoded	distance greater than 100m	TRUE	41.804449	-71.4193596	2014	September
2480	2014-09-04	250645	16:20:00	Other	NA	NA	FALSE	TRUE	1	BROAD ST	CLAVERICK ST	2014-09-04	One-Way Trafficway	Dry	Daylight	Clear	Rear End(Front-to-Rear)	Yes	Other	3	0	No Injury	NA	41.81938	-71.41493	FALSE	FALSE	Broad Street and Claverick Street, Providence, RI, USA	Med	Raw	NA	FALSE	41.81938	-71.41493	2014	September
2481	2014-09-04	250649	16:42:00	Bicycle	NA	1	FALSE	FALSE	1	100 Atwells Ave	EXIT 21  (RT )	2014-09-04	Two-Way , Not Divided	Dry	Daylight	Clear	Not a Collision Between Two Motor Vehicles in Transport	No	No Controls	2	0	No Injury	2	41.82319	-71.42117	TRUE	FALSE	100 Atwells Ave, Providence, RI, USA	High	Raw	NA	FALSE	41.82319	-71.42117	2014	September
2482	2014-09-04	250651	16:20:00	Bicycle	NA	1	FALSE	FALSE	1	SMITH ST	CHALKSTONE AVE	2014-09-04	Two-Way , Not Divided	Dry	Daylight	Clear	Angle (Front - to - Side) Right Angle (Includes Broadside)	Yes	No Controls	1	1	Non-Incapacitating	NA	41.83521	-71.42564	FALSE	FALSE	Smith Street and Chalkstone Ave, Providence, RI, USA	Med High	Raw	NA	FALSE	41.83521	-71.42564	2014	September
2483	2014-09-04	250668	17:26:00	Bicycle	NA	1	FALSE	FALSE	1	Broad St	PENNSYLVANIA AVE	2014-09-04	One-Way Trafficway	Dry	Daylight	Clear	Not a Collision Between Two Motor Vehicles in Transport	No	No Controls	2	0	No Injury	1	41.79744	-71.41373	FALSE	FALSE	Broad Street and Pennsylvania Ave, Providence, RI, USA	Med	Raw	NA	FALSE	41.79744	-71.41373	2014	September
2477	2014-09-06	250925	17:24:00	Pedestrian	1	NA	FALSE	FALSE	1	420 Charles St	LOMBARDI ST	2014-09-06	Two-Way , Not Divided	Dry	Daylight	Clear	Not a Collision Between Two Motor Vehicles in Transport	No	Pavement Markings	4	1	Pain Reported	2	41.84674	-71.41931	TRUE	FALSE	420 Charles Street, Providence, RI, USA	High	Geocoded	distance greater than 100m	TRUE	41.8443389	-71.4188117	2014	September
2476	2014-09-07	250958	02:33:00	Pedestrian	1	NA	FALSE	FALSE	1	WEYBOSSET ST	EDDY ST	2014-09-07	Two-Way , Not Divided	Wet	Dark - Lighted	Rain	Not a Collision Between Two Motor Vehicles in Transport	Yes	Pavement Markings	2	1	Pain Reported	NA	41.8227	-71.41138	FALSE	FALSE	Weybosset Street and Eddy Street, Providence, RI, USA	Med High	Raw	NA	FALSE	41.8227	-71.41138	2014	September
2473	2014-09-10	251325	12:28:00	Pedestrian	1	NA	FALSE	FALSE	1	SARATOGA ST	BROAD ST	2014-09-10	Two-Way , Not Divided	Dry	Daylight	Clear	Not a Collision Between Two Motor Vehicles in Transport	Yes	Stop Signs	2	1	Pain Reported	NA	41.80411	-71.41926	FALSE	FALSE	Saratoga Street and Broad Street, Providence, RI, USA	Med High	Raw	NA	FALSE	41.80411	-71.41926	2014	September