row_number	crash_date	crash_report_id	crash_time	collision_type	count_pedestrian	count_bicycle	scooter	wheel_chair	number_of_vehicles	street_or_highway	nearest_intersection	report_date	type_of_roadway	road_surface_condition	light_condition	weather_condition	manner_of_impact	hit_and_run	traffic_control	person_count	injury_count	most_serious_injury	number_of_lanes	lat_raw	lon_raw	has_st_number	is_intersection_null	address_sent_to_geocoder	api_coord_conf	best_coordinate_set	reason_for_qa	manually_qaed_record	final_lat	final_lon	year	month
2410	2014-11-13	259797	18:32:00	Pedestrian	1	NA	FALSE	FALSE	1	CLAVERICK ST	BROAD ST	2014-11-13	One-Way Trafficway	Dry	Dark - Not Lighted	Clear	Not a Collision Between Two Motor Vehicles in Transport	No	Traffic Control Signal	4	1	Pain Reported	NA	41.81936	-71.41492	FALSE	FALSE	Claverick Street and Broad Street, Providence, RI, USA	Med High	Raw	NA	FALSE	41.81936	-71.41492	2014	November
2409	2014-11-14	259916	13:44:00	Pedestrian	1	NA	FALSE	FALSE	1	BRANCH AVE	DRYDEN LN	2014-11-14	Unknown	Dry	Daylight	Clear	Not a Collision Between Two Motor Vehicles in Transport	No	No Controls	2	1	Pain Reported	NA	41.84341	-71.40865	FALSE	FALSE	Branch Ave and Dryden Ln, Providence, RI, USA	Med High	Raw	NA	FALSE	41.84341	-71.40865	2014	November
2408	2014-11-15	260188	17:33:00	Pedestrian	1	NA	FALSE	FALSE	1	Amherst Street	FLORENCE ST	2014-11-15	Two-Way , Not Divided	Dry	Dark - Lighted	Clear	Angle (Front - to - Side) Same Direction	No	Stop Signs	4	1	Pain Reported	NA	41.82327	-71.44575	FALSE	FALSE	Amherst Street and Florence Street, Providence, RI, USA	Med High	Raw	NA	FALSE	41.82327	-71.44575	2014	November
2405	2014-11-17	260487	14:15:00	Pedestrian	1	NA	FALSE	FALSE	1	100 HARTFORD AVE	EDNA ST	2014-11-17	Two-Way, Divided, Unprotected (painted>4feet) Medium	Wet	Daylight	Rain	Other	No	No Controls	5	1	Pain Reported	NA	41.81688	-71.44587	TRUE	FALSE	100 Hartford Ave, Providence, RI, USA	High	Raw	NA	FALSE	41.81688	-71.44587	2014	November
2406	2014-11-17	260499	17:34:00	Pedestrian	1	NA	FALSE	FALSE	1	CANDACE ST	ORMS ST	2014-11-17	Two-Way , Not Divided	Wet	Dark - Unknown Lighting	Rain	Angle (Front - to - Side) Right Angle (Includes Broadside)	No	Traffic Control Signal	2	1	Pain Reported	NA	41.8338	-71.4219	FALSE	FALSE	Candace Street and Orms Street, Providence, RI, USA	Med High	Raw	NA	FALSE	41.8338	-71.4219	2014	November
2407	2014-11-17	260507	17:48:00	Pedestrian	1	NA	FALSE	FALSE	1	122 BATH ST	ORMS ST	2014-11-17	Two-Way , Not Divided	Wet	Dark - Lighted	Rain	Not a Collision Between Two Motor Vehicles in Transport	No	No Controls	3	1	Pain Reported	NA	41.83354	-71.42555	TRUE	FALSE	122 Bath Street, Providence, RI, USA	High	Raw	NA	FALSE	41.83354	-71.42555	2014	November
2404	2014-11-18	260619	17:03:00	Pedestrian	1	NA	FALSE	FALSE	1	CHALKSTONE AVENUE	CANTON STREET	2014-11-18	Two-Way , Not Divided	Dry	Dark - Lighted	Clear	Not a Collision Between Two Motor Vehicles in Transport	Yes	No Controls	2	0	Unknown	2	41.82937	-71.41803	FALSE	FALSE	Chalkstone Avenue and Canton Street, Providence, RI, USA	Med High	Geocoded	distance greater than 100m	TRUE	41.8323096	-71.4425118	2014	November
2403	2014-11-21	261044	00:31:00	Bicycle	NA	1	FALSE	FALSE	1	WASHINGTON ST	EMPIRE ST	2014-11-21	Two-Way , Not Divided	Dry	Dark - Lighted	Clear	Not a Collision Between Two Motor Vehicles in Transport	No	Traffic Control Signal	2	1	Incapacitating	NA	41.82182	-71.41645	FALSE	FALSE	Washington Street and Empire Street, Providence, RI, USA	Med	Raw	NA	FALSE	41.82182	-71.41645	2014	November
2402	2014-11-22	261424	13:07:00	Pedestrian	1	NA	FALSE	FALSE	1	871 ELMWOOD AVE	ROGER WILLIAMS CT	2014-11-22	Two-Way , Not Divided	Dry	Daylight	Clear	Other	Yes	No Controls	3	1	Pain Reported	NA	41.78885	-71.4212	TRUE	FALSE	871 Elmwood Ave, Providence, RI, USA	High	Raw	NA	FALSE	41.78885	-71.4212	2014	November
2399	2014-11-24	261631	17:08:00	Pedestrian	1	NA	FALSE	FALSE	1	WEYBOSSET ST	SNOW ST	2014-11-24	Two-Way, Divided, Unprotected (painted>4feet) Medium	Wet	Dark - Lighted	Cloudy	Not a Collision Between Two Motor Vehicles in Transport	No	Other	3	0	No Injury	NA	41.82068	-71.41328	FALSE	FALSE	Weybosset Street and Snow Street, Providence, RI, USA	Med High	Raw	NA	FALSE	41.82068	-71.41328	2014	November
2400	2014-11-24	261597	13:54:00	Pedestrian	1	NA	FALSE	FALSE	1	HOPE ST	WICKENDEN ST	2014-11-24	Two-Way , Not Divided	Wet	Daylight	Rain	Other	No	No Controls	2	1	Pain Reported	NA	41.81982	-71.39543	FALSE	FALSE	Hope Street and Wickenden Street, Providence, RI, USA	Med High	Raw	NA	FALSE	41.81982	-71.39543	2014	November
2401	2014-11-24	261608	12:57:00	Bicycle	NA	1	FALSE	FALSE	1	WATERMAN ST	PROSPECT ST	2014-11-24	Two-Way , Not Divided	Wet	Daylight	Rain	Angle (Front - to - Side) Right Angle (Includes Broadside)	No	Stop Signs	2	0	No Injury	NA	41.82691	-71.40472	FALSE	FALSE	Waterman Street and Prospect Street, Providence, RI, USA	Med High	Raw	NA	FALSE	41.82691	-71.40472	2014	November
2397	2014-11-26	262032	16:24:00	Pedestrian	1	NA	FALSE	FALSE	1	WAVERLY ST	CRANSTON ST	2014-11-26	Two-Way , Not Divided	Wet	Dark - Not Lighted	Sleet, Hail (Freezing Rain or Drizzle)	Other	Yes	No Controls	1	1	Pain Reported	NA	41.80834	-71.43458	FALSE	FALSE	Waverly Street and Cranston Street, Providence, RI, USA	Med High	Raw	NA	FALSE	41.80834	-71.43458	2014	November
2398	2014-11-26	262445	09:39:00	Pedestrian	1	NA	FALSE	FALSE	1	PLAINFIELD ST	DIKE ST	2014-11-30	Two-Way , Not Divided	Dry	Daylight	Clear	Other	Yes	No Controls	3	1	Pain Reported	NA	41.81643	-71.44431	FALSE	FALSE	Plainfield Street and Dike Street, Providence, RI, USA	Med High	Raw	NA	FALSE	41.81643	-71.44431	2014	November
2396	2014-11-28	262259	18:30:00	Pedestrian	2	NA	FALSE	FALSE	1	POCASSET AVE	PLAINFIELD ST	2014-11-28	Two-Way , Not Divided	Dry	Dark - Lighted	Clear	Other	Yes	No Controls	2	1	Pain Reported	NA	41.8137	-71.44794	FALSE	FALSE	Pocasset Ave and Plainfield Street, Providence, RI, USA	Med High	Raw	NA	FALSE	41.8137	-71.44794	2014	November
2395	2014-11-30	262408	02:53:00	Pedestrian	1	NA	FALSE	FALSE	1	PINE ST	RICHMOND ST	2014-11-30	One-Way Trafficway	Dry	Dark - Lighted	Clear	Unknown	Yes	No Controls	6	1	Non-Incapacitating	NA	41.82027	-71.41213	FALSE	FALSE	Pine Street and Richmond Street, Providence, RI, USA	Med	Raw	NA	FALSE	41.82027	-71.41213	2014	November
2394	2014-12-01	262587	12:00:00	Bicycle	NA	1	FALSE	FALSE	2	ORMS ST	CHARLES ST	2014-12-01	Two-Way , Not Divided	Dry	Daylight	Clear	Head-On (Front - to - Front)	No	Pavement Markings	6	3	Incapacitating	NA	41.83489	-71.41223	FALSE	FALSE	Orms Street and Charles Street, Providence, RI, USA	Med High	Raw	NA	FALSE	41.83489	-71.41223	2014	December
2393	2014-12-04	263058	13:30:00	Pedestrian	1	NA	FALSE	FALSE	1	Washington St	GREENE ST	2014-12-04	Two-Way , Not Divided	Dry	Daylight	Clear	Other	No	Traffic Control Signal	2	1	Non-Incapacitating	NA	41.82126	-71.4172	FALSE	FALSE	Washington Street and Greene Street, Providence, RI, USA	Med	Raw	NA	FALSE	41.82126	-71.4172	2014	December
2392	2014-12-05	263431	07:53:00	Pedestrian	1	NA	FALSE	FALSE	1	ORMS ST	SMITH ST	2014-12-06	Two-Way, Divided, Unprotected (painted>4feet) Medium	Dry	Daylight	Clear	Head-On (Front - to - Front)	No	Traffic Control Signal	2	2	Pain Reported	NA	41.83377	-71.42198	FALSE	FALSE	Orms Street and Smith Street, Providence, RI, USA	Med High	Raw	NA	FALSE	41.83377	-71.42198	2014	December
2391	2014-12-09	264368	16:57:00	Bicycle	NA	1	FALSE	FALSE	1	Broadway	KNIGHT ST	2014-12-09	Two-Way , Not Divided	Wet	Dark - Lighted	Rain	Not a Collision Between Two Motor Vehicles in Transport	No	No Controls	3	1	Pain Reported	2	41.8197	-71.42975	FALSE	FALSE	Broadway and Knight Street, Providence, RI, USA	Med	Raw	NA	FALSE	41.8197	-71.42975	2014	December
2387	2014-12-10	264553	08:09:00	Pedestrian	1	NA	FALSE	FALSE	1	STATE ST	ORMS ST EXIT 23	2014-12-10	Two-Way , Not Divided	Wet	Daylight	Cloudy	Angle (Front - to - Side) Same Direction	No	Pavement Markings	3	1	Pain Reported	NA	41.83475	-71.41433	FALSE	FALSE	State Street and Orms St Exit 23, Providence, RI, USA	Med	Raw	NA	FALSE	41.83475	-71.41433	2014	December
2388	2014-12-10	264694	17:18:00	Pedestrian	1	NA	FALSE	FALSE	1	HOPE ST	ANGELL ST	2014-12-10	Two-Way , Not Divided	Wet	Dark - Lighted	Rain	Not a Collision Between Two Motor Vehicles in Transport	No	Pavement Markings	2	1	Pain Reported	NA	41.82881	-71.39779	FALSE	FALSE	Hope Street and Angell Street, Providence, RI, USA	Med High	Raw	NA	FALSE	41.82881	-71.39779	2014	December
2389	2014-12-10	264746	15:47:00	Pedestrian	2	NA	FALSE	FALSE	1	Hayward St	PEARL ST	2014-12-10	Two-Way , Not Divided	Wet	Dusk	Rain	Not a Collision Between Two Motor Vehicles in Transport	Yes	Stop Signs	2	2	Pain Reported	2	41.8142	-71.41992	FALSE	FALSE	Hayward Street and Pearl Street, Providence, RI, USA	Med High	Raw	NA	FALSE	41.8142	-71.41992	2014	December
2390	2014-12-10	264780	21:21:00	Pedestrian	1	NA	FALSE	FALSE	1	WATERMAN ST	HOPE ST	2014-12-10	Two-Way , Not Divided	Wet	Dark - Lighted	Rain	Not a Collision Between Two Motor Vehicles in Transport	No	Traffic Control Signal	2	1	Pain Reported	2	41.82758	-71.39723	FALSE	FALSE	Waterman Street and Hope Street, Providence, RI, USA	Med High	Raw	NA	FALSE	41.82758	-71.39723	2014	December
2386	2014-12-12	265143	18:48:00	Pedestrian	1	NA	FALSE	FALSE	1	MEMORIAL BOULEVARD	COLLEGE ST	2014-12-12	Two-Way , Not Divided	Dry	Dark - Lighted	Clear	Not a Collision Between Two Motor Vehicles in Transport	No	Traffic Control Signal	4	1	Pain Reported	NA	41.82529	-71.40895	FALSE	FALSE	Memorial Boulevard and College Street, Providence, RI, USA	Med High	Raw	NA	FALSE	41.82529	-71.40895	2014	December
2385	2014-12-13	265254	15:17:00	Bicycle	NA	1	FALSE	FALSE	1	BROADWAY	KNIGHT ST	2014-12-13	Two-Way , Not Divided	Dry	Daylight	Clear	Not a Collision Between Two Motor Vehicles in Transport	No	Traffic Control Signal	3	0	No Injury	2	41.8198	-71.42936	FALSE	FALSE	Broadway and Knight Street, Providence, RI, USA	Med	Raw	NA	FALSE	41.8198	-71.42936	2014	December
2384	2014-12-14	265317	01:33:00	Pedestrian	1	NA	FALSE	FALSE	1	ELMWOOD AVE	RESERVOIR AVE	2014-12-14	Two-Way, Divided, Positive Median Barrier	Dry	Dark - Lighted	Clear	Head-On (Front - to - Front)	Yes	Traffic Control Signal	3	1	Fatal	NA	41.79785	-71.42611	FALSE	FALSE	Elmwood Ave and Reservoir Ave, Providence, RI, USA	Med High	Raw	NA	FALSE	41.79785	-71.42611	2014	December
2383	2014-12-15	265481	19:48:00	Pedestrian	1	NA	FALSE	FALSE	1	POINT ST	RICHMOND ST	2014-12-15	Two-Way, Divided, Unprotected (painted>4feet) Medium	Dry	Dark - Lighted	Clear	Not a Collision Between Two Motor Vehicles in Transport	No	Traffic Control Signal	2	1	Pain Reported	NA	41.81655	-71.40729	FALSE	FALSE	Point Street and Richmond Street, Providence, RI, USA	Med High	Raw	NA	FALSE	41.81655	-71.40729	2014	December
2381	2014-12-16	265560	08:25:00	Pedestrian	1	NA	FALSE	FALSE	1	DOUGLAS AVE	DOUGLAS AVE	2014-12-16	Two-Way , Not Divided	Dry	Daylight	Clear	Not a Collision Between Two Motor Vehicles in Transport	No	No Controls	2	1	Pain Reported	NA	41.84762	-71.43084	FALSE	FALSE	Douglas Ave and Douglas Ave, Providence, RI, USA	Med High	Raw	distance greater than 100m	TRUE	41.84762	-71.43084	2014	December
2382	2014-12-16	265641	20:04:00	Pedestrian	1	NA	FALSE	FALSE	1	Francis St	AMERICAN EXPRESS PLZ	2014-12-16	Two-Way , Not Divided	Dry	Dark - Lighted	Clear	Not a Collision Between Two Motor Vehicles in Transport	No	Traffic Control Signal	7	1	Incapacitating	NA	41.82753	-71.41539	FALSE	FALSE	Francis Street and American Express Plz, Providence, RI, USA	Med	Raw	distance greater than 100m	TRUE	41.82753	-71.41539	2014	December
2380	2014-12-17	265755	16:47:00	Pedestrian	1	NA	FALSE	FALSE	1	ATWELLS AVE	ACADEMY AVE	2014-12-17	Two-Way , Not Divided	Dry	Dark - Lighted	Clear	Not a Collision Between Two Motor Vehicles in Transport	No	Traffic Control Signal	2	1	Pain Reported	NA	41.82478	-71.4434	FALSE	FALSE	Atwells Ave and Academy Ave, Providence, RI, USA	Med High	Raw	NA	FALSE	41.82478	-71.4434	2014	December
2377	2014-12-20	266142	12:40:00	Pedestrian	1	NA	FALSE	FALSE	1	100 FRANCIS STREET	NA	2014-12-20	Two-Way , Not Divided	Dry	Daylight	Clear	Other	No	No Controls	5	1	Non-Incapacitating	4	41.82955	-71.41802	TRUE	TRUE	100 Francis Street, Providence, RI, USA	High	Geocoded	distance greater than 100m	TRUE	41.8260966	-71.415882	2014	December
2378	2014-12-20	266150	16:28:00	Bicycle	NA	1	FALSE	FALSE	1	Valley St	DELAINE ST	2014-12-20	Two-Way , Not Divided	Wet	Daylight	Clear	Angle (Front - to - Side) Right Angle (Includes Broadside)	No	Flashing Traffic Control Signal	3	0	No Injury	NA	41.81951	-71.4405	FALSE	FALSE	Valley Street and Delaine Street, Providence, RI, USA	Med High	Raw	NA	FALSE	41.81951	-71.4405	2014	December
2379	2014-12-20	266280	17:35:00	Pedestrian	1	NA	FALSE	FALSE	1	CRANSTON ST	HOLLIS ST	2014-12-21	Two-Way , Not Divided	Snow	Dark - Lighted	Snow	Not a Collision Between Two Motor Vehicles in Transport	No	No Controls	2	1	Pain Reported	2	41.81099	-71.43206	FALSE	FALSE	Cranston Street and Hollis Street, Providence, RI, USA	Med High	Raw	NA	FALSE	41.81099	-71.43206	2014	December
2375	2014-12-23	266641	15:45:00	Pedestrian	1	NA	FALSE	FALSE	1	Francis Street	MEMORIAL BLVD	2014-12-23	Two-Way , Not Divided	Dry	Daylight	Clear	Not a Collision Between Two Motor Vehicles in Transport	Yes	No Controls	1	1	Pain Reported	NA	41.82657	-71.41551	FALSE	FALSE	Francis Street and Memorial Blvd, Providence, RI, USA	Med	Raw	NA	FALSE	41.82657	-71.41551	2014	December
2376	2014-12-23	266645	17:43:00	Pedestrian	1	NA	FALSE	FALSE	1	HOPE ST	LAURISTON ST	2014-12-23	Two-Way , Not Divided	Wet	Dark - Lighted	Rain	Head-On (Front - to - Front)	No	Stop Signs	5	1	Non-Incapacitating	NA	41.84865	-71.39519	FALSE	FALSE	Hope Street and Lauriston Street, Providence, RI, USA	Med High	Raw	NA	FALSE	41.84865	-71.39519	2014	December
2374	2014-12-25	266950	14:21:00	Pedestrian	1	NA	FALSE	FALSE	1	ROCHAMBEAU AVENUE	HOPE STREET	2014-12-26	Two-Way , Not Divided	Dry	Daylight	Clear	Unknown	Yes	Traffic Control Signal	2	0	No Injury	2	41.83349	-71.41682	FALSE	FALSE	Rochambeau Avenue and Hope Street, Providence, RI, USA	Med High	Geocoded	distance greater than 100m	TRUE	41.8469319	-71.3960532	2014	December
2373	2014-12-26	267074	16:24:00	Bicycle	NA	1	FALSE	FALSE	1	Sprague St	HARRISON ST	2014-12-27	Two-Way , Not Divided	Dry	Daylight	Clear	Not a Collision Between Two Motor Vehicles in Transport	Yes	No Controls	1	1	Pain Reported	NA	41.80968	-71.42746	FALSE	FALSE	Sprague Street and Harrison Street, Providence, RI, USA	Med High	Raw	NA	FALSE	41.80968	-71.42746	2014	December
2370	2014-12-29	267234	08:06:00	Pedestrian	1	NA	FALSE	FALSE	1	HOMER ST	BROAD ST	2014-12-29	Two-Way, Divided, Unprotected (painted>4feet) Medium	Dry	Daylight	Clear	Not a Collision Between Two Motor Vehicles in Transport	Yes	No Controls	1	1	Pain Reported	NA	41.78884	-71.40402	FALSE	FALSE	Homer Street and Broad Street, Providence, RI, USA	Med High	Raw	NA	FALSE	41.78884	-71.40402	2014	December
2371	2014-12-29	267258	09:59:00	Pedestrian	1	NA	FALSE	FALSE	1	206 Elmwood Avenue	PLENTY STREET	2014-12-29	Two-Way , Not Divided	Dry	Daylight	Clear	Not a Collision Between Two Motor Vehicles in Transport	No	Traffic Control Signal	4	1	Pain Reported	NA	41.80723	-71.42485	TRUE	FALSE	206 Elmwood Avenue, Providence, RI, USA	High	Raw	distance greater than 100m	TRUE	41.80723	-71.42485	2014	December
2372	2014-12-29	267275	12:27:00	Bicycle	NA	1	FALSE	FALSE	1	CHALKSTONE AVE	LISBON ST	2014-12-29	Two-Way , Not Divided	Dry	Daylight	Cloudy	Other	No	Pavement Markings	3	0	No Injury	2	41.83366	-71.43561	FALSE	FALSE	Chalkstone Ave and Lisbon Street, Providence, RI, USA	Med High	Raw	NA	FALSE	41.83366	-71.43561	2014	December
2369	2015-01-05	268346	11:30:00	Pedestrian	1	NA	FALSE	FALSE	1	BROADWAY	ALMY ST	2015-01-05	Two-Way , Not Divided	Dry	Daylight	Clear	Other	Yes	Traffic Control Signal	2	1	Pain Reported	NA	41.81896	-71.43294	FALSE	FALSE	Broadway and Almy Street, Providence, RI, USA	Med	Raw	NA	FALSE	41.81896	-71.43294	2015	January
2368	2015-01-13	269440	15:17:00	Pedestrian	1	NA	FALSE	FALSE	1	VALLEY ST	RILL ST	2015-01-13	Two-Way, Divided, Unprotected (painted>4feet) Medium	Dry	Daylight	Clear	Not a Collision Between Two Motor Vehicles in Transport	No	No Controls	3	1	Pain Reported	NA	41.82661	-71.43815	FALSE	FALSE	Valley Street and Rill Street, Providence, RI, USA	Med High	Raw	NA	FALSE	41.82661	-71.43815	2015	January
2367	2015-01-15	269721	17:45:00	Pedestrian	1	NA	FALSE	FALSE	1	North Main street	N MAIN ST	2015-01-15	Two-Way, Divided, Positive Median Barrier	Wet	Dark - Lighted	Clear	Not a Collision Between Two Motor Vehicles in Transport	No	Traffic Control Signal	4	1	Pain Reported	NA	41.84199	-71.40798	FALSE	FALSE	North Main Street and N Main Street, Providence, RI, USA	Med High	Raw	distance greater than 100m	TRUE	41.84199	-71.40798	2015	January
2365	2015-01-21	270710	16:04:00	Pedestrian	2	NA	FALSE	FALSE	1	Atwells Avenue	MONGENAIS ST	2015-01-21	Two-Way , Not Divided	Dry	Daylight	Clear	Not a Collision Between Two Motor Vehicles in Transport	No	Other	3	2	Pain Reported	2	41.82502	-71.44786	FALSE	FALSE	Atwells Avenue and Mongenais Street, Providence, RI, USA	Med High	Raw	NA	FALSE	41.82502	-71.44786	2015	January
2366	2015-01-21	270730	23:45:00	Pedestrian	1	NA	FALSE	FALSE	1	MASHAPAUG ST	HUNTINGTON AVE	2015-01-22	Two-Way , Not Divided	Dry	Dark - Lighted	Clear	Other	Yes	No Controls	2	1	Non-Incapacitating	NA	41.80044	-71.42927	FALSE	FALSE	Mashapaug Street and Huntington Ave, Providence, RI, USA	Med High	Raw	NA	FALSE	41.80044	-71.42927	2015	January
2364	2015-01-23	270880	09:35:00	Pedestrian	1	NA	FALSE	FALSE	1	WATERMAN AVENUE	IVES STREET	2015-01-23	Two-Way , Not Divided	Dry	Daylight	Clear	Other	No	Stop Signs	4	1	Non-Incapacitating	2	41.83285	-71.41687	FALSE	FALSE	Waterman Avenue and Ives Street, Providence, RI, USA	Med High	Geocoded	distance greater than 100m	TRUE	41.8277996	-71.3929088	2015	January
2361	2015-01-24	271002	02:14:00	Pedestrian	1	NA	FALSE	FALSE	1	Memorial Blvd	FRANCIS ST	2015-01-24	Two-Way, Divided, Positive Median Barrier	Dry	Dark - Lighted	Cloudy	Other	Yes	Traffic Control Signal	2	1	Incapacitating	6	41.82595	-71.41517	FALSE	FALSE	Memorial Blvd and Francis Street, Providence, RI, USA	Med High	Raw	NA	FALSE	41.82595	-71.41517	2015	January
2362	2015-01-24	271010	00:07:00	Pedestrian	1	NA	FALSE	FALSE	1	UNION ST	WASHINGTON ST	2015-01-24	One-Way Trafficway	Dry	Dark - Lighted	Clear	Not a Collision Between Two Motor Vehicles in Transport	Yes	No Controls	2	1	Pain Reported	NA	41.82373	-71.41417	FALSE	FALSE	Union Street and Washington Street, Providence, RI, USA	Med	Raw	NA	FALSE	41.82373	-71.41417	2015	January
2363	2015-01-24	271231	23:36:00	Pedestrian	1	NA	FALSE	FALSE	1	CHALKSTONE AVE	ROSEBANK AVE	2015-01-25	Two-Way , Not Divided	Slush	Dark - Lighted	Cloudy	Not a Collision Between Two Motor Vehicles in Transport	No	No Controls	3	1	Incapacitating	NA	41.83397	-71.43384	FALSE	FALSE	Chalkstone Ave and Rosebank Ave, Providence, RI, USA	Med High	Raw	NA	FALSE	41.83397	-71.43384	2015	January
2360	2015-01-28	271575	10:26:00	Pedestrian	1	NA	FALSE	FALSE	1	70 HAROLD ST	ALLSTON ST	2015-01-28	Two-Way , Not Divided	Snow	Daylight	Clear	Other	No	No Controls	3	0	No Injury	NA	41.8289	-71.43851	TRUE	FALSE	70 Harold Street, Providence, RI, USA	High	Raw	NA	FALSE	41.8289	-71.43851	2015	January
2358	2015-01-30	272202	02:51:00	Pedestrian	1	NA	FALSE	FALSE	1	71 bridgham street	KENDALL ST	2015-01-30	Unknown	Wet	Dark - Lighted	Snow	Not a Collision Between Two Motor Vehicles in Transport	Yes	No Controls	1	0	No Injury	NA	41.81297	-71.42611	TRUE	FALSE	71 Bridgham Street, Providence, RI, USA	High	Raw	NA	FALSE	41.81297	-71.42611	2015	January
2359	2015-01-30	272461	17:36:00	Pedestrian	1	NA	FALSE	FALSE	1	HAWKINS ST	YORKSHIRE ST	2015-01-30	Two-Way , Not Divided	Snow	Daylight	Snow	Not a Collision Between Two Motor Vehicles in Transport	Yes	No Controls	1	1	Pain Reported	NA	41.8489	-71.42552	FALSE	FALSE	Hawkins Street and Yorkshire Street, Providence, RI, USA	Med High	Raw	NA	FALSE	41.8489	-71.42552	2015	January
2357	2015-02-02	272866	01:10:00	Pedestrian	1	NA	FALSE	FALSE	1	EUTAW ST	ATWELLS AVE	2015-02-02	One-Way Trafficway	Dry	Dark - Lighted	Cloudy	Other	Yes	No Controls	3	1	Pain Reported	1	41.82379	-71.42545	FALSE	FALSE	Eutaw Street and Atwells Ave, Providence, RI, USA	Med High	Raw	NA	FALSE	41.82379	-71.42545	2015	February
2355	2015-02-04	273294	13:03:00	Pedestrian	1	NA	FALSE	FALSE	1	PENNSYLVANIA AVE	broad st	2015-02-04	Two-Way , Not Divided	Snow	Daylight	Clear	Not a Collision Between Two Motor Vehicles in Transport	Yes	No Controls	2	1	Pain Reported	NA	41.79747	-71.41358	FALSE	FALSE	Pennsylvania Ave and Broad Street, Providence, RI, USA	Med	Raw	NA	FALSE	41.79747	-71.41358	2015	February
2356	2015-02-04	273321	12:53:00	Pedestrian	1	NA	FALSE	FALSE	1	N MAIN ST	N MAIN ST	2015-02-04	Two-Way, Divided, Positive Median Barrier	Snow	Daylight	Clear	Other	No	No Controls	2	1	Pain Reported	NA	41.85566	-71.39994	FALSE	FALSE	N Main Street and N Main Street, Providence, RI, USA	Med	Raw	distance greater than 100m	TRUE	41.85566	-71.39994	2015	February
2354	2015-02-06	273698	14:20:00	Pedestrian	2	NA	FALSE	FALSE	1	35 Camp St.	TERNAY GARDEN	2015-02-07	One-Way Trafficway	Dry	Daylight	Clear	Not a Collision Between Two Motor Vehicles in Transport	No	No Controls	4	0	No Injury	NA	41.83737	-71.40436	TRUE	FALSE	35 Camp St., Providence, RI, USA	High	Raw	NA	FALSE	41.83737	-71.40436	2015	February
2353	2015-02-09	274220	16:45:00	Pedestrian	1	NA	FALSE	FALSE	1	CROWNINSHIELD ST	IDA ST	2015-02-09	Two-Way , Not Divided	Snow	Dusk	Snow	Not a Collision Between Two Motor Vehicles in Transport	No	No Controls	3	1	Non-Incapacitating	2	41.81774	-71.45765	FALSE	FALSE	Crowninshield Street and Ida Street, Providence, RI, USA	Med High	Raw	NA	FALSE	41.81774	-71.45765	2015	February
2352	2015-02-17	276090	07:15:00	Pedestrian	1	NA	FALSE	FALSE	1	hope street	OVERHILL RD	2015-02-17	Two-Way , Not Divided	Slush	Daylight	Clear	Not a Collision Between Two Motor Vehicles in Transport	Yes	No Controls	4	1	Pain Reported	2	41.8512	-71.39396	FALSE	FALSE	Hope Street and Overhill Rd, Providence, RI, USA	Med High	Raw	NA	FALSE	41.8512	-71.39396	2015	February
2351	2015-02-19	276724	15:22:00	Pedestrian	1	NA	FALSE	FALSE	1	CHARLES ST	CHARLES ST	2015-02-19	Two-Way , Not Divided	Slush	Daylight	Clear	Not a Collision Between Two Motor Vehicles in Transport	No	No Controls	2	1	Pain Reported	NA	41.85359	-71.42049	FALSE	FALSE	Charles Street and Charles Street, Providence, RI, USA	Med	Raw	distance greater than 100m	TRUE	41.85359	-71.42049	2015	February
2349	2015-02-24	277949	12:56:00	Pedestrian	1	NA	FALSE	FALSE	1	RESERVOIR AVE	RESERVOIR AVE EXIT	2015-02-24	Two-Way , Not Divided	Wet	Daylight	Clear	Not a Collision Between Two Motor Vehicles in Transport	No	No Controls	4	1	Pain Reported	NA	41.78642	-71.43404	FALSE	FALSE	Reservoir Ave and Reservoir Ave Exit, Providence, RI, USA	Med High	Raw	distance greater than 100m	TRUE	41.78642	-71.43404	2015	February
2350	2015-02-24	278168	22:16:00	Pedestrian	1	NA	FALSE	FALSE	1	Union Ave	POCASSET AVE	2015-02-25	Two-Way , Not Divided	Dry	Dark - Lighted	Cloudy	Other	No	Traffic Control Signal	3	1	Pain Reported	2	41.80639	-71.45716	FALSE	FALSE	Union Ave and Pocasset Ave, Providence, RI, USA	Med High	Raw	NA	FALSE	41.80639	-71.45716	2015	February
2345	2015-02-27	279215	08:18:00	Pedestrian	1	NA	FALSE	FALSE	1	CUSTOM HOUSE ST	DYER ST	2015-02-28	Two-Way, Divided, Positive Median Barrier	Ice/Frost	Daylight	Clear	Not a Collision Between Two Motor Vehicles in Transport	No	Traffic Control Signal	3	1	Pain Reported	NA	41.8242	-71.40843	FALSE	FALSE	Custom House Street and Dyer Street, Providence, RI, USA	Med High	Raw	NA	FALSE	41.8242	-71.40843	2015	February
2346	2015-02-27	279552	22:46:00	Pedestrian	1	NA	FALSE	FALSE	1	Pine St	CHESTNUT ST	2015-03-02	One-Way Trafficway	Dry	Dark - Lighted	Clear	Other	No	Flashing Traffic Control Signal	2	1	Non-Incapacitating	1	41.81944	-71.41294	FALSE	FALSE	Pine Street and Chestnut Street, Providence, RI, USA	Med	Raw	distance greater than 100m	TRUE	41.81944	-71.41294	2015	February