row_number	crash_date	crash_report_id	crash_time	collision_type	count_pedestrian	count_bicycle	scooter	wheel_chair	number_of_vehicles	street_or_highway	nearest_intersection	report_date	type_of_roadway	road_surface_condition	light_condition	weather_condition	manner_of_impact	hit_and_run	traffic_control	person_count	injury_count	most_serious_injury	number_of_lanes	lat_raw	lon_raw	has_st_number	is_intersection_null	address_sent_to_geocoder	api_coord_conf	best_coordinate_set	reason_for_qa	manually_qaed_record	final_lat	final_lon	year	month
2347	2015-02-27	279021	09:43:00	Pedestrian	1	NA	FALSE	FALSE	1	HOPE ST	BURLINGTON ST	2015-02-27	Two-Way , Not Divided	Dry	Daylight	Clear	Other	No	No Controls	2	1	Pain Reported	NA	41.84798	-71.39552	FALSE	FALSE	Hope Street and Burlington Street, Providence, RI, USA	Med High	Raw	NA	FALSE	41.84798	-71.39552	2015	February
2348	2015-02-27	279029	12:30:00	Bicycle	NA	1	FALSE	FALSE	1	SMITH ST	SMITH ST	2015-02-27	Two-Way , Not Divided	Dry	Daylight	Clear	Not a Collision Between Two Motor Vehicles in Transport	No	No Controls	3	0	No Injury	NA	41.83266	-71.4192	FALSE	FALSE	Smith Street and Smith Street, Providence, RI, USA	Med	Raw	distance greater than 100m	TRUE	41.83266	-71.4192	2015	February
2343	2015-02-28	279145	17:08:00	Pedestrian	2	NA	FALSE	FALSE	1	Point Street Bridge	POINT ST	2015-02-28	Two-Way , Not Divided	Ice/Frost	Dusk	Clear	Not a Collision Between Two Motor Vehicles in Transport	No	No Controls	3	2	Pain Reported	2	41.81869	-71.40198	FALSE	FALSE	Point Street Bridge and Point Street, Providence, RI, USA	Med High	Raw	NA	FALSE	41.81869	-71.40198	2015	February
2344	2015-02-28	280569	21:35:00	Pedestrian	1	NA	FALSE	FALSE	1	Chalkstone Ave	Geneva St	2015-03-06	Two-Way , Not Divided	Dry	Dark - Lighted	Clear	Not a Collision Between Two Motor Vehicles in Transport	Yes	No Controls	1	1	Pain Reported	NA	41.83226	-71.44118	FALSE	FALSE	Chalkstone Ave and Geneva Street, Providence, RI, USA	Med High	Raw	NA	FALSE	41.83226	-71.44118	2015	February
2342	2015-03-02	279448	12:14:00	Pedestrian	1	NA	FALSE	FALSE	1	DEAN STREET	WASHINGTON STREET	2015-03-02	Two-Way , Not Divided	Wet	Daylight	Clear	Other	No	Stop Signs	2	1	Pain Reported	2	41.83438	-71.41621	FALSE	FALSE	Dean Street and Washington Street, Providence, RI, USA	Med	Geocoded	distance greater than 100m	TRUE	41.8190896	-71.4207432	2015	March
2341	2015-03-08	281069	19:12:00	Pedestrian	1	NA	FALSE	FALSE	1	POINT ST	PLAIN ST	2015-03-08	One-Way Trafficway	Wet	Dark - Lighted	Clear	Not a Collision Between Two Motor Vehicles in Transport	Yes	Stop Signs	1	1	Pain Reported	3	41.81489	-71.41371	FALSE	FALSE	Point Street and Plain Street, Providence, RI, USA	Med	Raw	distance greater than 100m	TRUE	41.81489	-71.41371	2015	March
2340	2015-03-11	281554	15:11:00	Pedestrian	1	NA	FALSE	FALSE	1	Bellevue Ave	CRANSTON ST	2015-03-11	Two-Way , Not Divided	Wet	Daylight	Clear	Not a Collision Between Two Motor Vehicles in Transport	No	No Controls	2	1	Pain Reported	2	41.80888	-71.43403	FALSE	FALSE	Bellevue Ave and Cranston Street, Providence, RI, USA	Med High	Raw	NA	FALSE	41.80888	-71.43403	2015	March
2339	2015-03-15	282357	12:38:00	Pedestrian	1	NA	FALSE	FALSE	1	WESTMINSTER ST	STOKES ST	2015-03-15	Two-Way , Not Divided	Dry	Daylight	Clear	Not a Collision Between Two Motor Vehicles in Transport	No	No Controls	4	1	Pain Reported	NA	41.81669	-71.44252	FALSE	FALSE	Westminster Street and Stokes Street, Providence, RI, USA	Med High	Raw	NA	FALSE	41.81669	-71.44252	2015	March
2338	2015-03-16	282514	15:45:00	Bicycle	NA	1	FALSE	FALSE	1	30 Hartford Ave	OLNEYVILLE SQ	2015-03-16	One-Way Trafficway	Dry	Daylight	Clear	Not a Collision Between Two Motor Vehicles in Transport	No	No Controls	2	1	Pain Reported	1	41.81673	-71.44431	TRUE	FALSE	30 Hartford Ave, Providence, RI, USA	High	Raw	NA	FALSE	41.81673	-71.44431	2015	March
2337	2015-03-18	282868	13:24:00	Bicycle	NA	1	FALSE	FALSE	1	ANGELL ST	BROOK ST	2015-03-18	One-Way Trafficway	Dry	Daylight	Clear	Sideswipe, Same Direction	Yes	No Controls	2	1	Pain Reported	NA	41.82823	-71.39929	FALSE	FALSE	Angell Street and Brook Street, Providence, RI, USA	Med High	Raw	NA	FALSE	41.82823	-71.39929	2015	March
2336	2015-03-19	282968	06:59:00	Pedestrian	1	NA	FALSE	FALSE	1	BENEFIT STREET	POWER STREET	2015-03-19	Two-Way , Not Divided	Dry	Daylight	Clear	Other	No	Stop Signs	4	1	Non-Incapacitating	2	41.83651	-71.4149	FALSE	FALSE	Benefit Street and Power Street, Providence, RI, USA	Med High	Geocoded	distance greater than 100m	TRUE	41.8228439	-71.4039218	2015	March
2335	2015-03-23	283751	15:20:00	Pedestrian	1	NA	FALSE	FALSE	1	Jillson St	EDDY ST	2015-03-23	Two-Way, Divided, Unprotected (painted>4feet) Medium	Dry	Daylight	Clear	Not a Collision Between Two Motor Vehicles in Transport	Yes	Stop Signs	6	1	Pain Reported	NA	41.79133	-71.40391	FALSE	FALSE	Jillson Street and Eddy Street, Providence, RI, USA	Med High	Raw	NA	FALSE	41.79133	-71.40391	2015	March
2334	2015-03-24	283806	10:07:00	Bicycle	NA	1	FALSE	FALSE	1	575 WICKENDEN STREET	NA	2015-03-24	Two-Way , Not Divided	Dry	Daylight	Clear	Other	Yes	No Controls	1	0	No Injury	2	41.83618	-71.41545	TRUE	TRUE	575 Wickenden Street, Providence, RI, USA	High	Geocoded	distance greater than 100m	TRUE	41.8199003	-71.3915472	2015	March
2332	2015-03-26	284120	08:41:00	Pedestrian	1	NA	FALSE	FALSE	1	201 SMITH STREET	FRAN CONWAY PLACE	2015-03-26	Two-Way , Not Divided	Dry	Daylight	Cloudy	Other	No	No Controls	6	2	Fatal	NA	41.83476	-71.41637	TRUE	FALSE	201 Smith Street, Providence, RI, USA	High	Geocoded	distance greater than 100m	TRUE	41.8325036	-71.4182709	2015	March
2333	2015-03-26	284250	18:14:00	Pedestrian	1	NA	FALSE	FALSE	1	51 Silver Spring St	CHATHAM ST	2015-03-26	Two-Way , Not Divided	Wet	Dark - Lighted	Rain	Not a Collision Between Two Motor Vehicles in Transport	Yes	No Controls	1	1	Pain Reported	2	41.84618	-71.41688	TRUE	FALSE	51 Silver Spring Street, Providence, RI, USA	High	Raw	NA	FALSE	41.84618	-71.41688	2015	March
2331	2015-03-28	288241	20:07:00	Pedestrian	1	NA	FALSE	FALSE	1	BOWDOIN ST	ATWELLS AVE	2015-04-21	Two-Way , Not Divided	Dry	Dark - Lighted	Clear	Not a Collision Between Two Motor Vehicles in Transport	Yes	No Controls	3	1	Pain Reported	NA	41.82476	-71.44292	FALSE	FALSE	Bowdoin Street and Atwells Ave, Providence, RI, USA	Med High	Raw	NA	FALSE	41.82476	-71.44292	2015	March
2330	2015-03-29	284565	01:29:00	Pedestrian	1	NA	FALSE	FALSE	1	OAKLAND AVE	DICKENS ST	2015-03-29	Two-Way , Not Divided	Wet	Dark - Lighted	Snow	Not a Collision Between Two Motor Vehicles in Transport	No	No Controls	2	1	Pain Reported	NA	41.83775	-71.42984	FALSE	FALSE	Oakland Ave and Dickens Street, Providence, RI, USA	Med High	Raw	NA	FALSE	41.83775	-71.42984	2015	March
2329	2015-04-01	285119	12:10:00	Pedestrian	1	1	FALSE	FALSE	2	1901 WESTMINSTER ST	BOUGH ST	2015-04-01	Two-Way, Divided, Unprotected (painted>4feet) Medium	Dry	Daylight	Clear	Angle (Front - to - Side) Right Angle (Includes Broadside)	No	Pavement Markings	6	1	Pain Reported	3	41.8166	-71.44189	TRUE	FALSE	1901 Westminster Street, Providence, RI, USA	High	Raw	NA	FALSE	41.8166	-71.44189	2015	April
2327	2015-04-02	285327	19:11:00	Bicycle	NA	1	TRUE	FALSE	1	DAVE GAVIT WAY	BASSETT ST	2015-04-02	One-Way Trafficway	Dry	Dark - Lighted	Clear	Not a Collision Between Two Motor Vehicles in Transport	No	Stop Signs	2	1	Pain Reported	3	41.81603	-71.41286	FALSE	FALSE	Dave Gavit Way and Bassett Street, Providence, RI, USA	Med	Raw	distance greater than 100m	TRUE	41.81603	-71.41286	2015	April
2328	2015-04-02	285661	17:42:00	Pedestrian	1	NA	FALSE	FALSE	1	LENOX AVE	EMERSON ST	2015-04-05	Two-Way , Not Divided	Dry	Daylight	Clear	Other	Yes	Stop Signs	1	1	Non-Incapacitating	NA	41.7979	-71.41604	FALSE	FALSE	Lenox Ave and Emerson Street, Providence, RI, USA	Med High	Raw	NA	FALSE	41.7979	-71.41604	2015	April
2326	2015-04-03	285445	18:18:00	Bicycle	NA	1	FALSE	FALSE	1	PITMAN ST	IVES ST	2015-04-03	Two-Way , Not Divided	Wet	Daylight	Rain	Angle (Front - to - Side) Right Angle (Includes Broadside)	No	Stop Signs	2	1	Pain Reported	2	41.82635	-71.39276	FALSE	FALSE	Pitman Street and Ives Street, Providence, RI, USA	Med High	Raw	NA	FALSE	41.82635	-71.39276	2015	April
2322	2015-04-06	285754	11:01:00	Bicycle	NA	1	FALSE	FALSE	1	404 VALLEY STR	EAGLE ST	2015-04-06	Two-Way , Not Divided	Dry	Daylight	Clear	Not a Collision Between Two Motor Vehicles in Transport	No	No Controls	2	1	Pain Reported	NA	41.82761	-71.43594	TRUE	FALSE	404 Valley Str, Providence, RI, USA	High	Raw	NA	FALSE	41.82761	-71.43594	2015	April
2323	2015-04-06	285760	07:15:00	Pedestrian	1	NA	FALSE	FALSE	1	EXCHANGE ST	Fulton ST	2015-04-06	Two-Way , Not Divided	Dry	Daylight	Clear	Not a Collision Between Two Motor Vehicles in Transport	No	Traffic Control Signal	3	0	No Injury	NA	41.82503	-71.4101	FALSE	FALSE	Exchange Street and Fulton Street, Providence, RI, USA	Med High	Raw	NA	FALSE	41.82503	-71.4101	2015	April
2324	2015-04-06	285780	17:30:00	Pedestrian	1	NA	FALSE	FALSE	1	Westminster Street	MANTON AVE	2015-04-06	Two-Way , Not Divided	Dry	Daylight	Clear	Not a Collision Between Two Motor Vehicles in Transport	No	No Controls	3	1	Pain Reported	NA	41.81676	-71.44314	FALSE	FALSE	Westminster Street and Manton Ave, Providence, RI, USA	Med	Raw	distance greater than 100m	TRUE	41.81676	-71.44314	2015	April
2325	2015-04-06	285817	20:44:00	Pedestrian	1	NA	FALSE	FALSE	1	BROAD ST	EDDY ST	2015-04-06	Two-Way , Not Divided	Dry	Dark - Lighted	Clear	Not a Collision Between Two Motor Vehicles in Transport	No	No Controls	3	1	Pain Reported	NA	41.78674	-71.40225	FALSE	FALSE	Broad Street and Eddy Street, Providence, RI, USA	Med	Raw	distance greater than 100m	TRUE	41.78674	-71.40225	2015	April
2320	2015-04-07	285992	16:03:00	Bicycle	NA	1	FALSE	FALSE	1	S MAIN ST	COLLEGE ST	2015-04-07	One-Way Trafficway	Wet	Daylight	Rain	Other	No	Pavement Markings	2	1	Pain Reported	2	41.82624	-71.4083	FALSE	FALSE	S Main Street and College Street, Providence, RI, USA	Med High	Raw	NA	FALSE	41.82624	-71.4083	2015	April
2321	2015-04-07	286115	12:28:00	Bicycle	NA	NA	FALSE	FALSE	2	BROAD ST	CAHIR ST	2015-04-08	Two-Way , Not Divided	Wet	Daylight	Rain	Not a Collision Between Two Motor Vehicles in Transport	Yes	Traffic Control Signal	1	0	No Injury	2	41.81692	-71.41795	FALSE	FALSE	Broad Street and Cahir Street, Providence, RI, USA	Med	Raw	NA	FALSE	41.81692	-71.41795	2015	April
2319	2015-04-08	286083	07:56:00	Pedestrian	1	NA	FALSE	FALSE	1	WASHINGTON STREET	MATHEWSON STREET	2015-04-08	Two-Way , Not Divided	Dry	Daylight	Cloudy	Unknown	Yes	No Controls	2	0	No Injury	2	41.83713	-71.41435	FALSE	FALSE	Washington Street and Mathewson Street, Providence, RI, USA	Med High	Geocoded	distance greater than 100m	TRUE	41.8230454	-71.4147864	2015	April
2318	2015-04-11	286428	13:08:00	Pedestrian	1	NA	FALSE	FALSE	1	15 CAROLINA AVENUE	NA	2015-04-11	Two-Way , Not Divided	Dry	Daylight	Clear	Unknown	Yes	No Controls	1	1	Non-Incapacitating	2	41.83203	-71.41752	TRUE	TRUE	15 Carolina Avenue, Providence, RI, USA	High	Geocoded	distance greater than 100m	TRUE	41.7921903	-71.3936625	2015	April
2316	2015-04-15	287457	07:23:00	Pedestrian	1	NA	FALSE	FALSE	1	BROAD ST	THURBERS AVE	2015-04-15	Two-Way, Divided, Unprotected (painted>4feet) Medium	Dry	Daylight	Clear	Not a Collision Between Two Motor Vehicles in Transport	No	Traffic Control Signal	5	1	Pain Reported	NA	41.7982	-71.41467	FALSE	FALSE	Broad Street and Thurbers Ave, Providence, RI, USA	Med	Raw	NA	FALSE	41.7982	-71.41467	2015	April
2317	2015-04-15	287502	12:35:00	Bicycle	NA	1	FALSE	FALSE	1	ASHBURTON ST	CHARLES ST	2015-04-15	One-Way Trafficway	Dry	Daylight	Clear	Not a Collision Between Two Motor Vehicles in Transport	No	No Controls	2	1	Pain Reported	NA	41.83897	-71.41564	FALSE	FALSE	Ashburton Street and Charles Street, Providence, RI, USA	Med High	Raw	NA	FALSE	41.83897	-71.41564	2015	April
2315	2015-04-18	287878	23:37:00	Pedestrian	1	NA	FALSE	FALSE	1	MEETING ST	THAYER ST	2015-04-19	One-Way Trafficway	Dry	Dark - Lighted	Clear	Other	Yes	No Controls	1	1	Pain Reported	NA	41.82916	-71.40084	FALSE	FALSE	Meeting Street and Thayer Street, Providence, RI, USA	Med High	Raw	NA	FALSE	41.82916	-71.40084	2015	April
2314	2015-04-26	288816	15:17:00	Pedestrian	1	NA	FALSE	FALSE	1	555 CHALKSTONE AVE	NA	2015-04-26	Unknown	Dry	Daylight	Clear	Not a Collision Between Two Motor Vehicles in Transport	Yes	No Controls	3	1	Pain Reported	NA	41.83553	-71.42446	TRUE	TRUE	555 Chalkstone Ave, Providence, RI, USA	High	Raw	NA	FALSE	41.83553	-71.42446	2015	April
2313	2015-04-27	288925	14:42:00	Pedestrian	1	NA	FALSE	FALSE	1	ASHBURTON ST	NA	2015-04-27	One-Way Trafficway	Dry	Daylight	Clear	Not a Collision Between Two Motor Vehicles in Transport	No	No Controls	5	1	Pain Reported	NA	41.83657	-71.41397	FALSE	TRUE	Ashburton Street, Providence, RI, USA	Inaccurate	Raw	distance greater than 100m	TRUE	41.83657	-71.41397	2015	April
2311	2015-04-28	289008	08:44:00	Pedestrian	1	NA	FALSE	FALSE	1	BROADWAY	KNIGHT ST	2015-04-28	Two-Way , Not Divided	Dry	Daylight	Cloudy	Not a Collision Between Two Motor Vehicles in Transport	No	Traffic Control Signal	6	1	Pain Reported	NA	41.81982	-71.42926	FALSE	FALSE	Broadway and Knight Street, Providence, RI, USA	Med	Raw	NA	FALSE	41.81982	-71.42926	2015	April
2312	2015-04-28	289077	19:50:00	Pedestrian	1	NA	FALSE	FALSE	1	BODELL AVE	ETNA ST	2015-04-28	Two-Way , Not Divided	Dry	Dusk	Clear	Not a Collision Between Two Motor Vehicles in Transport	No	No Controls	3	1	Non-Incapacitating	NA	41.81656	-71.45162	FALSE	FALSE	Bodell Ave and Etna Street, Providence, RI, USA	Med High	Raw	NA	FALSE	41.81656	-71.45162	2015	April
2309	2015-04-29	289153	11:30:00	Pedestrian	1	NA	FALSE	FALSE	1	BROAD ST	Somerset St	2015-04-29	Two-Way, Divided, Positive Median Barrier	Dry	Daylight	Clear	Not a Collision Between Two Motor Vehicles in Transport	No	No Controls	3	1	Pain Reported	NA	41.81347	-71.42158	FALSE	FALSE	Broad Street and Somerset Street, Providence, RI, USA	Med	Raw	NA	FALSE	41.81347	-71.42158	2015	April
2310	2015-04-29	289163	14:04:00	Bicycle	NA	1	FALSE	FALSE	1	DOUGLAS AVE	GODDARD ST	2015-04-29	Two-Way, Divided, Unprotected (painted>4feet) Medium	Dry	Daylight	Clear	Other	No	No Controls	5	1	Pain Reported	NA	41.83522	-71.41759	FALSE	FALSE	Douglas Ave and Goddard Street, Providence, RI, USA	Med High	Raw	NA	FALSE	41.83522	-71.41759	2015	April
2308	2015-04-30	289384	21:37:00	Pedestrian	1	NA	FALSE	FALSE	1	86 CORINTH ST	NA	2015-04-30	Unknown	Dry	Dark - Lighted	Clear	Not a Collision Between Two Motor Vehicles in Transport	No	No Controls	3	1	Pain Reported	NA	41.7934	-71.4134	TRUE	TRUE	86 Corinth Street, Providence, RI, USA	High	Raw	NA	FALSE	41.7934	-71.4134	2015	April
2306	2015-05-01	289467	12:44:00	Bicycle	NA	1	FALSE	FALSE	1	BROADWAY	GREENMAN LN	2015-05-01	Two-Way , Not Divided	Dry	Daylight	Clear	Not a Collision Between Two Motor Vehicles in Transport	No	Traffic Control Signal	5	1	Pain Reported	NA	41.82232	-71.41867	FALSE	FALSE	Broadway and Greenman Ln, Providence, RI, USA	Med	Raw	distance greater than 100m	TRUE	41.82232	-71.41867	2015	May
2307	2015-05-01	289488	16:47:00	Bicycle	NA	1	FALSE	FALSE	1	OAKLAND AVE	EATON ST	2015-05-01	Two-Way , Not Divided	Dry	Daylight	Clear	Not a Collision Between Two Motor Vehicles in Transport	Yes	No Controls	3	1	Pain Reported	2	41.84101	-71.42851	FALSE	FALSE	Oakland Ave and Eaton Street, Providence, RI, USA	Med High	Raw	NA	FALSE	41.84101	-71.42851	2015	May
2304	2015-05-02	289688	13:53:00	Pedestrian	1	NA	FALSE	FALSE	1	1075 N MAIN ST	NA	2015-05-02	Unknown	Dry	Daylight	Clear	Not a Collision Between Two Motor Vehicles in Transport	No	No Controls	2	1	Pain Reported	NA	41.84979	-71.40314	TRUE	TRUE	1075 N Main Street, Providence, RI, USA	High	Raw	NA	FALSE	41.84979	-71.40314	2015	May
2305	2015-05-02	289689	14:46:00	Bicycle	NA	1	FALSE	FALSE	1	WASHINGTON ST	SERVICE ROAD 8	2015-05-02	Two-Way , Not Divided	Dry	Daylight	Clear	Not a Collision Between Two Motor Vehicles in Transport	No	No Controls	2	1	Pain Reported	NA	41.82031	-71.41868	FALSE	FALSE	Washington Street and Service Road 8, Providence, RI, USA	Med High	Raw	distance greater than 100m	TRUE	41.82031	-71.41868	2015	May
2302	2015-05-03	289877	12:14:00	Pedestrian	1	NA	FALSE	FALSE	1	OPPER ST	BRANCH AVE	2015-05-03	Two-Way , Not Divided	Dry	Daylight	Clear	Not a Collision Between Two Motor Vehicles in Transport	No	No Controls	3	1	Pain Reported	NA	41.85181	-71.42329	FALSE	FALSE	Opper Street and Branch Ave, Providence, RI, USA	Med High	Raw	NA	FALSE	41.85181	-71.42329	2015	May
2303	2015-05-03	289931	20:17:00	Pedestrian	1	NA	FALSE	FALSE	1	Union Ave	Laurel Hill Ave	2015-05-04	Two-Way , Not Divided	Dry	Dark - Lighted	Clear	Not a Collision Between Two Motor Vehicles in Transport	Yes	Stop Signs	2	1	Pain Reported	NA	41.80626	-71.45236	FALSE	FALSE	Union Ave and Laurel Hill Ave, Providence, RI, USA	Med	Raw	NA	FALSE	41.80626	-71.45236	2015	May
2301	2015-05-04	290037	16:39:00	Pedestrian	1	NA	FALSE	FALSE	1	ONTARIO ST	NIAGARA ST	2015-05-04	Two-Way , Not Divided	Dry	Daylight	Clear	Not a Collision Between Two Motor Vehicles in Transport	No	No Controls	3	1	Pain Reported	NA	41.80041	-71.41774	FALSE	FALSE	Ontario Street and Niagara Street, Providence, RI, USA	Med High	Geocoded	distance greater than 100m	TRUE	41.7998959	-71.419342	2015	May
2298	2015-05-05	290118	07:40:00	Pedestrian	1	NA	FALSE	FALSE	1	279 D CHAD BROWN STREET	NA	2015-05-05	Two-Way , Not Divided	Dry	Daylight	Clear	Unknown	Yes	No Controls	2	1	Pain Reported	2	41.83618	-71.41545	TRUE	TRUE	279 D Chad Brown Street, Providence, RI, USA	High	Geocoded	distance greater than 100m	TRUE	41.8406767	-71.4224919	2015	May
2299	2015-05-05	290165	12:15:00	Bicycle	NA	NA	FALSE	FALSE	2	245 WATERMAN ST	COOKE ST	2015-05-05	One-Way Trafficway	Dry	Daylight	Clear	Rear End(Front-to-Rear)	Yes	No Controls	2	0	No Injury	NA	41.82761	-71.39556	TRUE	FALSE	245 Waterman Street, Providence, RI, USA	High	Geocoded	distance greater than 100m	TRUE	41.8279298	-71.3874654	2015	May
2300	2015-05-05	290208	14:31:00	Pedestrian	1	NA	FALSE	FALSE	1	ATWELLS AVE	DE PASQUALE AVE	2015-05-05	Two-Way , Not Divided	Dry	Daylight	Clear	Not a Collision Between Two Motor Vehicles in Transport	No	Traffic Control Signal	6	1	Non-Incapacitating	NA	41.82359	-71.42694	FALSE	FALSE	Atwells Ave and De Pasquale Ave, Providence, RI, USA	Med High	Raw	NA	FALSE	41.82359	-71.42694	2015	May
2295	2015-05-06	290285	13:40:00	Bicycle	NA	1	FALSE	FALSE	1	GANO STREET	EAST TRANSIT STREET	2015-05-06	Two-Way , Not Divided	Dry	Daylight	Clear	Angle (Front - to - Side) Right Angle (Includes Broadside)	No	No Controls	2	1	Non-Incapacitating	NA	41.83685	-71.41446	FALSE	FALSE	Gano Street and East Transit Street, Providence, RI, USA	Med High	Geocoded	distance greater than 100m	TRUE	41.8218214	-71.3897963	2015	May
2296	2015-05-06	290303	14:51:00	Pedestrian	1	NA	FALSE	FALSE	1	DOYLE AVE	HOPE ST	2015-05-06	Two-Way , Not Divided	Dry	Daylight	Clear	Not a Collision Between Two Motor Vehicles in Transport	No	No Controls	2	1	Pain Reported	2	41.83877	-71.40046	FALSE	FALSE	Doyle Ave and Hope Street, Providence, RI, USA	Med High	Raw	NA	FALSE	41.83877	-71.40046	2015	May
2297	2015-05-06	290325	17:46:00	Pedestrian	1	NA	FALSE	FALSE	1	EXCHANGE TER	EXCHANGE ST	2015-05-06	Two-Way , Not Divided	Dry	Daylight	Clear	Not a Collision Between Two Motor Vehicles in Transport	No	Traffic Control Signal	4	1	Pain Reported	3	41.82608	-71.41167	FALSE	FALSE	Exchange Ter and Exchange Street, Providence, RI, USA	Med High	Raw	distance greater than 100m	TRUE	41.82608	-71.41167	2015	May
2294	2015-05-07	290411	09:19:00	Pedestrian	1	NA	FALSE	FALSE	1	593 EDDY STREET	NA	2015-05-07	One-Way Trafficway	Dry	Daylight	Clear	Unknown	No	No Controls	3	1	Pain Reported	NA	41.83484	-71.41659	TRUE	TRUE	593 Eddy Street, Providence, RI, USA	High	Geocoded	distance greater than 100m	TRUE	41.8107889	-71.4090636	2015	May
2293	2015-05-08	290666	16:21:00	Bicycle	NA	1	FALSE	FALSE	1	71 ANDEM ST	CANTON ST	2015-05-08	Two-Way , Not Divided	Dry	Daylight	Clear	Not a Collision Between Two Motor Vehicles in Transport	No	No Controls	2	1	Pain Reported	NA	41.83055	-71.44263	TRUE	FALSE	71 Andem Street, Providence, RI, USA	High	Raw	NA	FALSE	41.83055	-71.44263	2015	May
2292	2015-05-13	291700	16:02:00	Pedestrian	1	NA	FALSE	FALSE	1	ACADEMY AVE	WABUN AVE	2015-05-13	Two-Way , Not Divided	Dry	Daylight	Clear	Not a Collision Between Two Motor Vehicles in Transport	Yes	No Controls	1	1	Pain Reported	NA	41.84033	-71.44502	FALSE	FALSE	Academy Ave and Wabun Ave, Providence, RI, USA	Med High	Raw	NA	FALSE	41.84033	-71.44502	2015	May
2289	2015-05-14	291766	10:27:00	Pedestrian	1	NA	FALSE	FALSE	1	70 KENNEDY PLZ	ARCADE ST	2015-05-14	One-Way Trafficway	Dry	Daylight	Clear	Not a Collision Between Two Motor Vehicles in Transport	No	No Controls	4	1	Pain Reported	NA	41.82455	-71.41181	TRUE	FALSE	70 Kennedy Plz, Providence, RI, USA	High	Raw	NA	FALSE	41.82455	-71.41181	2015	May
2290	2015-05-14	291793	14:17:00	Bicycle	NA	1	FALSE	FALSE	1	Dorrance St	WEYBOSSET ST	2015-05-14	Two-Way , Not Divided	Dry	Daylight	Clear	Other	No	Traffic Control Signal	3	1	Pain Reported	NA	41.82301	-71.41093	FALSE	FALSE	Dorrance Street and Weybosset Street, Providence, RI, USA	Med High	Raw	NA	FALSE	41.82301	-71.41093	2015	May
2291	2015-05-14	291820	16:46:00	Pedestrian	1	NA	FALSE	FALSE	1	BRANCH AVE	EXIT 24	2015-05-14	Two-Way , Not Divided	Dry	Daylight	Clear	Not a Collision Between Two Motor Vehicles in Transport	Yes	Stop Signs	1	1	Pain Reported	NA	41.84629	-71.41157	FALSE	FALSE	Branch Ave and Exit 24, Providence, RI, USA	Med	Raw	distance greater than 100m	TRUE	41.84629	-71.41157	2015	May
2288	2015-05-16	292208	20:56:00	Pedestrian	1	NA	FALSE	FALSE	1	WATERMAN ST	BROWN ST	2015-05-17	Two-Way , Not Divided	Dry	Daylight	Clear	Not a Collision Between Two Motor Vehicles in Transport	No	Stop Signs	2	1	Pain Reported	NA	41.82705	-71.40304	FALSE	FALSE	Waterman Street and Brown Street, Providence, RI, USA	Med High	Raw	NA	FALSE	41.82705	-71.40304	2015	May
2287	2015-05-17	292159	00:11:00	Pedestrian	1	NA	FALSE	FALSE	1	UNION AVE	ALTHEA ST	2015-05-17	Two-Way , Not Divided	Dry	Dark - Lighted	Clear	Not a Collision Between Two Motor Vehicles in Transport	No	No Controls	2	1	Non-Incapacitating	NA	41.80932	-71.43829	FALSE	FALSE	Union Ave and Althea Street, Providence, RI, USA	Med	Raw	NA	FALSE	41.80932	-71.43829	2015	May
2286	2015-05-18	292340	15:39:00	Bicycle	NA	1	FALSE	FALSE	1	WICKENDEN ST	BROOK ST	2015-05-18	Two-Way , Not Divided	Dry	Daylight	Clear	Not a Collision Between Two Motor Vehicles in Transport	No	Traffic Control Signal	3	1	Incapacitating	NA	41.81948	-71.39826	FALSE	FALSE	Wickenden Street and Brook Street, Providence, RI, USA	Med High	Raw	NA	FALSE	41.81948	-71.39826	2015	May
2285	2015-05-19	292615	16:30:00	Pedestrian	1	NA	FALSE	FALSE	1	PLAINFIELD ST	MERINO ST	2015-05-19	Two-Way , Not Divided	Dry	Daylight	Clear	Not a Collision Between Two Motor Vehicles in Transport	Yes	No Controls	2	1	Pain Reported	2	41.80904	-71.463	FALSE	FALSE	Plainfield Street and Merino Street, Providence, RI, USA	Med High	Geocoded	distance greater than 100m	TRUE	41.8129452	-71.457397	2015	May
2282	2015-05-20	292707	14:40:00	Pedestrian	1	NA	FALSE	FALSE	1	112 DORA ST	WEBSTER AVE	2015-05-20	Two-Way, Divided, Unprotected (painted>4feet) Medium	Dry	Daylight	Clear	Not a Collision Between Two Motor Vehicles in Transport	Yes	No Controls	1	1	Pain Reported	2	41.8081	-71.44815	TRUE	FALSE	112 Dora Street, Providence, RI, USA	High	Geocoded	distance greater than 100m	TRUE	41.8082102	-71.446897	2015	May
2283	2015-05-20	292730	16:26:00	Pedestrian	1	NA	FALSE	FALSE	1	343 BROAD ST	NA	2015-05-20	Two-Way, Divided, Positive Median Barrier	Dry	Daylight	Clear	Not a Collision Between Two Motor Vehicles in Transport	No	No Controls	7	1	Incapacitating	2	41.81398	-71.4214	TRUE	TRUE	343 Broad Street, Providence, RI, USA	High	Raw	NA	FALSE	41.81398	-71.4214	2015	May
2284	2015-05-20	293337	14:30:00	Bicycle	NA	1	FALSE	FALSE	1	POINT ST	S WATER ST	2015-05-24	One-Way Trafficway	Dry	Daylight	Clear	Not a Collision Between Two Motor Vehicles in Transport	No	Stop Signs	2	1	Non-Incapacitating	NA	41.81874	-71.40185	FALSE	FALSE	Point Street and S Water Street, Providence, RI, USA	Med High	Raw	NA	FALSE	41.81874	-71.40185	2015	May