row_number	crash_date	crash_report_id	crash_time	collision_type	count_pedestrian	count_bicycle	scooter	wheel_chair	number_of_vehicles	street_or_highway	nearest_intersection	report_date	type_of_roadway	road_surface_condition	light_condition	weather_condition	manner_of_impact	hit_and_run	traffic_control	person_count	injury_count	most_serious_injury	number_of_lanes	lat_raw	lon_raw	has_st_number	is_intersection_null	address_sent_to_geocoder	api_coord_conf	best_coordinate_set	reason_for_qa	manually_qaed_record	final_lat	final_lon	year	month
2280	2015-05-21	292816	10:35:00	Pedestrian	1	NA	FALSE	FALSE	1	DORRANCE ST	EXCHANGE TER	2015-05-21	One-Way Trafficway	Dry	Daylight	Clear	Not a Collision Between Two Motor Vehicles in Transport	Yes	No Controls	2	1	Pain Reported	NA	41.82471	-71.41351	FALSE	FALSE	Dorrance Street and Exchange Ter, Providence, RI, USA	Med	Unknown	distance greater than 100m	TRUE	NA	NA	2015	May
2281	2015-05-21	292845	09:08:00	Bicycle	NA	1	FALSE	FALSE	1	325 WASHINGTON ST	DEAN ST	2015-05-21	Two-Way, Divided, Unprotected (painted>4feet) Medium	Dry	Daylight	Clear	Not a Collision Between Two Motor Vehicles in Transport	No	No Controls	3	0	No Injury	NA	41.81917	-71.42058	TRUE	FALSE	325 Washington Street, Providence, RI, USA	High	Raw	NA	FALSE	41.81917	-71.42058	2015	May
2278	2015-05-22	293130	18:00:00	Bicycle	NA	1	FALSE	FALSE	1	Detroit Avenue	Broad Street	2015-05-22	Two-Way , Not Divided	Dry	Daylight	Clear	Not a Collision Between Two Motor Vehicles in Transport	No	No Controls	2	1	Non-Incapacitating	NA	41.79438	-71.40995	FALSE	FALSE	Detroit Avenue and Broad Street, Providence, RI, USA	Med High	Raw	NA	FALSE	41.79438	-71.40995	2015	May
2279	2015-05-22	293136	00:51:00	Bicycle	NA	1	FALSE	FALSE	1	Atwells Ave	NA	2015-05-22	Two-Way , Not Divided	Dry	Dark - Lighted	Clear	Not a Collision Between Two Motor Vehicles in Transport	Yes	No Controls	1	1	Pain Reported	NA	41.8233	-71.42276	FALSE	TRUE	Atwells Ave, Providence, RI, USA	Inaccurate	Raw	distance greater than 100m	TRUE	41.8233	-71.42276	2015	May
2276	2015-05-23	293229	11:28:00	Bicycle	NA	1	FALSE	FALSE	1	HARTFORD AVE	ALVERSON AVE	2015-05-23	Two-Way , Not Divided	Dry	Daylight	Clear	Not a Collision Between Two Motor Vehicles in Transport	No	No Controls	3	1	Pain Reported	NA	41.81877	-71.46008	FALSE	FALSE	Hartford Ave and Alverson Ave, Providence, RI, USA	Med High	Raw	NA	FALSE	41.81877	-71.46008	2015	May
2277	2015-05-23	293269	16:53:00	Bicycle	NA	1	FALSE	FALSE	1	ALLENS AVE	Bay Street	2015-05-23	Two-Way , Not Divided	Dry	Daylight	Clear	Not a Collision Between Two Motor Vehicles in Transport	Yes	No Controls	1	1	Non-Incapacitating	NA	41.8061	-71.40277	FALSE	FALSE	Allens Ave and Bay Street, Providence, RI, USA	Med High	Raw	NA	FALSE	41.8061	-71.40277	2015	May
2274	2015-05-24	293383	20:26:00	Pedestrian	1	NA	FALSE	FALSE	1	PEMBROKE AVE	CHAD BROWN ST	2015-05-24	Two-Way , Not Divided	Dry	Dark - Lighted	Clear	Other	No	No Controls	2	1	Pain Reported	NA	41.83909	-71.43026	FALSE	FALSE	Pembroke Ave and Chad Brown Street, Providence, RI, USA	Med High	Raw	NA	FALSE	41.83909	-71.43026	2015	May
2275	2015-05-24	293386	19:34:00	Pedestrian	1	NA	FALSE	FALSE	1	680 Admiral Street	NA	2015-05-24	Unknown	Dry	Dark - Lighted	Clear	Not a Collision Between Two Motor Vehicles in Transport	No	No Controls	3	1	Incapacitating	NA	41.84927	-71.43911	TRUE	TRUE	680 Admiral Street, Providence, RI, USA	High	Raw	NA	FALSE	41.84927	-71.43911	2015	May
2272	2015-05-27	293763	08:54:00	Pedestrian	1	NA	FALSE	FALSE	1	6 GALLUP ST	BURNSIDE ST	2015-05-27	Two-Way , Not Divided	Dry	Daylight	Clear	Not a Collision Between Two Motor Vehicles in Transport	Yes	No Controls	2	1	Pain Reported	NA	41.80039	-71.41057	TRUE	FALSE	6 Gallup Street, Providence, RI, USA	High	Raw	distance greater than 100m	TRUE	41.80039	-71.41057	2015	May
2273	2015-05-27	293789	14:12:00	Bicycle	NA	1	FALSE	FALSE	1	601 N. MAIN ST	N MAIN ST	2015-05-27	Two-Way, Divided, Positive Median Barrier	Dry	Daylight	Clear	Not a Collision Between Two Motor Vehicles in Transport	Yes	No Controls	1	1	Pain Reported	NA	41.83717	-71.40948	TRUE	FALSE	601 N. Main Street, Providence, RI, USA	High	Raw	NA	FALSE	41.83717	-71.40948	2015	May
2271	2015-05-28	293911	19:35:00	Pedestrian	1	NA	FALSE	FALSE	1	Eddy Street	ERNEST ST	2015-05-28	Two-Way , Not Divided	Dry	Daylight	Clear	Not a Collision Between Two Motor Vehicles in Transport	Yes	Traffic Control Signal	1	1	Pain Reported	NA	41.79512	-71.40451	FALSE	FALSE	Eddy Street and Ernest Street, Providence, RI, USA	Med High	Raw	NA	FALSE	41.79512	-71.40451	2015	May
2270	2015-05-30	294183	16:40:00	Bicycle	NA	1	FALSE	FALSE	1	DOUGLAS AVE	GODDARD ST	2015-05-30	Two-Way , Not Divided	Dry	Daylight	Clear	Not a Collision Between Two Motor Vehicles in Transport	Yes	No Controls	2	1	Pain Reported	2	41.83513	-71.41736	FALSE	FALSE	Douglas Ave and Goddard Street, Providence, RI, USA	Med High	Raw	NA	FALSE	41.83513	-71.41736	2015	May
2269	2015-06-02	294653	11:23:00	Pedestrian	1	NA	FALSE	FALSE	1	BROAD ST	BROAD ST	2015-06-02	Two-Way , Not Divided	Wet	Daylight	Rain	Not a Collision Between Two Motor Vehicles in Transport	No	No Controls	3	1	Pain Reported	NA	41.78612	-71.40179	FALSE	FALSE	Broad Street and Broad Street, Providence, RI, USA	Med	Raw	distance greater than 100m	TRUE	41.78612	-71.40179	2015	June
2266	2015-06-04	294848	07:48:00	Pedestrian	1	NA	FALSE	FALSE	1	PRAIRIE AVE	THURBERS AVE	2015-06-04	Two-Way, Divided, Unprotected (painted>4feet) Medium	Dry	Daylight	Clear	Not a Collision Between Two Motor Vehicles in Transport	No	No Controls	6	1	Incapacitating	NA	41.79847	-71.41179	FALSE	FALSE	Prairie Ave and Thurbers Ave, Providence, RI, USA	Med High	Raw	NA	FALSE	41.79847	-71.41179	2015	June
2267	2015-06-04	294881	12:28:00	Pedestrian	1	NA	FALSE	FALSE	1	WESTMINSTER ST	COLLEGE ST	2015-06-04	Two-Way, Divided, Unprotected (painted>4feet) Medium	Dry	Daylight	Clear	Not a Collision Between Two Motor Vehicles in Transport	No	No Controls	4	1	Incapacitating	NA	41.82529	-71.40895	FALSE	FALSE	Westminster Street and College Street, Providence, RI, USA	Med High	Raw	NA	FALSE	41.82529	-71.40895	2015	June
2268	2015-06-04	294895	15:35:00	Pedestrian	1	NA	FALSE	FALSE	1	VERMONT AVE	VIRGINIA AVE	2015-06-04	Two-Way , Not Divided	Dry	Daylight	Clear	Not a Collision Between Two Motor Vehicles in Transport	Yes	No Controls	1	1	Pain Reported	NA	41.78876	-71.39591	FALSE	FALSE	Vermont Ave and Virginia Ave, Providence, RI, USA	Med High	Geocoded	distance greater than 100m	TRUE	41.7882176	-71.3989933	2015	June
2265	2015-06-06	295894	21:23:00	Pedestrian	1	NA	FALSE	FALSE	1	Florence St	MANTON AVE	2015-06-10	One-Way Trafficway	Dry	Dark - Lighted	Clear	Not a Collision Between Two Motor Vehicles in Transport	Yes	No Controls	1	1	Non-Incapacitating	NA	41.82027	-71.44695	FALSE	FALSE	Florence Street and Manton Ave, Providence, RI, USA	Med High	Raw	NA	FALSE	41.82027	-71.44695	2015	June
2264	2015-06-08	295540	15:02:00	Bicycle	NA	1	FALSE	FALSE	1	MEDWAY ST	GANO ST	2015-06-08	Two-Way , Not Divided	Dry	Daylight	Cloudy	Not a Collision Between Two Motor Vehicles in Transport	No	Stop Signs	3	1	Non-Incapacitating	NA	41.82887	-71.39087	FALSE	FALSE	Medway Street and Gano Street, Providence, RI, USA	Med High	Raw	NA	FALSE	41.82887	-71.39087	2015	June
2263	2015-06-09	295641	08:46:00	Pedestrian	1	NA	FALSE	FALSE	1	25 BRAMAN ST	MORRIS AVE	2015-06-09	Two-Way , Not Divided	Dry	Daylight	Clear	Not a Collision Between Two Motor Vehicles in Transport	No	No Controls	2	1	Pain Reported	NA	41.84623	-71.39533	TRUE	FALSE	25 Braman Street, Providence, RI, USA	High	Raw	NA	FALSE	41.84623	-71.39533	2015	June
2261	2015-06-10	295741	05:49:00	Bicycle	NA	1	FALSE	FALSE	1	GASPEE ST	FRANCIS ST	2015-06-10	Two-Way, Divided, Unprotected (painted>4feet) Medium	Dry	Dawn	Clear	Not a Collision Between Two Motor Vehicles in Transport	Yes	Traffic Control Signal	2	1	Pain Reported	NA	41.82915	-71.41485	FALSE	FALSE	Gaspee Street and Francis Street, Providence, RI, USA	Med High	Raw	NA	FALSE	41.82915	-71.41485	2015	June
2262	2015-06-10	295789	09:18:00	Pedestrian	1	NA	FALSE	FALSE	1	530 NORTH MAIN STREET	NA	2015-06-10	Two-Way, Divided, Positive Median Barrier	Dry	Daylight	Clear	Other	No	No Controls	2	1	Pain Reported	4	41.83651	-71.4149	TRUE	TRUE	530 North Main Street, Providence, RI, USA	High	Geocoded	distance greater than 100m	TRUE	41.8363567	-71.4100844	2015	June
2260	2015-06-12	296220	20:38:00	Bicycle	NA	1	FALSE	FALSE	1	Appleton St	DELAINE ST	2015-06-13	Two-Way , Not Divided	Dry	Dark - Lighted	Clear	Other	Yes	No Controls	2	1	Non-Incapacitating	2	41.81916	-71.44299	FALSE	FALSE	Appleton Street and Delaine Street, Providence, RI, USA	Med High	Raw	NA	FALSE	41.81916	-71.44299	2015	June
2259	2015-06-13	296247	07:29:00	Bicycle	NA	1	FALSE	FALSE	1	WESTMINISTER STREET	DEAN STREET	2015-06-13	Two-Way , Not Divided	Dry	Daylight	Clear	Other	No	Traffic Control Signal	3	1	Non-Incapacitating	2	41.83651	-71.4149	FALSE	FALSE	Westminister Street and Dean Street, Providence, RI, USA	Med High	Geocoded	distance greater than 100m	TRUE	41.8182066	-71.4201851	2015	June
2258	2015-06-15	296598	19:20:00	Pedestrian	1	NA	FALSE	FALSE	1	EDDY ST	RHODES ST	2015-06-15	Two-Way , Not Divided	Wet	Daylight	Rain	Not a Collision Between Two Motor Vehicles in Transport	Yes	Pavement Markings	1	0	No Injury	2	41.80821	-71.40724	FALSE	FALSE	Eddy Street and Rhodes Street, Providence, RI, USA	Med High	Raw	NA	FALSE	41.80821	-71.40724	2015	June
2256	2015-06-16	296702	16:19:00	Pedestrian	1	NA	FALSE	FALSE	1	499 PLAINFIELD ST	NA	2015-06-16	Two-Way , Not Divided	Dry	Daylight	Cloudy	Not a Collision Between Two Motor Vehicles in Transport	No	No Controls	2	1	Pain Reported	2	41.81326	-71.45502	TRUE	TRUE	499 Plainfield Street, Providence, RI, USA	High	Raw	NA	FALSE	41.81326	-71.45502	2015	June
2257	2015-06-16	296732	14:48:00	Bicycle	NA	1	FALSE	FALSE	1	North Main St	N MAIN ST	2015-06-16	Two-Way, Divided, Positive Median Barrier	Dry	Daylight	Cloudy	Not a Collision Between Two Motor Vehicles in Transport	No	No Controls	4	0	No Injury	4	41.83659	-71.40961	FALSE	FALSE	North Main Street and N Main Street, Providence, RI, USA	Med High	Raw	distance greater than 100m	TRUE	41.83659	-71.40961	2015	June
2255	2015-06-17	296896	14:59:00	Bicycle	NA	1	FALSE	FALSE	1	JILLSON ST	EDDY ST	2015-06-17	Two-Way , Not Divided	Dry	Daylight	Clear	Not a Collision Between Two Motor Vehicles in Transport	No	Stop Signs	2	1	Pain Reported	2	41.7914	-71.40344	FALSE	FALSE	Jillson Street and Eddy Street, Providence, RI, USA	Med High	Raw	NA	FALSE	41.7914	-71.40344	2015	June
2254	2015-06-18	297045	17:59:00	Pedestrian	1	NA	FALSE	FALSE	1	HAWKINS ST	BRANCH AVE	2015-06-18	Two-Way , Not Divided	Dry	Daylight	Clear	Not a Collision Between Two Motor Vehicles in Transport	Yes	No Controls	1	1	Incapacitating	NA	41.85065	-71.42217	FALSE	FALSE	Hawkins Street and Branch Ave, Providence, RI, USA	Med High	Raw	NA	FALSE	41.85065	-71.42217	2015	June
2253	2015-06-19	297270	21:13:00	Bicycle	NA	1	FALSE	FALSE	1	79 Elmwood Ave	ELMWOOD AVE	2015-06-19	Two-Way , Not Divided	Dry	Dark - Lighted	Clear	Not a Collision Between Two Motor Vehicles in Transport	Yes	Traffic Control Signal	3	1	Pain Reported	2	41.80981	-71.4241	TRUE	FALSE	79 Elmwood Ave, Providence, RI, USA	High	Raw	NA	FALSE	41.80981	-71.4241	2015	June
2252	2015-06-20	297365	13:24:00	Pedestrian	1	NA	FALSE	FALSE	1	ACADEMY AVE	CHALKSTONE AVE	2015-06-20	Two-Way, Divided, Unprotected (painted>4feet) Medium	Dry	Daylight	Clear	Not a Collision Between Two Motor Vehicles in Transport	No	Traffic Control Signal	2	1	Incapacitating	NA	41.8324	-71.44452	FALSE	FALSE	Academy Ave and Chalkstone Ave, Providence, RI, USA	Med High	Raw	NA	FALSE	41.8324	-71.44452	2015	June
2251	2015-06-22	297614	11:06:00	Pedestrian	1	NA	FALSE	FALSE	1	EDDY STREET	APPLEGATE LANE	2015-06-22	Two-Way , Not Divided	Dry	Daylight	Clear	Other	No	No Controls	5	1	Pain Reported	2	41.83413	-71.4166	FALSE	FALSE	Eddy Street and Applegate Lane, Providence, RI, USA	Med High	Geocoded	distance greater than 100m	TRUE	41.7989684	-71.4055445	2015	June
2249	2015-06-25	298108	11:23:00	Bicycle	NA	1	FALSE	FALSE	1	WESTMINISTER STREET	NA	2015-06-25	Two-Way , Not Divided	Dry	Daylight	Clear	Other	Yes	No Controls	1	0	No Injury	2	41.83651	-71.4149	FALSE	TRUE	Westminister Street, Providence, RI, USA	Inaccurate	Unknown	distance greater than 100m	TRUE	NA	NA	2015	June
2250	2015-06-25	298150	17:15:00	Bicycle	NA	1	FALSE	FALSE	1	69 Capron St	JULIAN ST	2015-06-25	Two-Way , Not Divided	Dry	Daylight	Clear	Not a Collision Between Two Motor Vehicles in Transport	No	No Controls	4	1	Pain Reported	2	41.82014	-71.44537	TRUE	FALSE	69 Capron Street, Providence, RI, USA	High	Raw	NA	FALSE	41.82014	-71.44537	2015	June
2248	2015-06-28	298518	02:26:00	Pedestrian	1	NA	FALSE	FALSE	1	115 Harris Ave	HARRIS AVE EXIT 22C	2015-06-28	Two-Way, Divided, Unprotected (painted>4feet) Medium	Wet	Dark - Lighted	Rain	Not a Collision Between Two Motor Vehicles in Transport	Yes	No Controls	1	1	Non-Incapacitating	NA	41.82704	-71.42376	TRUE	FALSE	115 Harris Ave, Providence, RI, USA	High	Raw	NA	FALSE	41.82704	-71.42376	2015	June
2246	2015-06-29	298773	10:16:00	Bicycle	NA	1	FALSE	FALSE	1	BROAD STREET	ALDRICH AVENUE	2015-06-29	Two-Way , Not Divided	Dry	Daylight	Clear	Other	No	Stop Signs	2	1	Pain Reported	2	41.83296	-71.41682	FALSE	FALSE	Broad Street and Aldrich Avenue, Providence, RI, USA	Med	Neither	distance greater than 100m	TRUE	41.793668	-71.408972	2015	June
2247	2015-06-29	298838	17:50:00	Pedestrian	1	NA	FALSE	FALSE	1	Union Ave	WEBSTER AVE	2015-06-29	Two-Way , Not Divided	Dry	Daylight	Clear	Not a Collision Between Two Motor Vehicles in Transport	No	No Controls	3	1	Pain Reported	NA	41.80683	-71.44755	FALSE	FALSE	Union Ave and Webster Ave, Providence, RI, USA	Med	Raw	NA	FALSE	41.80683	-71.44755	2015	June
2244	2015-06-30	298900	08:35:00	Bicycle	NA	1	FALSE	FALSE	1	POINT STREET	SOUTH MAIN STREET	2015-06-30	Two-Way , Not Divided	Dry	Daylight	Clear	Angle (Front - to - Side) Right Angle (Includes Broadside)	No	Traffic Control Signal	2	1	Pain Reported	4	41.83183	-71.41726	FALSE	FALSE	Point Street and South Main Street, Providence, RI, USA	Med	Neither	distance greater than 100m	TRUE	41.819069	-71.400973	2015	June
2245	2015-06-30	298996	14:24:00	Pedestrian	1	NA	FALSE	FALSE	1	344 Washington St	DEAN ST	2015-06-30	Two-Way , Not Divided	Dry	Daylight	Clear	Not a Collision Between Two Motor Vehicles in Transport	No	No Controls	2	1	Pain Reported	NA	41.81913	-71.42064	TRUE	FALSE	344 Washington Street, Providence, RI, USA	High	Raw	NA	FALSE	41.81913	-71.42064	2015	June
2243	2015-07-01	299120	10:57:00	Bicycle	NA	1	FALSE	FALSE	1	ATWELLS AVE	EAGLE ST	2015-07-01	Two-Way, Divided, Positive Median Barrier	Dry	Daylight	Cloudy	Angle (Front - to - Side) Right Angle (Includes Broadside)	No	Traffic Control Signal	6	1	Non-Incapacitating	NA	41.82446	-71.4355	FALSE	FALSE	Atwells Ave and Eagle Street, Providence, RI, USA	Med High	Raw	NA	FALSE	41.82446	-71.4355	2015	July
2242	2015-07-02	299395	17:19:00	Bicycle	NA	1	FALSE	FALSE	2	DEXTER ST	POTTERS AVE	2015-07-02	Two-Way , Not Divided	Dry	Daylight	Clear	Not a Collision Between Two Motor Vehicles in Transport	No	Stop Signs	4	0	No Injury	2	41.80249	-71.43059	FALSE	FALSE	Dexter Street and Potters Ave, Providence, RI, USA	Med High	Raw	NA	FALSE	41.80249	-71.43059	2015	July
2239	2015-07-03	299497	11:10:00	Bicycle	NA	1	FALSE	FALSE	1	INDIA ST.	GANO ST.	2015-07-03	Two-Way , Not Divided	Dry	Daylight	Clear	Angle (Front - to - Side) Right Angle (Includes Broadside)	No	Stop Signs	6	1	Incapacitating	2	41.81865	-71.38932	FALSE	FALSE	India St. and Gano St., Providence, RI, USA	Med High	Raw	NA	FALSE	41.81865	-71.38932	2015	July
2240	2015-07-03	299499	16:15:00	Pedestrian	1	NA	FALSE	FALSE	1	MANTON AVE	FRUIT HILL AVE	2015-07-03	Two-Way , Not Divided	Dry	Daylight	Clear	Not a Collision Between Two Motor Vehicles in Transport	No	Traffic Control Signal	2	0	No Injury	NA	41.83388	-71.46783	FALSE	FALSE	Manton Ave and Fruit Hill Ave, Providence, RI, USA	Med High	Raw	NA	FALSE	41.83388	-71.46783	2015	July
2241	2015-07-03	299525	18:02:00	Bicycle	NA	1	FALSE	FALSE	1	MESSER ST	CRANSTON ST	2015-07-03	Two-Way , Not Divided	Dry	Daylight	Clear	Not a Collision Between Two Motor Vehicles in Transport	Yes	Stop Signs	2	1	Pain Reported	2	41.80963	-71.43345	FALSE	FALSE	Messer Street and Cranston Street, Providence, RI, USA	Med High	Raw	NA	FALSE	41.80963	-71.43345	2015	July
2238	2015-07-04	304343	21:38:00	Pedestrian	1	NA	FALSE	FALSE	1	DOUGLAS AVE	ADMIRAL ST	2015-08-01	Two-Way , Not Divided	Dry	Dark - Lighted	Clear	Not a Collision Between Two Motor Vehicles in Transport	Yes	No Controls	1	1	Non-Incapacitating	NA	41.8461	-71.42905	FALSE	FALSE	Douglas Ave and Admiral Street, Providence, RI, USA	Med High	Raw	NA	FALSE	41.8461	-71.42905	2015	July
2237	2015-07-05	299644	21:50:00	Pedestrian	1	NA	FALSE	FALSE	1	PUBLIC ST	OCEAN ST	2015-07-05	Two-Way , Not Divided	Dry	Dark - Lighted	Clear	Not a Collision Between Two Motor Vehicles in Transport	Yes	No Controls	5	1	Incapacitating	2	41.80622	-71.41193	FALSE	FALSE	Public Street and Ocean Street, Providence, RI, USA	Med High	Raw	NA	FALSE	41.80622	-71.41193	2015	July
2236	2015-07-06	299972	17:17:00	Bicycle	NA	1	FALSE	FALSE	1	RIVER AVE	MOORLAND AVE	2015-07-06	Two-Way , Not Divided	Dry	Daylight	Clear	Angle (Front - to - Side) Right Angle (Includes Broadside)	No	Stop Signs	3	1	Non-Incapacitating	NA	41.83752	-71.43973	FALSE	FALSE	River Ave and Moorland Ave, Providence, RI, USA	Med High	Raw	NA	FALSE	41.83752	-71.43973	2015	July
2234	2015-07-07	300118	11:56:00	Pedestrian	1	NA	FALSE	FALSE	1	39 ELMER STREET	DOUGLAS AVE	2015-07-07	One-Way Trafficway	Wet	Daylight	Clear	Other	No	No Controls	2	1	Pain Reported	1	41.83495	-71.41617	TRUE	FALSE	39 Elmer Street, Providence, RI, USA	High	Unknown	distance greater than 100m	TRUE	NA	NA	2015	July
2235	2015-07-07	300169	18:18:00	Bicycle	NA	1	FALSE	FALSE	1	RANDALL SQ	RANDALL SQ	2015-07-07	One-Way Trafficway	Dry	Daylight	Clear	Not a Collision Between Two Motor Vehicles in Transport	Yes	Stop Signs	2	1	Pain Reported	1	41.83677	-71.40991	FALSE	FALSE	Randall Sq and Randall Sq, Providence, RI, USA	Med High	Neither	distance greater than 100m	TRUE	41.836566	-71.410572	2015	July
2233	2015-07-09	300440	11:47:00	Bicycle	NA	1	FALSE	FALSE	1	WASHINGTON ST	EXCHANGE ST	2015-07-09	Two-Way, Divided, Positive Median Barrier	Dry	Daylight	Clear	Other	No	No Controls	6	1	Pain Reported	NA	41.8249	-71.4121	FALSE	FALSE	Washington Street and Exchange Street, Providence, RI, USA	Med	Geocoded	distance greater than 100m	TRUE	41.8257255	-71.4110379	2015	July
2232	2015-07-11	300781	02:39:00	Pedestrian	1	NA	FALSE	FALSE	1	WASHINGTON ST	DORRANCE ST	2015-07-11	One-Way Trafficway	Dry	Dark - Lighted	Clear	Sideswipe, Same Direction	Yes	Traffic Control Signal	1	1	Pain Reported	NA	41.82445	-71.41277	FALSE	FALSE	Washington Street and Dorrance Street, Providence, RI, USA	Med High	Raw	NA	FALSE	41.82445	-71.41277	2015	July
2231	2015-07-12	300895	03:55:00	Pedestrian	1	NA	FALSE	FALSE	1	WESTMINSTER ST	SERVICE ROAD 7	2015-07-12	One-Way Trafficway	Dry	Dark - Lighted	Clear	Unknown	Yes	Traffic Control Signal	4	2	Incapacitating	NA	41.81878	-71.41889	FALSE	FALSE	Westminster Street and Service Road 7, Providence, RI, USA	Med High	Raw	NA	FALSE	41.81878	-71.41889	2015	July
2230	2015-07-13	301113	20:58:00	Bicycle	NA	1	FALSE	FALSE	1	POCASSET AVE	MAGNOLIA ST	2015-07-13	Two-Way , Not Divided	Dry	Dark - Lighted	Clear	Not a Collision Between Two Motor Vehicles in Transport	Yes	Traffic Control Signal	1	1	Pain Reported	NA	41.81192	-71.44995	FALSE	FALSE	Pocasset Ave and Magnolia Street, Providence, RI, USA	Med High	Raw	NA	FALSE	41.81192	-71.44995	2015	July
2229	2015-07-16	301745	13:55:00	Pedestrian	1	NA	FALSE	FALSE	1	193 ELMWOOD AVENUE	NA	2015-07-17	Two-Way , Not Divided	Dry	Daylight	Clear	Other	No	Traffic Control Signal	3	1	Pain Reported	4	41.82489	-71.41943	TRUE	TRUE	193 Elmwood Avenue, Providence, RI, USA	High	Geocoded	distance greater than 100m	TRUE	41.8074252	-71.4250662	2015	July
2228	2015-07-19	302206	14:50:00	Pedestrian	1	NA	FALSE	FALSE	1	177 WEBSTER AVENUE	NA	2015-07-19	Unknown	Dry	Daylight	Clear	Other	Yes	No Controls	1	1	Non-Incapacitating	NA	41.83435	-71.41622	TRUE	TRUE	177 Webster Avenue, Providence, RI, USA	High	Geocoded	distance greater than 100m	TRUE	41.8107187	-71.4495578	2015	July
2227	2015-07-21	302555	20:54:00	Pedestrian	1	NA	FALSE	FALSE	1	Westminster St	Barton St	2015-07-21	Two-Way , Not Divided	Wet	Dark - Lighted	Rain	Not a Collision Between Two Motor Vehicles in Transport	No	Traffic Control Signal	2	1	Pain Reported	NA	41.81592	-71.43653	FALSE	FALSE	Westminster Street and Barton Street, Providence, RI, USA	Med High	Raw	NA	FALSE	41.81592	-71.43653	2015	July
2225	2015-07-22	302606	08:20:00	Bicycle	NA	1	FALSE	FALSE	1	Traverse St	Rosary Access Rd	2015-07-22	Two-Way , Not Divided	Dry	Daylight	Clear	Angle (Front - to - Side) Opposite Direction	No	Stop Signs	2	1	Pain Reported	NA	41.81857	-71.39916	FALSE	FALSE	Traverse Street and Rosary Access Rd, Providence, RI, USA	Med	Raw	distance greater than 100m	TRUE	41.81857	-71.39916	2015	July
2226	2015-07-22	302634	10:12:00	Pedestrian	2	NA	FALSE	FALSE	1	ROCHAMBEAU AVENUE	COLE ROAD	2015-07-22	Two-Way , Not Divided	Dry	Daylight	Clear	Other	No	Stop Signs	5	0	No Injury	2	41.83457	-71.41612	FALSE	FALSE	Rochambeau Avenue and Cole Road, Providence, RI, USA	Med	Geocoded	distance greater than 100m	TRUE	41.8457995	-71.3891825	2015	July
2224	2015-07-25	303318	18:32:00	Bicycle	NA	1	FALSE	FALSE	1	BRANCH AVE	OPPER ST	2015-07-25	Two-Way , Not Divided	Dry	Daylight	Clear	Not a Collision Between Two Motor Vehicles in Transport	No	Traffic Control Signal	2	1	Pain Reported	NA	41.85173	-71.42336	FALSE	FALSE	Branch Ave and Opper Street, Providence, RI, USA	Med High	Raw	NA	FALSE	41.85173	-71.42336	2015	July
2223	2015-07-26	303420	16:02:00	Pedestrian	1	NA	FALSE	FALSE	1	775 Potters Ave	HOMESTEAD AVE	2015-07-26	Two-Way , Not Divided	Dry	Daylight	Cloudy	Not a Collision Between Two Motor Vehicles in Transport	No	No Controls	7	1	Pain Reported	2	41.80416	-71.43537	TRUE	FALSE	775 Potters Ave, Providence, RI, USA	High	Raw	NA	FALSE	41.80416	-71.43537	2015	July
2222	2015-07-28	303687	21:57:00	Bicycle	NA	1	FALSE	FALSE	2	EMPIRE ST	WASHINGTON ST	2015-07-28	Two-Way , Not Divided	Dry	Dark - Lighted	Clear	Other	No	Traffic Control Signal	3	1	Incapacitating	4	41.82178	-71.41639	FALSE	FALSE	Empire Street and Washington Street, Providence, RI, USA	Med High	Raw	NA	FALSE	41.82178	-71.41639	2015	July
2219	2015-07-30	303946	13:52:00	Pedestrian	1	NA	FALSE	FALSE	1	LYNN ST	SACKETT ST	2015-07-30	Two-Way , Not Divided	Dry	Daylight	Clear	Not a Collision Between Two Motor Vehicles in Transport	Yes	No Controls	2	1	Pain Reported	2	41.79538	-71.41297	FALSE	FALSE	Lynn Street and Sackett Street, Providence, RI, USA	Med	Raw	NA	FALSE	41.79538	-71.41297	2015	July
2220	2015-07-30	303976	16:47:00	Bicycle	NA	1	FALSE	FALSE	1	BLACKSTONE BLVD	LLOYD AVE	2015-07-30	One-Way Trafficway	Dry	Daylight	Cloudy	Not a Collision Between Two Motor Vehicles in Transport	No	Stop Signs	4	1	Pain Reported	2	41.83534	-71.38462	FALSE	FALSE	Blackstone Blvd and Lloyd Ave, Providence, RI, USA	Med High	Raw	NA	FALSE	41.83534	-71.38462	2015	July
2221	2015-07-30	304042	20:07:00	Pedestrian	3	NA	FALSE	FALSE	1	SMITH ST	DANFORTH ST	2015-07-30	Two-Way , Not Divided	Wet	Dark - Lighted	Rain	Other	No	No Controls	7	2	Incapacitating	2	41.83564	-71.4267	FALSE	FALSE	Smith Street and Danforth Street, Providence, RI, USA	Med High	Raw	NA	FALSE	41.83564	-71.4267	2015	July
2216	2015-07-31	304260	18:50:00	Bicycle	NA	1	FALSE	FALSE	1	21 FELIX ST	CHALKSTONE AVE	2015-07-31	Two-Way , Not Divided	Dry	Daylight	Clear	Not a Collision Between Two Motor Vehicles in Transport	Yes	No Controls	1	0	No Injury	NA	41.83276	-71.4279	TRUE	FALSE	21 Felix Street, Providence, RI, USA	High	Raw	NA	FALSE	41.83276	-71.4279	2015	July