row_number	crash_date	crash_report_id	crash_time	collision_type	count_pedestrian	count_bicycle	scooter	wheel_chair	number_of_vehicles	street_or_highway	nearest_intersection	report_date	type_of_roadway	road_surface_condition	light_condition	weather_condition	manner_of_impact	hit_and_run	traffic_control	person_count	injury_count	most_serious_injury	number_of_lanes	lat_raw	lon_raw	has_st_number	is_intersection_null	address_sent_to_geocoder	api_coord_conf	best_coordinate_set	reason_for_qa	manually_qaed_record	final_lat	final_lon	year	month
2153	2015-10-02	317656	07:59:00	Bicycle	NA	1	FALSE	FALSE	1	CHALKSTONE AVE	ACADEMY AVE	2015-10-02	Two-Way, Divided, Unprotected (painted>4feet) Medium	Wet	Daylight	Sleet, Hail (Freezing Rain or Drizzle)	Head-On (Front - to - Front)	No	Traffic Control Signal	5	1	Non-Incapacitating	NA	41.83245	-71.44453	FALSE	FALSE	Chalkstone Ave and Academy Ave, Providence, RI, USA	Med High	Raw	NA	FALSE	41.83245	-71.44453	2015	October
2152	2015-10-04	318291	02:00:00	Pedestrian	1	NA	FALSE	FALSE	1	Atwells ave	EUTAW ST	2015-10-04	Two-Way , Not Divided	Dry	Dark - Lighted	Clear	Not a Collision Between Two Motor Vehicles in Transport	Yes	No Controls	5	1	Non-Incapacitating	NA	41.82354	-71.42619	FALSE	FALSE	Atwells Ave and Eutaw Street, Providence, RI, USA	Med High	Raw	NA	FALSE	41.82354	-71.42619	2015	October
2151	2015-10-05	318450	00:43:00	Pedestrian	1	NA	FALSE	FALSE	1	58 Prudence Ave	SILVER LAKE AVE	2015-10-05	Two-Way , Not Divided	Dry	Dark - Lighted	Clear	Not a Collision Between Two Motor Vehicles in Transport	No	No Controls	3	1	Pain Reported	NA	41.80712	-71.46165	TRUE	FALSE	58 Prudence Ave, Providence, RI, USA	High	Raw	NA	FALSE	41.80712	-71.46165	2015	October
2149	2015-10-09	319378	18:53:00	Pedestrian	1	NA	FALSE	FALSE	1	HARTFORD AVE	HARTFORD AVE	2015-10-09	Two-Way, Divided, Unprotected (painted>4feet) Medium	Wet	Dark - Lighted	Rain	Not a Collision Between Two Motor Vehicles in Transport	No	No Controls	3	1	Pain Reported	NA	41.81742	-71.4515	FALSE	FALSE	Hartford Ave and Hartford Ave, Providence, RI, USA	Med	Raw	distance greater than 100m	TRUE	41.81742	-71.4515	2015	October
2150	2015-10-09	319423	21:08:00	Pedestrian	1	NA	FALSE	FALSE	1	WARRINGTON ST	BROAD STREET	2015-10-09	Two-Way , Not Divided	Wet	Dark - Lighted	Cloudy	Not a Collision Between Two Motor Vehicles in Transport	No	No Controls	3	1	Pain Reported	NA	41.79667	-71.41277	FALSE	FALSE	Warrington Street and Broad Street, Providence, RI, USA	Med High	Raw	NA	FALSE	41.79667	-71.41277	2015	October
2148	2015-10-10	368053	21:20:00	Pedestrian	1	NA	FALSE	FALSE	1	ADELAIDE AVE	BROAD ST	2015-10-11	Unknown	Dry	Dark - Lighted	Clear	Not a Collision Between Two Motor Vehicles in Transport	Yes	No Controls	1	1	Pain Reported	NA	41.79885	-71.41547	FALSE	FALSE	Adelaide Ave and Broad Street, Providence, RI, USA	Med High	Raw	NA	FALSE	41.79885	-71.41547	2015	October
2147	2015-10-13	320485	16:07:00	Bicycle	NA	1	FALSE	FALSE	1	STATE ST	EXIT 23	2015-10-13	Two-Way , Not Divided	Dry	Daylight	Clear	Not a Collision Between Two Motor Vehicles in Transport	No	Traffic Control Signal	3	1	Pain Reported	3	41.83478	-71.41433	FALSE	FALSE	State Street and Exit 23, Providence, RI, USA	Med	Raw	distance greater than 100m	TRUE	41.83478	-71.41433	2015	October
2146	2015-10-15	368056	16:37:00	Pedestrian	1	NA	FALSE	FALSE	1	Bridgham St	NA	2015-10-18	Two-Way , Not Divided	Dry	Daylight	Clear	Not a Collision Between Two Motor Vehicles in Transport	Yes	No Controls	1	1	Pain Reported	NA	41.81275	-71.42455	FALSE	TRUE	Bridgham Street, Providence, RI, USA	Inaccurate	Raw	distance greater than 100m	TRUE	41.81275	-71.42455	2015	October
2145	2015-10-16	321222	11:14:00	Bicycle	NA	1	FALSE	FALSE	1	GEORGE ST	THAYER ST	2015-10-16	Two-Way , Not Divided	Dry	Daylight	Clear	Not a Collision Between Two Motor Vehicles in Transport	No	No Controls	3	0	No Injury	NA	41.82546	-71.40136	FALSE	FALSE	George Street and Thayer Street, Providence, RI, USA	Med	Raw	NA	FALSE	41.82546	-71.40136	2015	October
2143	2015-10-17	321461	12:04:00	Bicycle	NA	1	FALSE	FALSE	1	CAMP ST	DOYLE AVE	2015-10-17	Two-Way , Not Divided	Dry	Daylight	Clear	Not a Collision Between Two Motor Vehicles in Transport	No	Stop Signs	2	0	No Injury	NA	41.8388	-71.40419	FALSE	FALSE	Camp Street and Doyle Ave, Providence, RI, USA	Med High	Raw	NA	FALSE	41.8388	-71.40419	2015	October
2144	2015-10-17	321536	17:21:00	Bicycle	NA	1	FALSE	FALSE	1	Washington St	WINTER ST	2015-10-17	Two-Way , Not Divided	Dry	Daylight	Clear	Not a Collision Between Two Motor Vehicles in Transport	No	Stop Signs	4	1	Pain Reported	2	41.81809	-71.4225	FALSE	FALSE	Washington Street and Winter Street, Providence, RI, USA	Med	Raw	NA	FALSE	41.81809	-71.4225	2015	October
2141	2015-10-19	322977	09:33:00	Pedestrian	1	NA	FALSE	FALSE	1	DEAN ST	KINSLEY AVE	2015-10-19	Two-Way, Divided, Positive Median Barrier	Dry	Daylight	Clear	Not a Collision Between Two Motor Vehicles in Transport	No	No Controls	3	1	Pain Reported	4	41.82884	-71.42646	FALSE	FALSE	Dean Street and Kinsley Ave, Providence, RI, USA	Med High	Raw	NA	FALSE	41.82884	-71.42646	2015	October
2142	2015-10-19	324195	18:55:00	Pedestrian	2	NA	FALSE	FALSE	1	WESTMINSTER ST	MATHEWSON ST	2015-10-19	One-Way Trafficway	Dry	Dark - Lighted	Clear	Other	No	No Controls	3	1	Pain Reported	NA	41.82217	-71.41364	FALSE	FALSE	Westminster Street and Mathewson Street, Providence, RI, USA	Med High	Raw	NA	FALSE	41.82217	-71.41364	2015	October
2139	2015-10-20	322653	09:15:00	Pedestrian	1	NA	FALSE	FALSE	1	SILVER SPRING ST	BRANCH AVE	2015-10-20	Two-Way , Not Divided	Dry	Daylight	Clear	Not a Collision Between Two Motor Vehicles in Transport	No	Traffic Control Signal	2	0	No Injury	NA	41.84782	-71.41474	FALSE	FALSE	Silver Spring Street and Branch Ave, Providence, RI, USA	Med High	Raw	NA	FALSE	41.84782	-71.41474	2015	October
2140	2015-10-20	322836	19:07:00	Pedestrian	1	NA	FALSE	FALSE	1	CAROLINA AVE	ALLENS AVE	2015-10-20	Two-Way , Not Divided	Dry	Other	Clear	Other	No	No Controls	2	1	Non-Incapacitating	2	41.79169	-71.39623	FALSE	FALSE	Carolina Ave and Allens Ave, Providence, RI, USA	Med High	Raw	NA	FALSE	41.79169	-71.39623	2015	October
2137	2015-10-21	323390	19:57:00	Bicycle	NA	1	FALSE	FALSE	1	LIBRARY COURT	WESTMINSTER ST	2015-10-21	Two-Way , Not Divided	Dry	Dark - Lighted	Clear	Angle - Direction Not Specified	No	Traffic Control Signal	3	1	Pain Reported	2	41.81668	-71.44355	FALSE	FALSE	Library Court and Westminster Street, Providence, RI, USA	Med High	Raw	NA	FALSE	41.81668	-71.44355	2015	October
2138	2015-10-21	323454	22:13:00	Pedestrian	1	NA	FALSE	FALSE	1	MEMORIAL BLVD	WASHINGTON ST	2015-10-22	Two-Way, Divided, Positive Median Barrier	Dry	Dark - Lighted	Cloudy	Other	No	Traffic Control Signal	6	1	Non-Incapacitating	4	41.82627	-71.41006	FALSE	FALSE	Memorial Blvd and Washington Street, Providence, RI, USA	Med High	Raw	NA	FALSE	41.82627	-71.41006	2015	October
2136	2015-10-26	325752	19:10:00	Pedestrian	1	NA	FALSE	FALSE	1	38 LANCASHIRE ST	GLASGOW ST	2015-10-26	Two-Way , Not Divided	Dry	Dark - Lighted	Clear	Unknown	Yes	No Controls	1	1	Pain Reported	NA	41.84971	-71.43102	TRUE	FALSE	38 Lancashire Street, Providence, RI, USA	High	Raw	NA	FALSE	41.84971	-71.43102	2015	October
2133	2015-10-28	326227	00:51:00	Pedestrian	1	NA	FALSE	FALSE	1	STATE HWY 146	I 95	2015-10-28	Two-Way, Divided, Positive Median Barrier	Dry	Dark - Lighted	Clear	Not a Collision Between Two Motor Vehicles in Transport	Yes	No Controls	4	1	Pain Reported	2	41.83688	-71.41572	FALSE	FALSE	State Hwy 146 and I 95, Providence, RI, USA	Med	Raw	distance greater than 100m	TRUE	41.83688	-71.41572	2015	October
2134	2015-10-28	326320	11:38:00	Pedestrian	1	NA	FALSE	FALSE	1	Chalkstone Ave	ACADEMY Ave	2015-10-28	Two-Way , Not Divided	Dry	Daylight	Clear	Not a Collision Between Two Motor Vehicles in Transport	Yes	Traffic Control Signal	1	1	Pain Reported	2	41.83245	-71.44453	FALSE	FALSE	Chalkstone Ave and Academy Ave, Providence, RI, USA	Med High	Raw	NA	FALSE	41.83245	-71.44453	2015	October
2135	2015-10-28	326550	21:03:00	Pedestrian	1	NA	FALSE	FALSE	1	ADMIRAL ST	DOUGLAS AVE	2015-10-28	Two-Way , Not Divided	Wet	Dark - Lighted	Rain	Not a Collision Between Two Motor Vehicles in Transport	No	Traffic Control Signal	3	1	Pain Reported	NA	41.84605	-71.429	FALSE	FALSE	Admiral Street and Douglas Ave, Providence, RI, USA	Med High	Raw	NA	FALSE	41.84605	-71.429	2015	October
2132	2015-10-29	326998	18:09:00	Pedestrian	1	NA	FALSE	FALSE	1	N MAIN ST	N MAIN ST	2015-10-29	Two-Way , Not Divided	Dry	Dark - Lighted	Clear	Not a Collision Between Two Motor Vehicles in Transport	Yes	No Controls	1	1	Non-Incapacitating	NA	41.83924	-71.40903	FALSE	FALSE	N Main Street and N Main Street, Providence, RI, USA	Med	Raw	distance greater than 100m	TRUE	41.83924	-71.40903	2015	October
2130	2015-10-30	327090	08:39:00	Pedestrian	2	NA	FALSE	FALSE	1	CRANSTON ST	BRIDGHAM ST	2015-10-30	Two-Way, Divided, Unprotected (painted>4feet) Medium	Dry	Daylight	Clear	Not a Collision Between Two Motor Vehicles in Transport	No	Traffic Control Signal	5	2	Pain Reported	NA	41.81396	-71.42694	FALSE	FALSE	Cranston Street and Bridgham Street, Providence, RI, USA	Med High	Raw	NA	FALSE	41.81396	-71.42694	2015	October
2131	2015-10-30	327156	13:34:00	Bicycle	NA	1	FALSE	FALSE	1	Broadway	KNIGHT ST	2015-10-30	Two-Way , Not Divided	Dry	Daylight	Clear	Not a Collision Between Two Motor Vehicles in Transport	Yes	Traffic Control Signal	2	1	Pain Reported	2	41.8198	-71.42936	FALSE	FALSE	Broadway and Knight Street, Providence, RI, USA	Med	Raw	NA	FALSE	41.8198	-71.42936	2015	October
2128	2015-10-31	327416	14:08:00	Pedestrian	1	NA	FALSE	FALSE	1	10 LEAH ST	ATWELLS AVE	2015-10-31	Two-Way , Not Divided	Dry	Daylight	Clear	Not a Collision Between Two Motor Vehicles in Transport	No	No Controls	3	1	Pain Reported	2	41.82559	-71.45148	TRUE	FALSE	10 Leah Street, Providence, RI, USA	High	Raw	NA	FALSE	41.82559	-71.45148	2015	October
2129	2015-10-31	327547	22:01:00	Bicycle	NA	1	FALSE	FALSE	1	GORDON AVE	OXFORD ST	2015-10-31	Two-Way , Not Divided	Dry	Dark - Lighted	Clear	Not a Collision Between Two Motor Vehicles in Transport	Yes	No Controls	1	1	Non-Incapacitating	2	41.80116	-71.41466	FALSE	FALSE	Gordon Ave and Oxford Street, Providence, RI, USA	Med High	Raw	NA	FALSE	41.80116	-71.41466	2015	October
2127	2015-11-02	328278	21:32:00	Pedestrian	1	NA	FALSE	FALSE	1	295 ACADEMY AVE	CHALKSTONE AVE	2015-11-02	Two-Way , Not Divided	Dry	Dark - Lighted	Clear	Other	No	No Controls	3	0	No Injury	NA	41.83277	-71.44449	TRUE	FALSE	295 Academy Ave, Providence, RI, USA	High	Raw	NA	FALSE	41.83277	-71.44449	2015	November
2125	2015-11-03	328418	08:19:00	Pedestrian	1	NA	FALSE	FALSE	1	1481 BROAD ST	FRICKER ST	2015-11-03	One-Way Trafficway	Dry	Daylight	Clear	Head-On (Front - to - Front)	No	No Controls	2	1	Pain Reported	NA	41.81528	-71.42066	TRUE	FALSE	1481 Broad Street, Providence, RI, USA	High	Raw	distance greater than 100m	TRUE	41.81528	-71.42066	2015	November
2126	2015-11-03	328542	18:15:00	Bicycle	NA	1	FALSE	FALSE	1	RESERVOIR AVE	ELMWOOD AVE	2015-11-03	Unknown	Dry	Dark - Lighted	Clear	Angle (Front - to - Side) Right Angle (Includes Broadside)	No	Traffic Control Signal	3	0	No Injury	NA	41.79765	-71.42608	FALSE	FALSE	Reservoir Ave and Elmwood Ave, Providence, RI, USA	Med High	Raw	NA	FALSE	41.79765	-71.42608	2015	November
2124	2015-11-04	329258	20:00:00	Pedestrian	1	NA	FALSE	FALSE	1	200 UNION AVENUE	CUMERFORD ST	2015-11-05	Two-Way , Not Divided	Dry	Dark - Lighted	Clear	Angle (Front - to - Side) Same Direction	No	No Controls	2	1	Pain Reported	NA	41.8079	-71.44345	TRUE	FALSE	200 Union Avenue, Providence, RI, USA	High	Raw	NA	FALSE	41.8079	-71.44345	2015	November
2121	2015-11-05	329218	08:15:00	Pedestrian	1	NA	FALSE	FALSE	1	EXCHANGE TER	FRANCIS ST	2015-11-05	One-Way Trafficway	Dry	Daylight	Clear	Not a Collision Between Two Motor Vehicles in Transport	No	No Controls	2	1	Pain Reported	NA	41.82502	-71.41483	FALSE	FALSE	Exchange Ter and Francis Street, Providence, RI, USA	Med High	Raw	NA	FALSE	41.82502	-71.41483	2015	November
2122	2015-11-05	329255	07:08:00	Pedestrian	1	NA	FALSE	FALSE	1	COMMON STREET	SMITH ST	2015-11-05	One-Way Trafficway	Dry	Daylight	Clear	Not a Collision Between Two Motor Vehicles in Transport	No	Stop Signs	2	1	Pain Reported	1	41.83266	-71.4192	FALSE	FALSE	Common Street and Smith Street, Providence, RI, USA	Med High	Raw	NA	FALSE	41.83266	-71.4192	2015	November
2123	2015-11-05	329485	18:42:00	Pedestrian	1	NA	FALSE	FALSE	1	POTTERS AVE	BROAD ST	2015-11-05	Two-Way , Not Divided	Dry	Dark - Lighted	Cloudy	Not a Collision Between Two Motor Vehicles in Transport	No	No Controls	2	1	Pain Reported	NA	41.80302	-71.4187	FALSE	FALSE	Potters Ave and Broad Street, Providence, RI, USA	Med High	Raw	NA	FALSE	41.80302	-71.4187	2015	November
2118	2015-11-06	329620	09:48:00	Pedestrian	1	NA	FALSE	FALSE	1	FRANCIS ST	MEMORIAL BLVD	2015-11-06	Two-Way, Divided, Unprotected (painted>4feet) Medium	Wet	Daylight	Clear	Not a Collision Between Two Motor Vehicles in Transport	No	No Controls	1	1	Pain Reported	NA	41.82609	-71.41543	FALSE	FALSE	Francis Street and Memorial Blvd, Providence, RI, USA	Med	Raw	NA	FALSE	41.82609	-71.41543	2015	November
2119	2015-11-06	329633	14:49:00	Pedestrian	1	NA	FALSE	FALSE	1	BRANCH AVE	W RIVER ST	2015-11-06	Unknown	Dry	Daylight	Clear	Not a Collision Between Two Motor Vehicles in Transport	No	No Controls	3	1	Pain Reported	NA	41.84704	-71.41299	FALSE	FALSE	Branch Ave and W River Street, Providence, RI, USA	Med High	Raw	NA	FALSE	41.84704	-71.41299	2015	November
2120	2015-11-06	329688	18:01:00	Pedestrian	1	NA	FALSE	FALSE	1	CANTON ST	CHALKSTONE AVE	2015-11-06	Two-Way , Not Divided	Dry	Dark - Lighted	Clear	Not a Collision Between Two Motor Vehicles in Transport	No	No Controls	2	1	Incapacitating	NA	41.83213	-71.44247	FALSE	FALSE	Canton Street and Chalkstone Ave, Providence, RI, USA	Med High	Raw	NA	FALSE	41.83213	-71.44247	2015	November
2117	2015-11-09	330284	17:53:00	Bicycle	NA	1	FALSE	FALSE	1	BROAD ST	CENTRAL ST	2015-11-09	Two-Way , Not Divided	Dry	Dusk	Clear	Not a Collision Between Two Motor Vehicles in Transport	No	No Controls	3	0	No Injury	NA	41.81319	-71.42192	FALSE	FALSE	Broad Street and Central Street, Providence, RI, USA	Med High	Raw	distance greater than 100m	TRUE	41.81319	-71.42192	2015	November
2116	2015-11-10	330374	15:18:00	Pedestrian	1	NA	FALSE	FALSE	1	GEORGE ST	BROOK ST	2015-11-10	Two-Way , Not Divided	Wet	Daylight	Rain	Not a Collision Between Two Motor Vehicles in Transport	Yes	Stop Signs	1	0	No Injury	2	41.82561	-71.39906	FALSE	FALSE	George Street and Brook Street, Providence, RI, USA	Med	Raw	NA	FALSE	41.82561	-71.39906	2015	November
2115	2015-11-11	330544	15:40:00	Bicycle	NA	1	FALSE	FALSE	1	DOUGLAS AVE	LANCASHIRE ST	2015-11-11	Two-Way, Divided, Unprotected (painted>4feet) Medium	Wet	Daylight	Rain	Not a Collision Between Two Motor Vehicles in Transport	No	No Controls	2	0	No Injury	NA	41.8488	-71.43218	FALSE	FALSE	Douglas Ave and Lancashire Street, Providence, RI, USA	Med High	Raw	NA	FALSE	41.8488	-71.43218	2015	November
2113	2015-11-12	330650	09:45:00	Bicycle	NA	1	FALSE	FALSE	1	WATERMAN ST	HOPE ST	2015-11-12	Two-Way, Divided, Unprotected (painted>4feet) Medium	Dry	Daylight	Clear	Rear End(Front-to-Rear)	No	No Controls	3	1	Pain Reported	NA	41.82758	-71.39723	FALSE	FALSE	Waterman Street and Hope Street, Providence, RI, USA	Med High	Raw	NA	FALSE	41.82758	-71.39723	2015	November
2114	2015-11-12	330759	16:17:00	Pedestrian	4	NA	FALSE	FALSE	1	ANGELL ST	ARLINGTON AVE	2015-11-12	One-Way Trafficway	Wet	Dusk	Rain	Not a Collision Between Two Motor Vehicles in Transport	Yes	Stop Signs	7	4	Non-Incapacitating	NA	41.82937	-71.39217	FALSE	FALSE	Angell Street and Arlington Ave, Providence, RI, USA	Med High	Raw	NA	FALSE	41.82937	-71.39217	2015	November
2110	2015-11-13	330967	17:35:00	Pedestrian	1	NA	FALSE	FALSE	1	BROAD ST	EARLY ST	2015-11-13	Two-Way , Not Divided	Dry	Dark - Lighted	Cloudy	Not a Collision Between Two Motor Vehicles in Transport	No	No Controls	4	1	Pain Reported	NA	41.79533	-71.41111	FALSE	FALSE	Broad Street and Early Street, Providence, RI, USA	Med	Raw	NA	FALSE	41.79533	-71.41111	2015	November
2111	2015-11-13	332449	13:33:00	Bicycle	NA	1	FALSE	FALSE	1	Hartford Ave	Plainfield St	2015-11-18	Unknown	Dry	Daylight	Clear	Other	No	No Controls	2	1	Pain Reported	NA	41.8168	-71.44494	FALSE	FALSE	Hartford Ave and Plainfield Street, Providence, RI, USA	Med High	Raw	NA	FALSE	41.8168	-71.44494	2015	November
2112	2015-11-13	375280	08:16:00	Pedestrian	1	NA	FALSE	FALSE	1	BRANCH AVE	CHARLES ST	2016-04-04	Two-Way, Divided, Unprotected (painted>4feet) Medium	Dry	Daylight	Clear	Other	Yes	Traffic Control Signal	1	1	Pain Reported	NA	41.85029	-71.42004	FALSE	FALSE	Branch Ave and Charles Street, Providence, RI, USA	Med High	Raw	NA	FALSE	41.85029	-71.42004	2015	November
2109	2015-11-15	331337	16:34:00	Pedestrian	1	NA	FALSE	FALSE	1	593 EDDY ST	NA	2015-11-15	Two-Way , Not Divided	Dry	Dark - Lighted	Clear	Not a Collision Between Two Motor Vehicles in Transport	No	No Controls	4	1	Pain Reported	NA	41.81124	-71.40713	TRUE	TRUE	593 Eddy Street, Providence, RI, USA	High	Raw	distance greater than 100m	TRUE	41.81124	-71.40713	2015	November
2106	2015-11-16	331477	09:38:00	Bicycle	NA	1	FALSE	FALSE	1	ROCHAMBEAU AVE	HOPE ST	2015-11-16	Two-Way , Not Divided	Dry	Daylight	Clear	Not a Collision Between Two Motor Vehicles in Transport	No	Traffic Control Signal	4	1	Pain Reported	NA	41.84691	-71.39603	FALSE	FALSE	Rochambeau Ave and Hope Street, Providence, RI, USA	Med High	Raw	NA	FALSE	41.84691	-71.39603	2015	November
2107	2015-11-16	332082	20:29:00	Pedestrian	1	NA	FALSE	FALSE	1	WESTMINSTER ST	BRIDGHAM ST	2015-11-16	Two-Way , Not Divided	Dry	Dark - Lighted	Clear	Not a Collision Between Two Motor Vehicles in Transport	No	Traffic Control Signal	6	1	Pain Reported	2	41.8169	-71.42854	FALSE	FALSE	Westminster Street and Bridgham Street, Providence, RI, USA	Med High	Raw	NA	FALSE	41.8169	-71.42854	2015	November
2108	2015-11-16	332085	18:14:00	Pedestrian	1	NA	FALSE	FALSE	1	ALLENS AVE	CHAPMAN ST	2015-11-16	Two-Way , Not Divided	Dry	Dark - Lighted	Clear	Other	No	No Controls	2	1	Pain Reported	NA	41.7934	-71.39745	FALSE	FALSE	Allens Ave and Chapman Street, Providence, RI, USA	Med High	Raw	NA	FALSE	41.7934	-71.39745	2015	November
2105	2015-11-17	332315	15:00:00	Pedestrian	1	NA	FALSE	FALSE	1	ADMIRAL ST	ADMIRAL ST	2015-11-17	One-Way Trafficway	Dry	Daylight	Clear	Not a Collision Between Two Motor Vehicles in Transport	No	No Controls	3	0	No Injury	NA	41.84083	-71.41768	FALSE	FALSE	Admiral Street and Admiral Street, Providence, RI, USA	Med	Raw	distance greater than 100m	TRUE	41.84083	-71.41768	2015	November
2103	2015-11-19	332626	13:43:00	Bicycle	NA	1	FALSE	FALSE	1	SMITH ST	PINEHURST AVE	2015-11-19	Two-Way, Divided, Unprotected (painted>4feet) Medium	Dry	Daylight	Clear	Not a Collision Between Two Motor Vehicles in Transport	Yes	No Controls	1	1	Pain Reported	NA	41.83711	-71.43247	FALSE	FALSE	Smith Street and Pinehurst Ave, Providence, RI, USA	Med High	Raw	NA	FALSE	41.83711	-71.43247	2015	November
2104	2015-11-19	332632	14:40:00	Bicycle	NA	1	FALSE	FALSE	1	VALLEY ST	DELAINE ST	2015-11-19	Two-Way, Divided, Unprotected (painted>4feet) Medium	Wet	Daylight	Sleet, Hail (Freezing Rain or Drizzle)	Not a Collision Between Two Motor Vehicles in Transport	No	No Controls	3	1	Pain Reported	NA	41.81951	-71.4405	FALSE	FALSE	Valley Street and Delaine Street, Providence, RI, USA	Med High	Raw	NA	FALSE	41.81951	-71.4405	2015	November
2102	2015-11-20	333017	18:28:00	Pedestrian	2	NA	FALSE	FALSE	1	649 ADMIRAL ST	GLOUCESTER ST	2015-11-20	Two-Way, Divided, Unprotected (painted>4feet) Medium	Dry	Dark - Lighted	Clear	Not a Collision Between Two Motor Vehicles in Transport	No	No Controls	4	2	Incapacitating	NA	41.8489	-71.43822	TRUE	FALSE	649 Admiral Street, Providence, RI, USA	High	Raw	NA	FALSE	41.8489	-71.43822	2015	November
2101	2015-11-21	333400	14:36:00	Pedestrian	2	NA	FALSE	FALSE	1	SERVICE ROAD 7	BROADWAY	2015-11-22	One-Way Trafficway	Dry	Daylight	Clear	Other	No	Traffic Control Signal	7	2	Pain Reported	NA	41.82178	-71.4208	FALSE	FALSE	Service Road 7 and Broadway, Providence, RI, USA	Med High	Raw	NA	FALSE	41.82178	-71.4208	2015	November
2100	2015-11-22	333434	19:02:00	Pedestrian	1	NA	FALSE	FALSE	1	71 Putnam St	KOSSUTH ST	2015-11-22	Two-Way, Divided, Unprotected (painted>4feet) Medium	Wet	Dark - Lighted	Clear	Not a Collision Between Two Motor Vehicles in Transport	Yes	No Controls	2	1	Non-Incapacitating	NA	41.82266	-71.44404	TRUE	FALSE	71 Putnam Street, Providence, RI, USA	High	Raw	NA	FALSE	41.82266	-71.44404	2015	November
2096	2015-11-23	333533	10:13:00	Pedestrian	1	NA	FALSE	FALSE	1	14 Pleasant Valley Pkwy	Kinsley St	2015-11-23	Unknown	Dry	Daylight	Clear	Not a Collision Between Two Motor Vehicles in Transport	No	No Controls	3	1	Pain Reported	NA	41.82977	-71.4271	TRUE	FALSE	14 Pleasant Valley Pkwy, Providence, RI, USA	High	Raw	NA	FALSE	41.82977	-71.4271	2015	November
2097	2015-11-23	333629	14:55:00	Bicycle	NA	1	FALSE	FALSE	1	MESSER ST	CRANSTON ST	2015-11-23	Two-Way, Divided, Unprotected (painted>4feet) Medium	Dry	Daylight	Clear	Not a Collision Between Two Motor Vehicles in Transport	Yes	Stop Signs	1	0	No Injury	NA	41.80963	-71.43345	FALSE	FALSE	Messer Street and Cranston Street, Providence, RI, USA	Med High	Raw	NA	FALSE	41.80963	-71.43345	2015	November
2098	2015-11-23	333710	14:17:00	Pedestrian	1	NA	FALSE	FALSE	1	117 BYFIELD ST	OCEAN ST	2015-11-23	Two-Way , Not Divided	Dry	Daylight	Clear	Not a Collision Between Two Motor Vehicles in Transport	Yes	No Controls	1	1	Pain Reported	NA	41.79565	-71.4075	TRUE	FALSE	117 Byfield Street, Providence, RI, USA	High	Raw	NA	FALSE	41.79565	-71.4075	2015	November
2099	2015-11-23	334042	16:52:00	Pedestrian	1	NA	FALSE	FALSE	1	1196 ELMWOOD AVE	SAWYER ST	2015-11-24	Two-Way , Not Divided	Dry	Dusk	Clear	Not a Collision Between Two Motor Vehicles in Transport	No	No Controls	3	1	Pain Reported	NA	41.77906	-71.4205	TRUE	FALSE	1196 Elmwood Ave, Providence, RI, USA	High	Raw	NA	FALSE	41.77906	-71.4205	2015	November
2094	2015-11-24	333996	11:33:00	Pedestrian	1	NA	FALSE	FALSE	1	BROAD ST	HASKINS ST	2015-11-24	Two-Way , Not Divided	Dry	Daylight	Clear	Not a Collision Between Two Motor Vehicles in Transport	No	Stop Signs	2	1	Pain Reported	NA	41.81617	-71.41963	FALSE	FALSE	Broad Street and Haskins Street, Providence, RI, USA	Med	Raw	NA	FALSE	41.81617	-71.41963	2015	November
2095	2015-11-24	333998	12:06:00	Pedestrian	1	NA	FALSE	FALSE	1	MATHEWSON ST	WASHINGTON ST	2015-11-24	One-Way Trafficway	Dry	Daylight	Clear	Not a Collision Between Two Motor Vehicles in Transport	No	No Controls	3	1	Pain Reported	NA	41.82317	-71.41495	FALSE	FALSE	Mathewson Street and Washington Street, Providence, RI, USA	Med High	Raw	NA	FALSE	41.82317	-71.41495	2015	November
2092	2015-11-25	334335	13:48:00	Pedestrian	1	NA	FALSE	FALSE	1	SILVER SPRING ST	TOURO ST	2015-11-25	Two-Way , Not Divided	Dry	Daylight	Clear	Not a Collision Between Two Motor Vehicles in Transport	No	No Controls	3	1	Pain Reported	NA	41.84509	-71.41832	FALSE	FALSE	Silver Spring Street and Touro Street, Providence, RI, USA	Med High	Raw	NA	FALSE	41.84509	-71.41832	2015	November
2093	2015-11-25	334471	15:55:00	Pedestrian	1	NA	FALSE	FALSE	1	262 CHARLES ST	CHARLES ST EXIT 23	2015-11-26	One-Way Trafficway	Dry	Daylight	Clear	Not a Collision Between Two Motor Vehicles in Transport	No	Stop Signs	3	1	Pain Reported	NA	41.83785	-71.41427	TRUE	FALSE	262 Charles Street, Providence, RI, USA	High	Raw	NA	FALSE	41.83785	-71.41427	2015	November
2090	2015-11-27	334622	20:42:00	Pedestrian	1	NA	FALSE	FALSE	1	BRANCH AVE	SILVER SPRING ST	2015-11-27	Two-Way, Not Divided With a Continuous Left Turn Lane	Dry	Dark - Lighted	Clear	Not a Collision Between Two Motor Vehicles in Transport	No	Traffic Control Signal	5	1	Pain Reported	3	41.84783	-71.41469	FALSE	FALSE	Branch Ave and Silver Spring Street, Providence, RI, USA	Med High	Raw	NA	FALSE	41.84783	-71.41469	2015	November