row_number	crash_date	crash_report_id	crash_time	collision_type	count_pedestrian	count_bicycle	scooter	wheel_chair	number_of_vehicles	street_or_highway	nearest_intersection	report_date	type_of_roadway	road_surface_condition	light_condition	weather_condition	manner_of_impact	hit_and_run	traffic_control	person_count	injury_count	most_serious_injury	number_of_lanes	lat_raw	lon_raw	has_st_number	is_intersection_null	address_sent_to_geocoder	api_coord_conf	best_coordinate_set	reason_for_qa	manually_qaed_record	final_lat	final_lon	year	month
1898	2016-07-18	427535	12:52:00	Pedestrian	3	NA	FALSE	FALSE	1	ROCHAMBEAU AVE	HOPE ST	2016-07-18	Two-Way , Not Divided	Dry	Daylight	Clear	Not a Collision Between Two Motor Vehicles in Transport	Yes	Pavement Markings	8	3	Non-Incapacitating	NA	41.84691	-71.39615	FALSE	FALSE	Rochambeau Ave and Hope Street, Providence, RI, USA	Med High	Raw	NA	FALSE	41.84691	-71.39615	2016	July
1899	2016-07-18	427575	13:41:00	Bicycle	NA	1	FALSE	FALSE	1	111 POINT ST	CHESTNUT ST	2016-07-18	Two-Way , Not Divided	Dry	Daylight	Clear	Angle (Front - to - Side) Right Angle (Includes Broadside)	No	Stop Signs	3	0	No Injury	NA	41.81626	-71.408	TRUE	FALSE	111 Point Street, Providence, RI, USA	High	Raw	NA	FALSE	41.81626	-71.408	2016	July
1897	2016-07-20	428996	16:55:00	Pedestrian	1	NA	FALSE	FALSE	1	LINDEN AVE	ELMWOOD AVE	2016-07-20	Two-Way , Not Divided	Dry	Daylight	Clear	Not a Collision Between Two Motor Vehicles in Transport	No	No Controls	2	1	Pain Reported	NA	41.78612	-71.41951	FALSE	FALSE	Linden Ave and Elmwood Ave, Providence, RI, USA	Med High	Raw	NA	FALSE	41.78612	-71.41951	2016	July
1893	2016-07-21	429399	12:30:00	Pedestrian	1	NA	FALSE	FALSE	1	HAWKINS ST	BRANCH AVE	2016-07-21	Two-Way, Divided, Unprotected (painted>4feet) Medium	Dry	Daylight	Clear	Not a Collision Between Two Motor Vehicles in Transport	No	Traffic Control Signal	4	1	Pain Reported	NA	41.8509	-71.42142	FALSE	FALSE	Hawkins Street and Branch Ave, Providence, RI, USA	Med High	Raw	NA	FALSE	41.8509	-71.42142	2016	July
1894	2016-07-21	429438	13:40:00	Pedestrian	1	NA	FALSE	FALSE	1	DUDLEY ST	CULVER ST	2016-07-21	Two-Way, Divided, Unprotected (painted>4feet) Medium	Dry	Daylight	Clear	Not a Collision Between Two Motor Vehicles in Transport	No	No Controls	3	0	No Injury	NA	41.81069	-71.40797	FALSE	FALSE	Dudley Street and Culver Street, Providence, RI, USA	Med High	Raw	NA	FALSE	41.81069	-71.40797	2016	July
1895	2016-07-21	429439	14:02:00	Pedestrian	1	NA	FALSE	FALSE	1	MEETING ST	THAYER ST	2016-07-21	One-Way Trafficway	Dry	Daylight	Clear	Not a Collision Between Two Motor Vehicles in Transport	Yes	No Controls	1	1	Pain Reported	NA	41.82916	-71.40079	FALSE	FALSE	Meeting Street and Thayer Street, Providence, RI, USA	Med High	Raw	NA	FALSE	41.82916	-71.40079	2016	July
1896	2016-07-21	429720	21:26:00	Bicycle	NA	1	FALSE	FALSE	1	WASHINGTON ST	SNOW ST	2016-07-21	Two-Way , Not Divided	Dry	Dark - Lighted	Clear	Not a Collision Between Two Motor Vehicles in Transport	No	No Controls	3	1	Pain Reported	2	41.82252	-71.4155	FALSE	FALSE	Washington Street and Snow Street, Providence, RI, USA	Med High	Raw	NA	FALSE	41.82252	-71.4155	2016	July
1891	2016-07-28	433523	09:50:00	Bicycle	NA	1	FALSE	FALSE	1	WESTMINSTER ST EXIT	WESTMINSTER ST	2016-07-28	One-Way Trafficway	Dry	Daylight	Clear	Not a Collision Between Two Motor Vehicles in Transport	No	Traffic Control Signal	2	1	Pain Reported	NA	41.81576	-71.43865	FALSE	FALSE	Westminster Street Exit and Westminster Street, Providence, RI, USA	Med	Raw	distance greater than 100m	TRUE	41.81576	-71.43865	2016	July
1892	2016-07-28	434140	22:30:00	Pedestrian	1	NA	FALSE	FALSE	1	WHIPPLE ST	GEOFFREYS CT	2016-07-29	Two-Way , Not Divided	Dry	Dark - Lighted	Clear	Unknown	Yes	No Controls	1	1	Incapacitating	NA	41.83708	-71.42139	FALSE	FALSE	Whipple Street and Geoffreys Ct, Providence, RI, USA	Med High	Raw	NA	FALSE	41.83708	-71.42139	2016	July
1890	2016-07-29	434240	21:32:00	Bicycle	NA	1	FALSE	FALSE	1	River Ave	Pleasant Valley Prkwy	2016-07-30	Two-Way , Not Divided	Dry	Dark - Lighted	Clear	Not a Collision Between Two Motor Vehicles in Transport	No	Stop Signs	3	1	Pain Reported	NA	41.83528	-71.43912	FALSE	FALSE	River Ave and Pleasant Valley Prkwy, Providence, RI, USA	Med High	Raw	NA	FALSE	41.83528	-71.43912	2016	July
1889	2016-07-30	434313	11:26:00	Bicycle	NA	1	FALSE	FALSE	1	CRANSTON ST	ALTHEA ST	2016-07-30	Two-Way , Not Divided	Dry	Daylight	Clear	Sidwswipe, Opposite Direction	No	Traffic Control Signal	4	1	Pain Reported	NA	41.80773	-71.43508	FALSE	FALSE	Cranston Street and Althea Street, Providence, RI, USA	Med High	Raw	NA	FALSE	41.80773	-71.43508	2016	July
1888	2016-08-01	435237	08:23:00	Pedestrian	3	NA	FALSE	FALSE	1	CHALKSTONE AVE	FALLON AVE	2016-08-01	Two-Way , Not Divided	Dry	Daylight	Clear	Not a Collision Between Two Motor Vehicles in Transport	No	No Controls	7	1	Non-Incapacitating	NA	41.83235	-71.44388	FALSE	FALSE	Chalkstone Ave and Fallon Ave, Providence, RI, USA	Med High	Raw	NA	FALSE	41.83235	-71.44388	2016	August
1886	2016-08-03	436672	14:23:00	Bicycle	NA	1	FALSE	FALSE	1	BROAD ST	EARLY ST	2016-08-03	Two-Way, Divided, Unprotected (painted>4feet) Medium	Dry	Daylight	Clear	Other	Yes	No Controls	1	1	Pain Reported	NA	41.79526	-71.41102	FALSE	FALSE	Broad Street and Early Street, Providence, RI, USA	Med	Raw	NA	FALSE	41.79526	-71.41102	2016	August
1887	2016-08-03	442363	14:09:00	Pedestrian	2	NA	FALSE	FALSE	1	N MAIN ST	DOYLE AVE	2016-08-09	Two-Way, Divided, Positive Median Barrier	Dry	Daylight	Clear	Not a Collision Between Two Motor Vehicles in Transport	Yes	Pavement Markings	2	0	No Injury	NA	41.83833	-71.40923	FALSE	FALSE	N Main Street and Doyle Ave, Providence, RI, USA	Med	Raw	NA	FALSE	41.83833	-71.40923	2016	August
1885	2016-08-05	437609	17:08:00	Bicycle	NA	1	FALSE	FALSE	1	WHITMARSH ST	BUCKLIN ST	2016-08-05	Two-Way , Not Divided	Dry	Daylight	Clear	Other	No	No Controls	5	1	Pain Reported	NA	41.80593	-71.42659	FALSE	FALSE	Whitmarsh Street and Bucklin Street, Providence, RI, USA	Med High	Raw	distance greater than 100m	TRUE	41.80593	-71.42659	2016	August
1884	2016-08-06	437950	17:14:00	Bicycle	NA	1	FALSE	FALSE	1	POCASSET AVE	BANCROFT ST	2016-08-06	Two-Way , Not Divided	Dry	Daylight	Clear	Sidwswipe, Opposite Direction	No	Unknown	2	0	No Injury	NA	41.81334	-71.44837	FALSE	FALSE	Pocasset Ave and Bancroft Street, Providence, RI, USA	Med High	Raw	NA	FALSE	41.81334	-71.44837	2016	August
1883	2016-08-08	438786	12:19:00	Bicycle	NA	1	FALSE	FALSE	1	CRANSTON ST	ALTHEA ST	2016-08-08	Two-Way , Not Divided	Dry	Daylight	Clear	Not a Collision Between Two Motor Vehicles in Transport	No	No Controls	2	1	Pain Reported	NA	41.80766	-71.43514	FALSE	FALSE	Cranston Street and Althea Street, Providence, RI, USA	Med High	Raw	NA	FALSE	41.80766	-71.43514	2016	August
1882	2016-08-11	441292	18:09:00	Pedestrian	1	NA	FALSE	FALSE	1	BROAD ST	VERNDALE AVE	2016-08-11	Two-Way , Not Divided	Dry	Daylight	Clear	Not a Collision Between Two Motor Vehicles in Transport	No	Pavement Markings	4	1	Pain Reported	2	41.79177	-71.40668	FALSE	FALSE	Broad Street and Verndale Ave, Providence, RI, USA	Med	Raw	NA	FALSE	41.79177	-71.40668	2016	August
1881	2016-08-12	442044	02:18:00	Pedestrian	2	NA	FALSE	FALSE	1	115 Harris Ave	HARRIS AVE EXIT 22C	2016-08-13	Two-Way, Divided, Unprotected (painted>4feet) Medium	Dry	Dark - Lighted	Clear	Not a Collision Between Two Motor Vehicles in Transport	Yes	No Controls	2	2	Pain Reported	NA	41.82692	-71.4245	TRUE	FALSE	115 Harris Ave, Providence, RI, USA	High	Raw	NA	FALSE	41.82692	-71.4245	2016	August
1879	2016-08-13	442208	17:21:00	Pedestrian	1	NA	FALSE	FALSE	1	850 MANTON AVE	CHALKSTONE AVE	2016-08-13	Two-Way , Not Divided	Dry	Daylight	Clear	Not a Collision Between Two Motor Vehicles in Transport	No	No Controls	6	1	Incapacitating	NA	41.83391	-71.46721	TRUE	FALSE	850 Manton Ave, Providence, RI, USA	High	Raw	distance greater than 100m	TRUE	41.83391	-71.46721	2016	August
1880	2016-08-13	442221	16:54:00	Bicycle	NA	1	FALSE	FALSE	1	North Main St.	Olney St.	2016-08-13	One-Way Trafficway	Dry	Daylight	Clear	Not a Collision Between Two Motor Vehicles in Transport	No	No Controls	3	1	Pain Reported	NA	41.83522	-71.4098	FALSE	FALSE	North Main St. and Olney St., Providence, RI, USA	Med	Raw	NA	FALSE	41.83522	-71.4098	2016	August
1877	2016-08-14	442516	23:54:00	Bicycle	NA	1	FALSE	FALSE	1	218 Dexter St	NA	2016-08-15	Two-Way , Not Divided	Dry	Dark - Lighted	Clear	Not a Collision Between Two Motor Vehicles in Transport	No	Pavement Markings	2	1	Pain Reported	NA	41.81049	-71.42865	TRUE	TRUE	218 Dexter Street, Providence, RI, USA	High	Raw	NA	FALSE	41.81049	-71.42865	2016	August
1878	2016-08-14	442589	19:33:00	Pedestrian	1	NA	FALSE	FALSE	1	732 Plainfield St	NA	2016-08-15	Two-Way , Not Divided	Dry	Daylight	Clear	Not a Collision Between Two Motor Vehicles in Transport	No	No Controls	3	1	Pain Reported	NA	41.81063	-71.46222	TRUE	TRUE	732 Plainfield Street, Providence, RI, USA	High	Raw	NA	FALSE	41.81063	-71.46222	2016	August
1876	2016-08-15	442992	19:18:00	Pedestrian	1	NA	FALSE	FALSE	1	BROADWAY	GREENMAN LN	2016-08-16	Two-Way , Not Divided	Dry	Daylight	Clear	Other	Yes	Traffic Control Signal	3	1	Non-Incapacitating	4	41.82232	-71.41867	FALSE	FALSE	Broadway and Greenman Ln, Providence, RI, USA	Med	Raw	distance greater than 100m	TRUE	41.82232	-71.41867	2016	August
1875	2016-08-16	443208	14:27:00	Pedestrian	1	NA	FALSE	FALSE	1	WASHINGTON ST	EMPIRE ST	2016-08-16	Two-Way, Divided, Unprotected (painted>4feet) Medium	Wet	Daylight	Sleet, Hail (Freezing Rain or Drizzle)	Not a Collision Between Two Motor Vehicles in Transport	No	Traffic Control Signal	2	1	Pain Reported	NA	41.82182	-71.41645	FALSE	FALSE	Washington Street and Empire Street, Providence, RI, USA	Med	Raw	NA	FALSE	41.82182	-71.41645	2016	August
1874	2016-08-17	443932	13:55:00	Pedestrian	1	NA	FALSE	FALSE	1	elmwood ave	ELMWOOD AVE	2016-08-17	Two-Way , Not Divided	Dry	Daylight	Clear	Not a Collision Between Two Motor Vehicles in Transport	No	No Controls	3	0	No Injury	NA	41.80861	-71.42467	FALSE	FALSE	Elmwood Ave and Elmwood Ave, Providence, RI, USA	Med	Raw	distance greater than 100m	TRUE	41.80861	-71.42467	2016	August
1873	2016-08-18	444408	13:04:00	Pedestrian	1	NA	FALSE	FALSE	1	EXCHANGE ST	EXCHANGE TER	2016-08-18	Two-Way , Not Divided	Dry	Daylight	Clear	Not a Collision Between Two Motor Vehicles in Transport	No	Stop Signs	4	1	Pain Reported	NA	41.82621	-71.41169	FALSE	FALSE	Exchange Street and Exchange Ter, Providence, RI, USA	Med High	Raw	NA	FALSE	41.82621	-71.41169	2016	August
1872	2016-08-22	446247	17:44:00	Pedestrian	1	NA	FALSE	FALSE	1	WEYBOSSET ST	DORRANCE ST	2016-08-22	Two-Way , Not Divided	Dry	Daylight	Clear	Not a Collision Between Two Motor Vehicles in Transport	No	Traffic Control Signal	3	1	Pain Reported	NA	41.82307	-71.41098	FALSE	FALSE	Weybosset Street and Dorrance Street, Providence, RI, USA	Med High	Raw	NA	FALSE	41.82307	-71.41098	2016	August
1871	2016-08-23	446764	12:36:00	Pedestrian	1	NA	FALSE	FALSE	1	Chalkstone Ave	ACADEMY AVE	2016-08-23	Two-Way , Not Divided	Dry	Daylight	Clear	Not a Collision Between Two Motor Vehicles in Transport	No	No Controls	5	1	Pain Reported	2	41.83242	-71.44438	FALSE	FALSE	Chalkstone Ave and Academy Ave, Providence, RI, USA	Med High	Raw	NA	FALSE	41.83242	-71.44438	2016	August
1869	2016-08-24	447187	13:28:00	Pedestrian	1	NA	FALSE	FALSE	1	BOWDOIN ST	KOSSUTH ST	2016-08-24	Two-Way , Not Divided	Dry	Daylight	Clear	Not a Collision Between Two Motor Vehicles in Transport	No	No Controls	3	1	Pain Reported	NA	41.82252	-71.44316	FALSE	FALSE	Bowdoin Street and Kossuth Street, Providence, RI, USA	Med High	Raw	NA	FALSE	41.82252	-71.44316	2016	August
1870	2016-08-24	447369	08:14:00	Pedestrian	1	NA	FALSE	FALSE	1	WASHINGTON ST	EAST APPROACH	2016-08-24	One-Way Trafficway	Dry	Daylight	Clear	Not a Collision Between Two Motor Vehicles in Transport	No	No Controls	5	1	Fatal	NA	41.82465	-71.41247	FALSE	FALSE	Washington Street and East Approach, Providence, RI, USA	Med	Raw	NA	FALSE	41.82465	-71.41247	2016	August
1868	2016-08-26	447978	12:57:00	Bicycle	NA	1	FALSE	FALSE	1	CANAL ST	SMITH ST	2016-08-26	One-Way Trafficway	Dry	Daylight	Clear	Angle (Front - to - Side) Right Angle (Includes Broadside)	No	Traffic Control Signal	2	0	No Injury	NA	41.83142	-71.41134	FALSE	FALSE	Canal Street and Smith Street, Providence, RI, USA	Med	Raw	NA	FALSE	41.83142	-71.41134	2016	August
1867	2016-08-27	449133	16:33:00	Bicycle	NA	1	FALSE	FALSE	1	OXFORD ST	LOUISA ST	2016-08-27	Two-Way , Not Divided	Dry	Daylight	Clear	Head-On (Front - to - Front)	No	No Controls	3	0	No Injury	2	41.80243	-71.40951	FALSE	FALSE	Oxford Street and Louisa Street, Providence, RI, USA	Med High	Raw	NA	FALSE	41.80243	-71.40951	2016	August
1866	2016-08-28	449368	18:04:00	Pedestrian	1	NA	FALSE	FALSE	1	Public St	GORDON AVE	2016-08-28	Two-Way , Not Divided	Dry	Daylight	Clear	Not a Collision Between Two Motor Vehicles in Transport	Yes	No Controls	2	1	Incapacitating	NA	41.80517	-71.41646	FALSE	FALSE	Public Street and Gordon Ave, Providence, RI, USA	Med High	Raw	NA	FALSE	41.80517	-71.41646	2016	August
1863	2016-08-30	449765	08:45:00	Pedestrian	1	NA	FALSE	FALSE	1	STEEPLE ST	CANAL ST	2016-08-30	One-Way Trafficway	Dry	Daylight	Clear	Not a Collision Between Two Motor Vehicles in Transport	No	Traffic Control Signal	2	1	Pain Reported	3	41.82719	-71.40988	FALSE	FALSE	Steeple Street and Canal Street, Providence, RI, USA	Med High	Raw	NA	FALSE	41.82719	-71.40988	2016	August
1864	2016-08-30	449809	15:27:00	Bicycle	NA	1	FALSE	FALSE	1	WAITE ST	GENERAL ST	2016-08-30	Two-Way , Not Divided	Dry	Daylight	Clear	Not a Collision Between Two Motor Vehicles in Transport	No	Stop Signs	3	0	No Injury	NA	41.85356	-71.4408	FALSE	FALSE	Waite Street and General Street, Providence, RI, USA	Med High	Raw	NA	FALSE	41.85356	-71.4408	2016	August
1865	2016-08-30	450145	23:09:00	Pedestrian	1	NA	FALSE	FALSE	1	SOUTH WATER ST	WILLIAMS ST	2016-08-31	Two-Way , Not Divided	Dry	Dark - Lighted	Clear	Other	Yes	No Controls	5	1	Incapacitating	2	41.82152	-71.40517	FALSE	FALSE	South Water Street and Williams Street, Providence, RI, USA	Med	Raw	distance greater than 100m	TRUE	41.82152	-71.40517	2016	August
1858	2016-08-31	450264	10:43:00	Pedestrian	1	NA	FALSE	FALSE	1	WASHINGTON ST	EMPIRE ST	2016-08-31	Two-Way, Divided, Unprotected (painted>4feet) Medium	Dry	Daylight	Clear	Not a Collision Between Two Motor Vehicles in Transport	No	No Controls	3	1	Pain Reported	NA	41.82182	-71.41645	FALSE	FALSE	Washington Street and Empire Street, Providence, RI, USA	Med	Raw	NA	FALSE	41.82182	-71.41645	2016	August
1859	2016-08-31	450273	13:00:00	Bicycle	NA	1	FALSE	FALSE	1	ABRAM ST	BRANCH AVE	2016-08-31	Two-Way , Not Divided	Dry	Daylight	Clear	Not a Collision Between Two Motor Vehicles in Transport	No	Other	2	1	Pain Reported	NA	41.85412	-71.4307	FALSE	FALSE	Abram Street and Branch Ave, Providence, RI, USA	Med High	Raw	NA	FALSE	41.85412	-71.4307	2016	August
1860	2016-08-31	450504	15:33:00	Bicycle	NA	1	FALSE	FALSE	1	broad st	FOSTER ST	2016-08-31	Two-Way , Not Divided	Dry	Daylight	Clear	Not a Collision Between Two Motor Vehicles in Transport	No	No Controls	3	1	Pain Reported	NA	41.81878	-71.41549	FALSE	FALSE	Broad Street and Foster Street, Providence, RI, USA	Med	Raw	NA	FALSE	41.81878	-71.41549	2016	August
1861	2016-08-31	450509	16:07:00	Bicycle	NA	1	FALSE	FALSE	1	157 WATERMAN STREET	NA	2016-08-31	One-Way Trafficway	Dry	Daylight	Clear	Not a Collision Between Two Motor Vehicles in Transport	No	No Controls	2	1	Pain Reported	NA	41.82762	-71.39503	TRUE	TRUE	157 Waterman Street, Providence, RI, USA	High	Raw	NA	FALSE	41.82762	-71.39503	2016	August
1862	2016-08-31	450523	16:49:00	Bicycle	NA	1	FALSE	FALSE	1	S WATER ST	POWER STREET	2016-08-31	One-Way Trafficway	Dry	Daylight	Clear	Not a Collision Between Two Motor Vehicles in Transport	No	Other	5	1	Non-Incapacitating	NA	41.82239	-71.40603	FALSE	FALSE	S Water Street and Power Street, Providence, RI, USA	Med High	Raw	NA	FALSE	41.82239	-71.40603	2016	August
1856	2016-09-01	450852	20:28:00	Bicycle	NA	1	FALSE	FALSE	1	CHALKSTONE AVE	CANTON ST	2016-09-01	Two-Way , Not Divided	Dry	Dark - Lighted	Clear	Not a Collision Between Two Motor Vehicles in Transport	No	Stop Signs	3	1	Pain Reported	NA	41.8323	-71.4425	FALSE	FALSE	Chalkstone Ave and Canton Street, Providence, RI, USA	Med High	Raw	NA	FALSE	41.8323	-71.4425	2016	September
1857	2016-09-01	450909	08:33:00	Bicycle	NA	1	FALSE	FALSE	1	ALEPPO ST	MANTON AVE	2016-09-02	Two-Way, Divided, Unprotected (painted>4feet) Medium	Wet	Daylight	Rain	Angle (Front - to - Side) Right Angle (Includes Broadside)	No	No Controls	3	1	Non-Incapacitating	NA	41.81968	-71.44739	FALSE	FALSE	Aleppo Street and Manton Ave, Providence, RI, USA	Med High	Raw	distance greater than 100m	TRUE	41.81968	-71.44739	2016	September
1855	2016-09-03	451810	16:06:00	Pedestrian	1	NA	FALSE	FALSE	1	ELMWOOD AVE	EXIT 17	2016-09-03	One-Way Trafficway	Dry	Daylight	Clear	Not a Collision Between Two Motor Vehicles in Transport	Yes	Traffic Control Signal	2	1	Pain Reported	NA	41.78853	-71.42091	FALSE	FALSE	Elmwood Ave and Exit 17, Providence, RI, USA	Med	Raw	distance greater than 100m	TRUE	41.78853	-71.42091	2016	September
1853	2016-09-04	452267	16:02:00	Other	NA	NA	FALSE	TRUE	1	HARTFORD AV	IDA ST	2016-09-04	Two-Way , Not Divided	Dry	Daylight	Clear	Other	Yes	No Controls	3	1	Pain Reported	2	41.81835	-71.4574	FALSE	FALSE	Hartford Av and Ida Street, Providence, RI, USA	Med High	Raw	NA	FALSE	41.81835	-71.4574	2016	September
1854	2016-09-04	452357	22:23:00	Pedestrian	1	NA	FALSE	FALSE	1	MEMORIAL BLVD	FRANCIS ST	2016-09-05	Two-Way, Divided, Positive Median Barrier	Dry	Dark - Lighted	Clear	Other	Yes	Pavement Markings	5	1	Incapacitating	6	41.82582	-71.4151	FALSE	FALSE	Memorial Blvd and Francis Street, Providence, RI, USA	Med High	Raw	NA	FALSE	41.82582	-71.4151	2016	September
1852	2016-09-06	453227	19:03:00	Bicycle	NA	1	FALSE	FALSE	1	Dorrance st	PINE ST	2016-09-06	Two-Way , Not Divided	Wet	Daylight	Cloudy	Not a Collision Between Two Motor Vehicles in Transport	No	No Controls	3	1	Pain Reported	NA	41.82239	-71.4101	FALSE	FALSE	Dorrance Street and Pine Street, Providence, RI, USA	Med High	Raw	NA	FALSE	41.82239	-71.4101	2016	September
1851	2016-09-08	454138	16:16:00	Pedestrian	1	NA	FALSE	FALSE	1	Hope St.	Cypress St.	2016-09-08	Two-Way , Not Divided	Dry	Daylight	Clear	Not a Collision Between Two Motor Vehicles in Transport	Yes	Traffic Control Signal	3	1	Non-Incapacitating	NA	41.84102	-71.39899	FALSE	FALSE	Hope St. and Cypress St., Providence, RI, USA	Med High	Raw	NA	FALSE	41.84102	-71.39899	2016	September
1848	2016-09-12	455626	07:37:00	Pedestrian	1	NA	FALSE	FALSE	1	Hartford Ave	Bowlet Street	2016-09-12	Two-Way, Divided, Unprotected (painted>4feet) Medium	Dry	Daylight	Clear	Other	No	No Controls	4	1	Pain Reported	NA	41.81907	-71.46227	FALSE	FALSE	Hartford Ave and Bowlet Street, Providence, RI, USA	Med High	Raw	NA	FALSE	41.81907	-71.46227	2016	September
1849	2016-09-12	455693	16:06:00	Bicycle	NA	1	FALSE	FALSE	1	POTTERS AVE	NINIGRET AVE	2016-09-12	Two-Way , Not Divided	Dry	Daylight	Clear	Not a Collision Between Two Motor Vehicles in Transport	No	No Controls	3	1	Pain Reported	NA	41.80466	-71.43675	FALSE	FALSE	Potters Ave and Ninigret Ave, Providence, RI, USA	Med High	Raw	NA	FALSE	41.80466	-71.43675	2016	September
1850	2016-09-12	455701	17:30:00	Pedestrian	1	NA	FALSE	FALSE	1	Hartford Ave	HARTFORD AVE	2016-09-12	Two-Way , Not Divided	Dry	Daylight	Clear	Other	No	No Controls	4	1	Pain Reported	NA	41.81727	-71.44995	FALSE	FALSE	Hartford Ave and Hartford Ave, Providence, RI, USA	Med	Raw	distance greater than 100m	TRUE	41.81727	-71.44995	2016	September
1845	2016-09-13	455890	08:53:00	Bicycle	NA	1	FALSE	FALSE	1	FOUNTAIN ST	FRANCIS ST	2016-09-13	One-Way Trafficway	Dry	Daylight	Clear	Not a Collision Between Two Motor Vehicles in Transport	No	Traffic Control Signal	5	1	Pain Reported	NA	41.82481	-71.41469	FALSE	FALSE	Fountain Street and Francis Street, Providence, RI, USA	Med	Raw	distance greater than 100m	TRUE	41.82481	-71.41469	2016	September
1846	2016-09-13	456214	16:54:00	Pedestrian	1	NA	FALSE	FALSE	1	ANGELL ST	WAYLAND AVE	2016-09-13	Two-Way, Divided, Unprotected (painted>4feet) Medium	Dry	Daylight	Clear	Not a Collision Between Two Motor Vehicles in Transport	No	Traffic Control Signal	3	1	Incapacitating	NA	41.83015	-71.38792	FALSE	FALSE	Angell Street and Wayland Ave, Providence, RI, USA	Med High	Raw	NA	FALSE	41.83015	-71.38792	2016	September
1847	2016-09-13	456274	23:00:00	Pedestrian	1	NA	FALSE	FALSE	1	webster ave	STERLING AVE	2016-09-14	Two-Way , Not Divided	Dry	Dark - Lighted	Clear	Not a Collision Between Two Motor Vehicles in Transport	Yes	Stop Signs	1	1	Pain Reported	NA	41.81036	-71.44923	FALSE	FALSE	Webster Ave and Sterling Ave, Providence, RI, USA	Med High	Raw	NA	FALSE	41.81036	-71.44923	2016	September
1841	2016-09-14	456353	08:54:00	Pedestrian	1	NA	FALSE	FALSE	1	BROAD ST	JOHN PARTINGTON WAY	2016-09-14	Two-Way , Not Divided	Dry	Daylight	Clear	Not a Collision Between Two Motor Vehicles in Transport	No	Traffic Control Signal	2	0	No Injury	NA	41.81736	-71.41696	FALSE	FALSE	Broad Street and John Partington Way, Providence, RI, USA	Med	Raw	distance greater than 100m	TRUE	41.81736	-71.41696	2016	September
1842	2016-09-14	456508	14:59:00	Pedestrian	1	NA	FALSE	FALSE	1	FRANCIS STREET	AMERICAN EXPRESS PLZ	2016-09-14	Two-Way, Divided, Unprotected (painted>4feet) Medium	Dry	Daylight	Clear	Angle (Front - to - Side) Right Angle (Includes Broadside)	Yes	Traffic Control Signal	3	1	Pain Reported	NA	41.82741	-71.41541	FALSE	FALSE	Francis Street and American Express Plz, Providence, RI, USA	Med	Raw	distance greater than 100m	TRUE	41.82741	-71.41541	2016	September
1843	2016-09-14	456617	18:19:00	Pedestrian	1	NA	FALSE	FALSE	1	N MAIN ST	N MAIN ST	2016-09-14	Two-Way , Not Divided	Dry	Dusk	Clear	Angle - Direction Not Specified	No	No Controls	3	1	Pain Reported	NA	41.85331	-71.40104	FALSE	FALSE	N Main Street and N Main Street, Providence, RI, USA	Med	Raw	distance greater than 100m	TRUE	41.85331	-71.40104	2016	September
1844	2016-09-14	456887	21:05:00	Pedestrian	1	NA	FALSE	FALSE	1	MEMORIAL BLVD	COLLEGE ST	2016-09-14	Two-Way, Divided, Unprotected (painted>4feet) Medium	Dry	Dark - Lighted	Clear	Other	No	Pavement Markings	4	1	Incapacitating	4	41.82538	-71.40886	FALSE	FALSE	Memorial Blvd and College Street, Providence, RI, USA	Med High	Raw	NA	FALSE	41.82538	-71.40886	2016	September
1839	2016-09-15	457187	18:42:00	Pedestrian	1	NA	FALSE	FALSE	1	STEUBEN ST	ANDERSON ST	2016-09-15	Two-Way, Divided, Unprotected (painted>4feet) Medium	Dry	Daylight	Clear	Sidwswipe, Opposite Direction	Yes	No Controls	1	1	Non-Incapacitating	NA	41.82273	-71.45014	FALSE	FALSE	Steuben Street and Anderson Street, Providence, RI, USA	Med High	Raw	NA	FALSE	41.82273	-71.45014	2016	September
1840	2016-09-15	457394	18:25:00	Pedestrian	1	NA	FALSE	FALSE	1	ORMS ST	STATE ST	2016-09-15	Two-Way, Divided, Positive Median Barrier	Dry	Daylight	Clear	Not a Collision Between Two Motor Vehicles in Transport	No	No Controls	4	1	Fatal	4	41.83482	-71.4136	FALSE	FALSE	Orms Street and State Street, Providence, RI, USA	Med High	Raw	NA	FALSE	41.83482	-71.4136	2016	September
1837	2016-09-16	457812	17:07:00	Pedestrian	1	NA	FALSE	FALSE	1	RIVER AVE	ADMIRAL ST	2016-09-16	Two-Way , Not Divided	Dry	Daylight	Clear	Not a Collision Between Two Motor Vehicles in Transport	Yes	No Controls	1	1	Pain Reported	NA	41.8491	-71.43891	FALSE	FALSE	River Ave and Admiral Street, Providence, RI, USA	Med High	Raw	distance greater than 100m	TRUE	41.8491	-71.43891	2016	September
1838	2016-09-16	457940	21:14:00	Bicycle	NA	1	FALSE	FALSE	1	Douglas Ave	Clym St	2016-09-16	Two-Way , Not Divided	Dry	Dark - Lighted	Clear	Not a Collision Between Two Motor Vehicles in Transport	Yes	No Controls	1	1	Pain Reported	NA	41.84317	-71.42774	FALSE	FALSE	Douglas Ave and Clym Street, Providence, RI, USA	Med High	Raw	NA	FALSE	41.84317	-71.42774	2016	September