row_number	crash_date	crash_report_id	crash_time	collision_type	count_pedestrian	count_bicycle	scooter	wheel_chair	number_of_vehicles	street_or_highway	nearest_intersection	report_date	type_of_roadway	road_surface_condition	light_condition	weather_condition	manner_of_impact	hit_and_run	traffic_control	person_count	injury_count	most_serious_injury	number_of_lanes	lat_raw	lon_raw	has_st_number	is_intersection_null	address_sent_to_geocoder	api_coord_conf	best_coordinate_set	reason_for_qa	manually_qaed_record	final_lat	final_lon	year	month
1710	2017-03-17	547416	20:33:00	Pedestrian	1	NA	FALSE	FALSE	1	Francis St	NA	2017-03-17	Two-Way , Not Divided	Dry	Dark - Lighted	Clear	Not a Collision Between Two Motor Vehicles in Transport	Yes	No Controls	2	1	Pain Reported	NA	41.8309	-71.41638	FALSE	TRUE	Francis Street, Providence, RI, USA	Inaccurate	Raw	distance greater than 100m	TRUE	41.8309	-71.41638	2017	March
1708	2017-03-18	547480	01:06:00	Pedestrian	1	NA	FALSE	FALSE	1	ELMWOOD AVE	HEMPSTEAD ST	2017-03-18	Two-Way, Divided, Unprotected (painted>4feet) Medium	Dry	Dark - Lighted	Clear	Angle (Front - to - Side) Opposite Direction	Yes	No Controls	1	1	Pain Reported	NA	41.78987	-71.42175	FALSE	FALSE	Elmwood Ave and Hempstead Street, Providence, RI, USA	Med High	Raw	NA	FALSE	41.78987	-71.42175	2017	March
1709	2017-03-18	548223	20:20:00	Pedestrian	1	NA	FALSE	FALSE	1	Charles St.	Randall St.	2017-03-19	One-Way Trafficway	Dry	Dark - Lighted	Clear	Not a Collision Between Two Motor Vehicles in Transport	Yes	No Controls	1	1	Pain Reported	NA	41.83665	-71.41272	FALSE	FALSE	Charles St. and Randall St., Providence, RI, USA	Med	Raw	NA	FALSE	41.83665	-71.41272	2017	March
1707	2017-03-22	549708	08:57:00	Pedestrian	1	NA	FALSE	FALSE	1	PLAIN ST	PUBLIC ST	2017-03-22	Two-Way , Not Divided	Dry	Daylight	Clear	Not a Collision Between Two Motor Vehicles in Transport	Yes	Stop Signs	3	1	Pain Reported	NA	41.80665	-71.40997	FALSE	FALSE	Plain Street and Public Street, Providence, RI, USA	Med High	Raw	NA	FALSE	41.80665	-71.40997	2017	March
1706	2017-03-23	550352	12:05:00	Pedestrian	1	NA	FALSE	FALSE	1	BROAD ST	HARVARD AVE	2017-03-23	Two-Way , Not Divided	Dry	Daylight	Clear	Not a Collision Between Two Motor Vehicles in Transport	No	No Controls	3	1	Pain Reported	NA	41.80867	-71.4207	FALSE	FALSE	Broad Street and Harvard Ave, Providence, RI, USA	Med	Raw	NA	FALSE	41.80867	-71.4207	2017	March
1705	2017-03-24	550717	13:35:00	Pedestrian	1	NA	FALSE	FALSE	1	FLOWER ST	WHELAN ST	2017-03-24	Two-Way , Not Divided	Wet	Daylight	Sleet, Hail (Freezing Rain or Drizzle)	Not a Collision Between Two Motor Vehicles in Transport	No	No Controls	2	1	Pain Reported	NA	41.83921	-71.43712	FALSE	FALSE	Flower Street and Whelan Street, Providence, RI, USA	Med High	Geocoded	distance greater than 100m	TRUE	41.8189349	-71.456749	2017	March
1704	2017-03-26	551314	21:02:00	Pedestrian	1	NA	FALSE	FALSE	1	ADMIRAL ST	GRAPE ST	2017-03-26	Two-Way , Not Divided	Wet	Dark - Lighted	Cloudy	Not a Collision Between Two Motor Vehicles in Transport	No	No Controls	3	1	Pain Reported	NA	41.84625	-71.43011	FALSE	FALSE	Admiral Street and Grape Street, Providence, RI, USA	Med High	Raw	NA	FALSE	41.84625	-71.43011	2017	March
1703	2017-03-30	552934	08:03:00	Bicycle	NA	1	FALSE	FALSE	1	ACADEMY AVE	WHITFORD AVE	2017-03-30	Two-Way , Not Divided	Dry	Daylight	Clear	Not a Collision Between Two Motor Vehicles in Transport	No	Stop Signs	3	1	Pain Reported	NA	41.83897	-71.44487	FALSE	FALSE	Academy Ave and Whitford Ave, Providence, RI, USA	Med High	Raw	NA	FALSE	41.83897	-71.44487	2017	March
1701	2017-03-31	553543	15:10:00	Pedestrian	1	NA	FALSE	FALSE	1	PUBLIC ST	OCEAN ST	2017-03-31	Two-Way, Divided, Unprotected (painted>4feet) Medium	Wet	Daylight	Rain	Not a Collision Between Two Motor Vehicles in Transport	No	No Controls	4	1	Pain Reported	NA	41.80623	-71.41188	FALSE	FALSE	Public Street and Ocean Street, Providence, RI, USA	Med High	Raw	NA	FALSE	41.80623	-71.41188	2017	March
1702	2017-03-31	553643	22:34:00	Pedestrian	1	NA	FALSE	FALSE	1	Elmwood Ave	Princeton Ave	2017-04-01	Two-Way , Not Divided	Wet	Dark - Lighted	Rain	Not a Collision Between Two Motor Vehicles in Transport	Yes	Pavement Markings	1	1	Pain Reported	NA	41.80542	-71.42521	FALSE	FALSE	Elmwood Ave and Princeton Ave, Providence, RI, USA	Med High	Raw	NA	FALSE	41.80542	-71.42521	2017	March
1699	2017-04-01	553984	12:25:00	Pedestrian	1	NA	FALSE	FALSE	1	CHALKSTONE AVE	ACADEMY AVE	2017-04-01	Two-Way, Divided, Unprotected (painted>4feet) Medium	Wet	Daylight	Sleet, Hail (Freezing Rain or Drizzle)	Not a Collision Between Two Motor Vehicles in Transport	Yes	Traffic Control Signal	4	1	Pain Reported	2	41.83245	-71.44453	FALSE	FALSE	Chalkstone Ave and Academy Ave, Providence, RI, USA	Med High	Raw	NA	FALSE	41.83245	-71.44453	2017	April
1700	2017-04-01	554144	20:55:00	Pedestrian	1	NA	FALSE	FALSE	1	MEMORIAL BLVD	EXCHANGE ST	2017-04-01	Two-Way , Not Divided	Dry	Dark - Lighted	Cloudy	Not a Collision Between Two Motor Vehicles in Transport	No	Traffic Control Signal	4	1	Incapacitating	NA	41.8268	-71.41207	FALSE	FALSE	Memorial Blvd and Exchange Street, Providence, RI, USA	Med High	Raw	NA	FALSE	41.8268	-71.41207	2017	April
1697	2017-04-03	554764	15:54:00	Pedestrian	2	NA	FALSE	FALSE	1	BRIDGHAM ST	ELMWOOD AVE	2017-04-03	Two-Way , Not Divided	Dry	Daylight	Clear	Not a Collision Between Two Motor Vehicles in Transport	Yes	Traffic Control Signal	2	2	Pain Reported	NA	41.81277	-71.42218	FALSE	FALSE	Bridgham Street and Elmwood Ave, Providence, RI, USA	Med High	Raw	NA	FALSE	41.81277	-71.42218	2017	April
1698	2017-04-03	554767	16:11:00	Pedestrian	1	NA	FALSE	FALSE	1	PRAIRIE AVE	POTTERS AVE	2017-04-03	Two-Way , Not Divided	Dry	Daylight	Clear	Not a Collision Between Two Motor Vehicles in Transport	No	No Controls	3	1	Pain Reported	NA	41.80375	-71.41406	FALSE	FALSE	Prairie Ave and Potters Ave, Providence, RI, USA	Med High	Raw	NA	FALSE	41.80375	-71.41406	2017	April
1696	2017-04-07	556651	20:09:00	Pedestrian	1	NA	FALSE	FALSE	1	100 LAURA ST	HAMILTON ST	2017-04-07	Two-Way , Not Divided	Dry	Dark - Lighted	Clear	Not a Collision Between Two Motor Vehicles in Transport	No	No Controls	2	1	Pain Reported	NA	41.80116	-71.42243	TRUE	FALSE	100 Laura Street, Providence, RI, USA	High	Raw	NA	FALSE	41.80116	-71.42243	2017	April
1694	2017-04-08	556707	02:09:00	Pedestrian	1	NA	FALSE	FALSE	1	CRANSTON ST	PARADE ST	2017-04-08	Two-Way , Not Divided	Dry	Dark - Lighted	Clear	Not a Collision Between Two Motor Vehicles in Transport	Yes	Unknown	1	1	Pain Reported	NA	41.8118	-71.43114	FALSE	FALSE	Cranston Street and Parade Street, Providence, RI, USA	Med High	Raw	NA	FALSE	41.8118	-71.43114	2017	April
1695	2017-04-08	556790	17:50:00	Pedestrian	1	NA	FALSE	FALSE	1	SABIN ST	W EXCHANGE ST	2017-04-08	One-Way Trafficway	Dry	Daylight	Clear	Not a Collision Between Two Motor Vehicles in Transport	No	No Controls	3	1	Pain Reported	3	41.82462	-71.41556	FALSE	FALSE	Sabin Street and W Exchange Street, Providence, RI, USA	Med High	Raw	NA	FALSE	41.82462	-71.41556	2017	April
1693	2017-04-09	557105	15:23:00	Bicycle	NA	1	FALSE	FALSE	1	BATTEY ST	WASHINGTON ST	2017-04-09	Two-Way , Not Divided	Dry	Daylight	Clear	Not a Collision Between Two Motor Vehicles in Transport	No	Stop Signs	3	1	Pain Reported	NA	41.81794	-71.42472	FALSE	FALSE	Battey Street and Washington Street, Providence, RI, USA	Med High	Raw	NA	FALSE	41.81794	-71.42472	2017	April
1692	2017-04-11	557829	14:31:00	Pedestrian	1	NA	FALSE	FALSE	1	Pitman St	E GEORGE ST	2017-04-11	One-Way Trafficway	Dry	Daylight	Clear	Not a Collision Between Two Motor Vehicles in Transport	No	No Controls	5	1	Pain Reported	NA	41.8268	-71.38731	FALSE	FALSE	Pitman Street and E George Street, Providence, RI, USA	Med	Neither	distance greater than 100m	TRUE	41.82668	-71.388506	2017	April
1689	2017-04-12	558143	11:17:00	Pedestrian	1	NA	FALSE	FALSE	1	THOMAS ST	ANGELL ST	2017-04-12	One-Way Trafficway	Dry	Daylight	Clear	Not a Collision Between Two Motor Vehicles in Transport	No	Traffic Control Signal	2	1	Pain Reported	NA	41.82751	-71.40765	FALSE	FALSE	Thomas Street and Angell Street, Providence, RI, USA	Med	Raw	NA	FALSE	41.82751	-71.40765	2017	April
1690	2017-04-12	558315	14:58:00	Pedestrian	1	NA	FALSE	FALSE	1	FELIX ST	CHALKSTONE AVE	2017-04-12	Two-Way , Not Divided	Dry	Daylight	Clear	Not a Collision Between Two Motor Vehicles in Transport	No	Stop Signs	3	1	Pain Reported	NA	41.83457	-71.42839	FALSE	FALSE	Felix Street and Chalkstone Ave, Providence, RI, USA	Med High	Raw	NA	FALSE	41.83457	-71.42839	2017	April
1691	2017-04-12	558422	20:30:00	Pedestrian	1	NA	FALSE	FALSE	1	ELMWOOD AVE	PARKIS AVE	2017-04-12	Two-Way , Not Divided	Dry	Dark - Lighted	Clear	Other	Yes	Unknown	2	1	Pain Reported	4	41.80913	-71.42451	FALSE	FALSE	Elmwood Ave and Parkis Ave, Providence, RI, USA	Med High	Raw	NA	FALSE	41.80913	-71.42451	2017	April
1688	2017-04-14	558762	00:09:00	Pedestrian	1	NA	FALSE	FALSE	1	MEMORIAL BLVD	WASHINGTON ST	2017-04-14	Two-Way, Divided, Positive Median Barrier	Dry	Dark - Lighted	Clear	Other	No	Traffic Control Signal	2	1	Non-Incapacitating	4	41.8263	-71.41009	FALSE	FALSE	Memorial Blvd and Washington Street, Providence, RI, USA	Med High	Raw	NA	FALSE	41.8263	-71.41009	2017	April
1686	2017-04-15	559294	12:47:00	Pedestrian	1	NA	FALSE	FALSE	1	E GEORGE ST	IVES ST	2017-04-15	Two-Way , Not Divided	Dry	Daylight	Clear	Other	No	Stop Signs	3	1	Pain Reported	NA	41.82567	-71.39262	FALSE	FALSE	E George Street and Ives Street, Providence, RI, USA	Med High	Raw	NA	FALSE	41.82567	-71.39262	2017	April
1687	2017-04-15	559491	15:15:00	Bicycle	NA	1	FALSE	FALSE	1	Valley St	BARSTOW ST	2017-04-15	Two-Way, Divided, Unprotected (painted>4feet) Medium	Dry	Daylight	Clear	Not a Collision Between Two Motor Vehicles in Transport	No	No Controls	2	0	No Injury	NA	41.82406	-71.43959	FALSE	FALSE	Valley Street and Barstow Street, Providence, RI, USA	Med High	Raw	NA	FALSE	41.82406	-71.43959	2017	April
1684	2017-04-16	559728	12:55:00	Bicycle	NA	1	FALSE	FALSE	1	HILLCREST AVE	CHALKSTONE AVE	2017-04-16	Two-Way, Divided, Unprotected (painted>4feet) Medium	Dry	Daylight	Clear	Not a Collision Between Two Motor Vehicles in Transport	No	Stop Signs	2	1	Pain Reported	NA	41.83289	-71.45858	FALSE	FALSE	Hillcrest Ave and Chalkstone Ave, Providence, RI, USA	Med	Raw	NA	FALSE	41.83289	-71.45858	2017	April
1685	2017-04-16	559787	17:07:00	Bicycle	NA	1	FALSE	FALSE	1	EARLY ST	BROAD ST	2017-04-16	Two-Way , Not Divided	Dry	Daylight	Clear	Not a Collision Between Two Motor Vehicles in Transport	Yes	No Controls	1	1	Pain Reported	NA	41.79547	-71.41127	FALSE	FALSE	Early Street and Broad Street, Providence, RI, USA	Med High	Raw	NA	FALSE	41.79547	-71.41127	2017	April
1683	2017-04-17	560145	18:47:00	Pedestrian	1	NA	TRUE	FALSE	1	Branch Avenue	RT 146 South Exit Ramp	2017-04-17	Two-Way, Divided, Unprotected (painted>4feet) Medium	Dry	Dusk	Clear	Not a Collision Between Two Motor Vehicles in Transport	No	Traffic Control Signal	3	0	No Injury	NA	41.85338	-71.42771	FALSE	FALSE	Branch Avenue and Rt 146 South Exit Ramp, Providence, RI, USA	Med High	Raw	distance greater than 100m	TRUE	41.85338	-71.42771	2017	April
1682	2017-04-18	560537	19:57:00	Bicycle	NA	1	FALSE	FALSE	1	COLLEGE ST	COLLEGE ST	2017-04-18	Two-Way , Not Divided	Dry	Dark - Lighted	Clear	Not a Collision Between Two Motor Vehicles in Transport	No	Traffic Control Signal	2	1	Pain Reported	NA	41.82564	-71.40785	FALSE	FALSE	College Street and College Street, Providence, RI, USA	Med	Raw	distance greater than 100m	TRUE	41.82564	-71.40785	2017	April
1681	2017-04-19	560650	14:13:00	Pedestrian	1	NA	FALSE	FALSE	1	PENNSYLVANIA AVE	PRAIRIE AVE	2017-04-19	Two-Way , Not Divided	Dry	Daylight	Clear	Not a Collision Between Two Motor Vehicles in Transport	Yes	Stop Signs	2	1	Non-Incapacitating	NA	41.79785	-71.41152	FALSE	FALSE	Pennsylvania Ave and Prairie Ave, Providence, RI, USA	Med	Raw	NA	FALSE	41.79785	-71.41152	2017	April
1680	2017-04-23	561942	13:01:00	Pedestrian	1	NA	FALSE	FALSE	1	SMITH ST	HUXLEY AVE	2017-04-23	Two-Way , Not Divided	Dry	Daylight	Clear	Not a Collision Between Two Motor Vehicles in Transport	No	No Controls	3	1	Pain Reported	NA	41.83783	-71.43405	FALSE	FALSE	Smith Street and Huxley Ave, Providence, RI, USA	Med High	Raw	NA	FALSE	41.83783	-71.43405	2017	April
1679	2017-04-25	563003	18:35:00	Pedestrian	1	NA	FALSE	FALSE	1	ACADEMY AVE	CHALKSTONE AVE	2017-04-25	Two-Way , Not Divided	Wet	Daylight	Rain	Not a Collision Between Two Motor Vehicles in Transport	No	Traffic Control Signal	3	1	Pain Reported	NA	41.83243	-71.44453	FALSE	FALSE	Academy Ave and Chalkstone Ave, Providence, RI, USA	Med High	Raw	NA	FALSE	41.83243	-71.44453	2017	April
1677	2017-04-28	563569	00:51:00	Pedestrian	1	NA	FALSE	FALSE	1	STONELAW AVE	SHARON ST	2017-04-28	Two-Way , Not Divided	Dry	Dark - Lighted	Cloudy	Other	No	No Controls	3	0	No Injury	2	41.84682	-71.44274	FALSE	FALSE	Stonelaw Ave and Sharon Street, Providence, RI, USA	Med High	Raw	NA	FALSE	41.84682	-71.44274	2017	April
1678	2017-04-28	563645	14:40:00	Pedestrian	1	NA	TRUE	FALSE	1	MANTON AVE	FRUIT HILL AVE	2017-04-28	Two-Way , Not Divided	Dry	Daylight	Clear	Not a Collision Between Two Motor Vehicles in Transport	No	Traffic Control Signal	3	0	No Injury	NA	41.83388	-71.46783	FALSE	FALSE	Manton Ave and Fruit Hill Ave, Providence, RI, USA	Med High	Raw	NA	FALSE	41.83388	-71.46783	2017	April
1676	2017-04-29	564089	16:22:00	Pedestrian	1	NA	FALSE	FALSE	1	895 ELMWOOD AVENUE	NA	2017-04-29	Two-Way , Not Divided	Dry	Daylight	Clear	Not a Collision Between Two Motor Vehicles in Transport	No	No Controls	4	1	Non-Incapacitating	NA	41.7882	-71.42084	TRUE	TRUE	895 Elmwood Avenue, Providence, RI, USA	High	Raw	NA	FALSE	41.7882	-71.42084	2017	April
1675	2017-04-30	564319	11:53:00	Pedestrian	1	NA	FALSE	FALSE	1	CRANSTON ST	HARRISON ST	2017-04-30	Two-Way , Not Divided	Dry	Daylight	Clear	Not a Collision Between Two Motor Vehicles in Transport	No	Stop Signs	3	1	Pain Reported	NA	41.81305	-71.42872	FALSE	FALSE	Cranston Street and Harrison Street, Providence, RI, USA	Med High	Raw	NA	FALSE	41.81305	-71.42872	2017	April
1674	2017-05-01	564705	12:07:00	Bicycle	NA	1	FALSE	FALSE	1	GROVE ST	VINTON ST	2017-05-01	One-Way Trafficway	Dry	Daylight	Clear	Not a Collision Between Two Motor Vehicles in Transport	Yes	No Controls	3	1	Pain Reported	NA	41.82075	-71.42856	FALSE	FALSE	Grove Street and Vinton Street, Providence, RI, USA	Med High	Raw	NA	FALSE	41.82075	-71.42856	2017	May
1673	2017-05-02	565279	16:42:00	Bicycle	NA	1	FALSE	FALSE	1	MANTON AVE	Unit St	2017-05-02	Two-Way, Divided, Unprotected (painted>4feet) Medium	Dry	Daylight	Clear	Angle (Front - to - Side) Right Angle (Includes Broadside)	No	No Controls	2	1	Pain Reported	NA	41.82538	-71.45468	FALSE	FALSE	Manton Ave and Unit Street, Providence, RI, USA	Med High	Raw	NA	FALSE	41.82538	-71.45468	2017	May
1672	2017-05-04	566153	17:37:00	Pedestrian	1	NA	FALSE	FALSE	1	MANTON AVE	PALFREY PL	2017-05-04	Two-Way , Not Divided	Dry	Daylight	Clear	Other	Yes	Traffic Control Signal	2	1	Pain Reported	NA	41.83389	-71.4677	FALSE	FALSE	Manton Ave and Palfrey Pl, Providence, RI, USA	Med High	Raw	NA	FALSE	41.83389	-71.4677	2017	May
1670	2017-05-05	566337	00:08:00	Bicycle	NA	1	FALSE	FALSE	1	CRANSTON ST	POTTERS AVE	2017-05-05	Two-Way, Divided, Unprotected (painted>4feet) Medium	Dry	Dark - Lighted	Clear	Not a Collision Between Two Motor Vehicles in Transport	No	No Controls	3	1	Non-Incapacitating	NA	41.80505	-71.43778	FALSE	FALSE	Cranston Street and Potters Ave, Providence, RI, USA	Med High	Raw	NA	FALSE	41.80505	-71.43778	2017	May
1671	2017-05-05	566566	14:59:00	Pedestrian	1	NA	FALSE	FALSE	1	DOUGLAS AVE	EATON ST	2017-05-05	Two-Way , Not Divided	Wet	Daylight	Rain	Not a Collision Between Two Motor Vehicles in Transport	Yes	No Controls	1	1	Pain Reported	NA	41.84099	-71.4273	FALSE	FALSE	Douglas Ave and Eaton Street, Providence, RI, USA	Med High	Raw	NA	FALSE	41.84099	-71.4273	2017	May
1668	2017-05-07	567253	18:42:00	Pedestrian	1	NA	FALSE	FALSE	1	15 CLEMATIS ST	CHALKSTONE AVE	2017-05-07	Two-Way , Not Divided	Dry	Daylight	Clear	Not a Collision Between Two Motor Vehicles in Transport	No	No Controls	3	1	Pain Reported	NA	41.83303	-71.4459	TRUE	FALSE	15 Clematis Street, Providence, RI, USA	High	Raw	NA	FALSE	41.83303	-71.4459	2017	May
1669	2017-05-07	567341	00:01:00	Bicycle	NA	1	FALSE	FALSE	1	BROADWAY	COURTLAND ST	2017-05-07	Two-Way , Not Divided	Wet	Dark - Lighted	Cloudy	Other	Yes	No Controls	2	1	Pain Reported	2	41.81936	-71.43122	FALSE	FALSE	Broadway and Courtland Street, Providence, RI, USA	Med	Raw	NA	FALSE	41.81936	-71.43122	2017	May
1665	2017-05-10	567889	08:59:00	Pedestrian	1	NA	FALSE	FALSE	1	PUBLIC ST	PRAIRIE AVE	2017-05-10	Two-Way, Divided, Unprotected (painted>4feet) Medium	Dry	Daylight	Clear	Not a Collision Between Two Motor Vehicles in Transport	Yes	Traffic Control Signal	5	1	Incapacitating	NA	41.80556	-71.41481	FALSE	FALSE	Public Street and Prairie Ave, Providence, RI, USA	Med High	Raw	NA	FALSE	41.80556	-71.41481	2017	May
1666	2017-05-10	567996	14:16:00	Pedestrian	1	NA	FALSE	FALSE	1	DEAN ST	W FOUNTAIN ST	2017-05-10	Two-Way , Not Divided	Dry	Daylight	Cloudy	Not a Collision Between Two Motor Vehicles in Transport	No	Pavement Markings	2	1	Pain Reported	NA	41.81955	-71.42104	FALSE	FALSE	Dean Street and W Fountain Street, Providence, RI, USA	Med	Raw	NA	FALSE	41.81955	-71.42104	2017	May
1667	2017-05-10	568407	23:06:00	Pedestrian	1	NA	FALSE	FALSE	1	VALLEY ST	DEAN ST	2017-05-11	Two-Way, Divided, Unprotected (painted>4feet) Medium	Dry	Dark - Lighted	Clear	Not a Collision Between Two Motor Vehicles in Transport	No	Traffic Control Signal	2	1	Non-Incapacitating	NA	41.83149	-71.42836	FALSE	FALSE	Valley Street and Dean Street, Providence, RI, USA	Med	Raw	distance greater than 100m	TRUE	41.83149	-71.42836	2017	May
1664	2017-05-12	569842	21:27:00	Pedestrian	1	NA	FALSE	FALSE	1	375 Plainfield St	NA	2017-05-12	Two-Way , Not Divided	Dry	Dark - Lighted	Clear	Not a Collision Between Two Motor Vehicles in Transport	No	No Controls	2	1	Pain Reported	NA	41.81377	-71.44875	TRUE	TRUE	375 Plainfield Street, Providence, RI, USA	High	Geocoded	distance greater than 100m	TRUE	41.813786	-71.4505596	2017	May
1663	2017-05-13	570185	13:06:00	Bicycle	NA	1	FALSE	FALSE	1	cranston st	wendell st	2017-05-16	Two-Way , Not Divided	Dry	Daylight	Cloudy	Not a Collision Between Two Motor Vehicles in Transport	No	No Controls	2	0	No Injury	NA	41.80938	-71.42439	FALSE	FALSE	Cranston Street and Wendell Street, Providence, RI, USA	Med High	Geocoded	distance greater than 100m	TRUE	41.8115212	-71.4315335	2017	May
1661	2017-05-15	569919	10:59:00	Pedestrian	1	NA	FALSE	FALSE	1	635 ELMWOOD AVE	NA	2017-05-15	Two-Way, Divided, Positive Median Barrier	Wet	Daylight	Rain	Not a Collision Between Two Motor Vehicles in Transport	No	No Controls	4	1	Pain Reported	4	41.79479	-71.4245	TRUE	TRUE	635 Elmwood Ave, Providence, RI, USA	High	Raw	NA	FALSE	41.79479	-71.4245	2017	May
1662	2017-05-15	569971	15:30:00	Bicycle	NA	1	FALSE	FALSE	1	GALLUP ST	GORDON AVE	2017-05-15	Two-Way , Not Divided	Dry	Daylight	Cloudy	Not a Collision Between Two Motor Vehicles in Transport	No	Stop Signs	3	1	Pain Reported	NA	41.79971	-71.41403	FALSE	FALSE	Gallup Street and Gordon Ave, Providence, RI, USA	Med High	Raw	NA	FALSE	41.79971	-71.41403	2017	May
1659	2017-05-16	570432	14:23:00	Pedestrian	1	NA	FALSE	FALSE	1	DUTTON ST	ATWELLS AVE	2017-05-16	Two-Way , Not Divided	Dry	Daylight	Clear	Not a Collision Between Two Motor Vehicles in Transport	Yes	No Controls	1	1	Pain Reported	NA	41.82558	-71.45317	FALSE	FALSE	Dutton Street and Atwells Ave, Providence, RI, USA	Med High	Raw	NA	FALSE	41.82558	-71.45317	2017	May
1660	2017-05-16	570503	17:47:00	Pedestrian	1	NA	FALSE	FALSE	1	BROAD ST	CLAVERICK ST	2017-05-16	Two-Way , Not Divided	Dry	Daylight	Clear	Not a Collision Between Two Motor Vehicles in Transport	No	Traffic Control Signal	7	1	Pain Reported	NA	41.81938	-71.41493	FALSE	FALSE	Broad Street and Claverick Street, Providence, RI, USA	Med	Raw	NA	FALSE	41.81938	-71.41493	2017	May
1656	2017-05-18	570932	07:57:00	Pedestrian	1	NA	FALSE	FALSE	1	ATWELLS AVE	VALLEY ST	2017-05-18	Two-Way, Divided, Unprotected (painted>4feet) Medium	Dry	Daylight	Clear	Not a Collision Between Two Motor Vehicles in Transport	No	Traffic Control Signal	2	0	No Injury	NA	41.82456	-71.43948	FALSE	FALSE	Atwells Ave and Valley Street, Providence, RI, USA	Med High	Raw	NA	FALSE	41.82456	-71.43948	2017	May
1657	2017-05-18	571007	13:00:00	Bicycle	NA	1	FALSE	FALSE	1	DOUGLAS AVE	LUBEC ST	2017-05-18	Two-Way, Divided, Unprotected (painted>4feet) Medium	Dry	Daylight	Clear	Not a Collision Between Two Motor Vehicles in Transport	No	No Controls	2	1	Pain Reported	NA	41.84258	-71.44515	FALSE	FALSE	Douglas Ave and Lubec Street, Providence, RI, USA	Med High	Geocoded	distance greater than 100m	TRUE	41.8557294	-71.4416833	2017	May
1658	2017-05-18	571177	15:38:00	Pedestrian	1	NA	FALSE	FALSE	1	RICHMOND ST	POINT ST	2017-05-18	Two-Way , Not Divided	Dry	Daylight	Clear	Not a Collision Between Two Motor Vehicles in Transport	No	Traffic Control Signal	3	1	Pain Reported	NA	41.81657	-71.40728	FALSE	FALSE	Richmond Street and Point Street, Providence, RI, USA	Med High	Raw	NA	FALSE	41.81657	-71.40728	2017	May
1654	2017-05-19	571646	15:16:00	Bicycle	NA	1	FALSE	FALSE	1	WESTMINSTER ST	DEXTER ST	2017-05-19	Two-Way , Not Divided	Dry	Daylight	Clear	Not a Collision Between Two Motor Vehicles in Transport	Yes	Pavement Markings	1	0	No Injury	NA	41.81659	-71.43134	FALSE	FALSE	Westminster Street and Dexter Street, Providence, RI, USA	Med High	Raw	NA	FALSE	41.81659	-71.43134	2017	May
1655	2017-05-19	572160	13:23:00	Bicycle	NA	NA	FALSE	FALSE	2	I 95 N	DOUGLAS AVE	2017-05-19	Two-Way , Not Divided	Dry	Daylight	Clear	Angle (Front - to - Side) Same Direction	Yes	No Controls	1	0	No Injury	NA	41.8347	-71.41607	FALSE	FALSE	I 95 N and Douglas Ave, Providence, RI, USA	Med High	Raw	distance greater than 100m	TRUE	41.8347	-71.41607	2017	May
1653	2017-05-21	572355	03:47:00	Pedestrian	1	NA	FALSE	FALSE	1	BROAD ST	SOMERSET ST	2017-05-21	Two-Way , Not Divided	Dry	Dark - Lighted	Clear	Other	Yes	No Controls	3	1	Incapacitating	2	41.81373	-71.42156	FALSE	FALSE	Broad Street and Somerset Street, Providence, RI, USA	Med	Raw	NA	FALSE	41.81373	-71.42156	2017	May
1651	2017-05-22	573119	15:40:00	Pedestrian	1	NA	FALSE	FALSE	1	SMITH ST	CHALKSTONE AVE	2017-05-22	Two-Way , Not Divided	Dry	Daylight	Rain	Not a Collision Between Two Motor Vehicles in Transport	No	No Controls	3	1	Pain Reported	NA	41.83521	-71.42565	FALSE	FALSE	Smith Street and Chalkstone Ave, Providence, RI, USA	Med High	Raw	NA	FALSE	41.83521	-71.42565	2017	May
1652	2017-05-22	573133	15:03:00	Pedestrian	1	NA	FALSE	FALSE	1	UNION AVE	SORRENTO ST	2017-05-22	Two-Way, Divided, Unprotected (painted>4feet) Medium	Wet	Daylight	Cloudy	Not a Collision Between Two Motor Vehicles in Transport	No	No Controls	2	1	Non-Incapacitating	NA	41.81003	-71.4355	FALSE	FALSE	Union Ave and Sorrento Street, Providence, RI, USA	Med High	Raw	NA	FALSE	41.81003	-71.4355	2017	May
1650	2017-05-25	574021	13:24:00	Pedestrian	1	NA	FALSE	FALSE	1	ATWELLS AVE	VALLEY ST	2017-05-25	Two-Way , Not Divided	Wet	Daylight	Rain	Not a Collision Between Two Motor Vehicles in Transport	No	Traffic Control Signal	4	1	Pain Reported	2	41.82456	-71.43949	FALSE	FALSE	Atwells Ave and Valley Street, Providence, RI, USA	Med High	Raw	NA	FALSE	41.82456	-71.43949	2017	May
1649	2017-05-29	575796	21:01:00	Pedestrian	1	NA	FALSE	FALSE	1	Huntington Ave	NA	2017-05-30	One-Way Trafficway	Dry	Dark - Lighted	Clear	Not a Collision Between Two Motor Vehicles in Transport	No	No Controls	5	1	Pain Reported	NA	41.80394	-71.43901	FALSE	TRUE	Huntington Ave, Providence, RI, USA	Inaccurate	Geocoded	distance greater than 100m	TRUE	41.8025522	-71.4361117	2017	May
1648	2017-05-31	576369	12:47:00	Bicycle	NA	1	FALSE	FALSE	1	391 CHARLES ST	SILVER SPRING ST	2017-05-31	Two-Way , Not Divided	Dry	Daylight	Clear	Other	No	No Controls	4	1	Pain Reported	NA	41.84455	-71.41863	TRUE	FALSE	391 Charles Street, Providence, RI, USA	High	Raw	NA	FALSE	41.84455	-71.41863	2017	May