row_number	crash_date	crash_report_id	crash_time	collision_type	count_pedestrian	count_bicycle	scooter	wheel_chair	number_of_vehicles	street_or_highway	nearest_intersection	report_date	type_of_roadway	road_surface_condition	light_condition	weather_condition	manner_of_impact	hit_and_run	traffic_control	person_count	injury_count	most_serious_injury	number_of_lanes	lat_raw	lon_raw	has_st_number	is_intersection_null	address_sent_to_geocoder	api_coord_conf	best_coordinate_set	reason_for_qa	manually_qaed_record	final_lat	final_lon	year	month
1520	2017-10-06	631767	21:30:00	Pedestrian	1	NA	FALSE	FALSE	1	MERINO ST/ HARTFORD AVE	CROWNINSHIELD ST	2017-10-06	Two-Way , Not Divided	Dry	Dark - Lighted	Clear	Not a Collision Between Two Motor Vehicles in Transport	Yes	No Controls	1	0	Unknown	NA	41.81863	-71.45912	FALSE	FALSE	Merino St/ Hartford Ave and Crowninshield Street, Providence, RI, USA	Med	Raw	distance greater than 100m	TRUE	41.81863	-71.45912	2017	October
1519	2017-10-07	631798	03:35:00	Pedestrian	1	NA	FALSE	FALSE	1	571 Union Ave	POCASSET AVE	2017-10-07	Two-Way , Not Divided	Dry	Dark - Lighted	Clear	Not a Collision Between Two Motor Vehicles in Transport	Yes	No Controls	1	1	Pain Reported	NA	41.80649	-71.4574	TRUE	FALSE	571 Union Ave, Providence, RI, USA	High	Raw	NA	FALSE	41.80649	-71.4574	2017	October
1518	2017-10-08	632425	20:42:00	Bicycle	NA	1	FALSE	FALSE	1	CRANSTON STREET	POTTERS AVE	2017-10-08	Two-Way , Not Divided	Dry	Dark - Lighted	Clear	Not a Collision Between Two Motor Vehicles in Transport	Yes	Stop Signs	1	1	Pain Reported	2	41.80505	-71.43778	FALSE	FALSE	Cranston Street and Potters Ave, Providence, RI, USA	Med High	Raw	NA	FALSE	41.80505	-71.43778	2017	October
1516	2017-10-09	632639	19:13:00	Pedestrian	1	NA	FALSE	FALSE	1	SUPERIOR ST	CRANSTON ST	2017-10-09	Two-Way , Not Divided	Wet	Dark - Lighted	Rain	Not a Collision Between Two Motor Vehicles in Transport	No	No Controls	2	1	Pain Reported	NA	41.81043	-71.43265	FALSE	FALSE	Superior Street and Cranston Street, Providence, RI, USA	Med High	Raw	NA	FALSE	41.81043	-71.43265	2017	October
1517	2017-10-09	632641	19:15:00	Pedestrian	1	NA	FALSE	FALSE	1	SACKETT ST	BROAD ST	2017-10-09	Two-Way , Not Divided	Wet	Dark - Lighted	Rain	Not a Collision Between Two Motor Vehicles in Transport	Yes	No Controls	1	1	Pain Reported	NA	41.79616	-71.41212	FALSE	FALSE	Sackett Street and Broad Street, Providence, RI, USA	Med High	Raw	NA	FALSE	41.79616	-71.41212	2017	October
1515	2017-10-10	633009	17:37:00	Pedestrian	1	NA	FALSE	FALSE	1	361 RESERVOIR AVE	PONTIAC AVE	2017-10-10	Unknown	Dry	Dawn	Clear	Not a Collision Between Two Motor Vehicles in Transport	No	No Controls	2	1	Pain Reported	NA	41.78767	-71.43147	TRUE	FALSE	361 Reservoir Ave, Providence, RI, USA	High	Geocoded	distance greater than 100m	TRUE	41.7885339	-71.4330063	2017	October
1512	2017-10-11	633322	06:24:00	Pedestrian	2	NA	FALSE	FALSE	1	731 Eddy St	EUDORA ST	2017-10-11	Two-Way, Divided, Unprotected (painted>4feet) Medium	Dry	Daylight	Clear	Not a Collision Between Two Motor Vehicles in Transport	No	No Controls	3	2	Pain Reported	NA	41.80791	-71.40724	TRUE	FALSE	731 Eddy Street, Providence, RI, USA	High	Raw	NA	FALSE	41.80791	-71.40724	2017	October
1513	2017-10-11	633703	16:05:00	Bicycle	NA	1	FALSE	FALSE	1	COLLEGE RD	6TH AVE	2017-10-11	Two-Way , Not Divided	Dry	Daylight	Clear	Not a Collision Between Two Motor Vehicles in Transport	No	No Controls	3	1	Non-Incapacitating	NA	41.84066	-71.46723	FALSE	FALSE	College Rd and 6th Ave, Providence, RI, USA	Med	Raw	raw coords fall outside of city boundary	TRUE	41.84066	-71.46723	2017	October
1514	2017-10-11	633739	16:01:00	Pedestrian	1	NA	FALSE	FALSE	1	MATHEWSON ST	WESTMINSTER ST	2017-10-11	One-Way Trafficway	Dry	Daylight	Clear	Not a Collision Between Two Motor Vehicles in Transport	No	No Controls	3	1	Incapacitating	NA	41.82211	-71.41356	FALSE	FALSE	Mathewson Street and Westminster Street, Providence, RI, USA	Med High	Raw	NA	FALSE	41.82211	-71.41356	2017	October
1509	2017-10-12	633885	08:53:00	Bicycle	NA	1	FALSE	FALSE	1	85 WATERMAN STREET	BROWN ST	2017-10-12	One-Way Trafficway	Dry	Daylight	Clear	Other	No	No Controls	2	1	Pain Reported	1	41.82699	-71.403809999999993	TRUE	FALSE	85 Waterman Street, Providence, RI, USA	High	Geocoded	distance greater than 100m	TRUE	41.8269146	-71.4019165	2017	October
1510	2017-10-12	633890	09:16:00	Other	NA	NA	FALSE	TRUE	2	NAHANT ST	OPPER ST	2017-10-12	Two-Way , Not Divided	Dry	Daylight	Clear	Other	No	No Controls	5	0	No Injury	NA	41.85297	-71.42179	FALSE	FALSE	Nahant Street and Opper Street, Providence, RI, USA	Med High	Raw	NA	FALSE	41.85297	-71.42179	2017	October
1511	2017-10-12	634017	14:29:00	Pedestrian	1	NA	FALSE	FALSE	1	Broad street	CLAVERICK ST	2017-10-12	Two-Way , Not Divided	Dry	Daylight	Clear	Other	No	No Controls	2	1	Pain Reported	NA	41.81939	-71.41492	FALSE	FALSE	Broad Street and Claverick Street, Providence, RI, USA	Med	Raw	NA	FALSE	41.81939	-71.41492	2017	October
1508	2017-10-13	634351	09:15:00	Bicycle	NA	1	FALSE	FALSE	1	BROADWAY	GREENMAN LN	2017-10-13	Two-Way , Not Divided	Dry	Daylight	Clear	Not a Collision Between Two Motor Vehicles in Transport	No	Traffic Control Signal	4	1	Pain Reported	NA	41.82232	-71.41867	FALSE	FALSE	Broadway and Greenman Ln, Providence, RI, USA	Med	Raw	distance greater than 100m	TRUE	41.82232	-71.41867	2017	October
1507	2017-10-14	635728	18:56:00	Pedestrian	1	NA	FALSE	FALSE	1	16 GROVER ST	LONGO ST	2017-10-14	Two-Way , Not Divided	Dry	Dark - Lighted	Clear	Not a Collision Between Two Motor Vehicles in Transport	Yes	No Controls	1	1	Pain Reported	NA	41.81631	-71.45716	TRUE	FALSE	16 Grover Street, Providence, RI, USA	High	Raw	NA	FALSE	41.81631	-71.45716	2017	October
1506	2017-10-19	637754	18:27:00	Pedestrian	1	NA	FALSE	FALSE	1	CANAL ST	PARK ROW	2017-10-19	One-Way Trafficway	Dry	Dark - Lighted	Clear	Not a Collision Between Two Motor Vehicles in Transport	No	No Controls	3	1	Pain Reported	NA	41.82862	-71.41074	FALSE	FALSE	Canal Street and Park Row, Providence, RI, USA	Med	Raw	NA	FALSE	41.82862	-71.41074	2017	October
1505	2017-10-20	638374	15:38:00	Pedestrian	1	NA	FALSE	FALSE	1	CHALKSTONE AVENUE	ACADEMY AVENUE	2017-10-20	Two-Way , Not Divided	Dry	Daylight	Clear	Not a Collision Between Two Motor Vehicles in Transport	Yes	Traffic Control Signal	2	1	Incapacitating	2	41.814	-71.44182	FALSE	FALSE	Chalkstone Avenue and Academy Avenue, Providence, RI, USA	Med High	Geocoded	distance greater than 100m	TRUE	41.8324538	-71.4445249	2017	October
1503	2017-10-21	638752	10:50:00	Pedestrian	1	NA	FALSE	FALSE	1	MEMORIAL BLVD	EXCHANGE ST	2017-10-21	Two-Way, Divided, Unprotected (painted>4feet) Medium	Dry	Daylight	Clear	Sideswipe, Same Direction	Yes	No Controls	1	1	Non-Incapacitating	NA	41.8268	-71.41207	FALSE	FALSE	Memorial Blvd and Exchange Street, Providence, RI, USA	Med High	Raw	NA	FALSE	41.8268	-71.41207	2017	October
1504	2017-10-21	638806	14:11:00	Bicycle	NA	1	FALSE	FALSE	1	CHALKSTONE AVE	RIVER AVE	2017-10-21	Two-Way , Not Divided	Dry	Daylight	Clear	Not a Collision Between Two Motor Vehicles in Transport	No	Traffic Control Signal	5	1	Non-Incapacitating	NA	41.83258	-71.43854	FALSE	FALSE	Chalkstone Ave and River Ave, Providence, RI, USA	Med High	Raw	NA	FALSE	41.83258	-71.43854	2017	October
1502	2017-10-22	639068	13:00:00	Pedestrian	1	NA	FALSE	FALSE	1	Page St	WEYBOSSET ST	2017-10-22	One-Way Trafficway	Dry	Daylight	Clear	Not a Collision Between Two Motor Vehicles in Transport	No	No Controls	2	1	Incapacitating	NA	41.8215	-71.41218	FALSE	FALSE	Page Street and Weybosset Street, Providence, RI, USA	Med	Raw	NA	FALSE	41.8215	-71.41218	2017	October
1500	2017-10-23	639390	11:23:00	Bicycle	NA	1	FALSE	FALSE	1	LIBRARY CT	WESTMINSTER ST	2017-10-23	Two-Way , Not Divided	Dry	Daylight	Clear	Not a Collision Between Two Motor Vehicles in Transport	No	Traffic Control Signal	3	0	No Injury	NA	41.81675	-71.44355	FALSE	FALSE	Library Ct and Westminster Street, Providence, RI, USA	Med High	Raw	NA	FALSE	41.81675	-71.44355	2017	October
1501	2017-10-23	639744	23:30:00	Pedestrian	1	NA	FALSE	FALSE	1	343 broad st.	BROAD ST	2017-10-24	Unknown	Dry	Dark - Lighted	Cloudy	Not a Collision Between Two Motor Vehicles in Transport	No	No Controls	3	1	Pain Reported	NA	41.81345	-71.42175	TRUE	FALSE	343 Broad St., Providence, RI, USA	High	Raw	NA	FALSE	41.81345	-71.42175	2017	October
1497	2017-10-24	639765	00:50:00	Bicycle	NA	1	FALSE	FALSE	1	LAUREL HILL AVE	PLAINFIELD ST	2017-10-24	Two-Way, Divided, Unprotected (painted>4feet) Medium	Dry	Dark - Lighted	Clear	Not a Collision Between Two Motor Vehicles in Transport	No	Traffic Control Signal	3	1	Pain Reported	NA	41.81321	-71.45542	FALSE	FALSE	Laurel Hill Ave and Plainfield Street, Providence, RI, USA	Med High	Raw	NA	FALSE	41.81321	-71.45542	2017	October
1498	2017-10-24	639820	07:07:00	Pedestrian	1	NA	FALSE	FALSE	1	CRANSTON ST	POTTERS AVE	2017-10-24	Two-Way , Not Divided	Wet	Daylight	Rain	Not a Collision Between Two Motor Vehicles in Transport	No	Pavement Markings	2	1	Pain Reported	NA	41.80511	-71.43769	FALSE	FALSE	Cranston Street and Potters Ave, Providence, RI, USA	Med High	Raw	NA	FALSE	41.80511	-71.43769	2017	October
1499	2017-10-24	639942	07:09:00	Pedestrian	1	NA	FALSE	FALSE	1	200 HAWKINS ST	BRANCH AVE	2017-10-24	Two-Way , Not Divided	Wet	Daylight	Rain	Not a Collision Between Two Motor Vehicles in Transport	No	No Controls	4	1	Pain Reported	NA	41.85061	-71.4223	TRUE	FALSE	200 Hawkins Street, Providence, RI, USA	High	Raw	NA	FALSE	41.85061	-71.4223	2017	October
1496	2017-10-27	641593	15:24:00	Bicycle	NA	1	FALSE	FALSE	1	Blackstone Blvd	Irving Ave	2017-10-27	One-Way Trafficway	Dry	Daylight	Clear	Angle (Front - to - Side) Right Angle (Includes Broadside)	No	No Controls	2	0	No Injury	NA	41.83413	-71.38423	FALSE	FALSE	Blackstone Blvd and Irving Ave, Providence, RI, USA	Med High	Raw	NA	FALSE	41.83413	-71.38423	2017	October
1495	2017-10-28	642293	21:06:00	Pedestrian	1	NA	FALSE	FALSE	1	WASHINGTON ST	EMPIRE ST	2017-10-28	Two-Way , Not Divided	Dry	Dark - Lighted	Clear	Not a Collision Between Two Motor Vehicles in Transport	No	No Controls	2	1	Pain Reported	NA	41.82182	-71.41645	FALSE	FALSE	Washington Street and Empire Street, Providence, RI, USA	Med	Raw	NA	FALSE	41.82182	-71.41645	2017	October
1492	2017-10-29	642622	03:25:00	Pedestrian	1	NA	FALSE	FALSE	1	FRIENDSHIP ST	RICHMOND ST	2017-10-29	Two-Way , Not Divided	Dry	Dark - Lighted	Clear	Not a Collision Between Two Motor Vehicles in Transport	Yes	No Controls	1	1	Non-Incapacitating	NA	41.82051	-71.41087	FALSE	FALSE	Friendship Street and Richmond Street, Providence, RI, USA	Med High	Raw	NA	FALSE	41.82051	-71.41087	2017	October
1493	2017-10-29	642799	18:46:00	Pedestrian	1	NA	FALSE	FALSE	1	BURNS ST	MANILA ST	2017-10-29	One-Way Trafficway	Wet	Dark - Lighted	Rain	Not a Collision Between Two Motor Vehicles in Transport	Yes	No Controls	2	1	Pain Reported	NA	41.85385	-71.44526	FALSE	FALSE	Burns Street and Manila Street, Providence, RI, USA	Med High	Raw	NA	FALSE	41.85385	-71.44526	2017	October
1494	2017-10-29	642847	18:54:00	Pedestrian	1	NA	FALSE	FALSE	1	WASHINGTON ST	CANAL ST	2017-10-29	One-Way Trafficway	Wet	Dark - Not Lighted	Rain	Not a Collision Between Two Motor Vehicles in Transport	No	Stop Signs	2	1	Pain Reported	NA	41.82673	-71.40939	FALSE	FALSE	Washington Street and Canal Street, Providence, RI, USA	Med	Raw	distance greater than 100m	TRUE	41.82673	-71.40939	2017	October
1490	2017-10-30	643195	14:40:00	Pedestrian	1	NA	FALSE	FALSE	1	MEMORIAL BLVD	STEEPLE ST	2017-10-30	Two-Way, Divided, Positive Median Barrier	Dry	Daylight	Cloudy	Not a Collision Between Two Motor Vehicles in Transport	No	Traffic Control Signal	4	1	Pain Reported	4	41.82677	-71.41063	FALSE	FALSE	Memorial Blvd and Steeple Street, Providence, RI, USA	Med	Raw	distance greater than 100m	TRUE	41.82677	-71.41063	2017	October
1491	2017-10-30	643270	16:05:00	Pedestrian	1	NA	FALSE	FALSE	1	SOUTH MAIN ST	COLLEGE ST	2017-10-30	One-Way Trafficway	Dry	Daylight	Cloudy	Not a Collision Between Two Motor Vehicles in Transport	No	Traffic Control Signal	3	1	Pain Reported	2	41.82564	-71.40785	FALSE	FALSE	South Main Street and College Street, Providence, RI, USA	Med High	Raw	NA	FALSE	41.82564	-71.40785	2017	October
1489	2017-11-01	644402	22:08:00	Pedestrian	1	NA	FALSE	FALSE	1	STEEPLE ST	N MAIN ST	2017-11-02	One-Way Trafficway	Dry	Daylight	Clear	Other	No	Traffic Control Signal	3	1	Pain Reported	NA	41.82748	-71.40909	FALSE	FALSE	Steeple Street and N Main Street, Providence, RI, USA	Med	Raw	NA	FALSE	41.82748	-71.40909	2017	November
1487	2017-11-02	644574	15:20:00	Pedestrian	1	NA	FALSE	FALSE	1	DORRANCE ST	WEYBOSSET ST	2017-11-02	Two-Way , Not Divided	Dry	Daylight	Clear	Not a Collision Between Two Motor Vehicles in Transport	No	Traffic Control Signal	3	1	Incapacitating	NA	41.82308	-71.411	FALSE	FALSE	Dorrance Street and Weybosset Street, Providence, RI, USA	Med High	Raw	NA	FALSE	41.82308	-71.411	2017	November
1488	2017-11-02	646088	21:52:00	Pedestrian	1	NA	FALSE	FALSE	1	CHALKSTONE AVENUE	GROVESNOR STREET	2017-11-06	Two-Way , Not Divided	Dry	Dark - Lighted	Clear	Not a Collision Between Two Motor Vehicles in Transport	No	No Controls	5	1	Pain Reported	NA	41.82529	-71.42985	FALSE	FALSE	Chalkstone Avenue and Grovesnor Street, Providence, RI, USA	Med High	Geocoded	distance greater than 100m	TRUE	41.8323976	-71.439537	2017	November
1486	2017-11-03	645203	06:34:00	Bicycle	NA	1	FALSE	FALSE	1	CRANSTON ST	WAVERLY ST	2017-11-03	Two-Way , Not Divided	Dry	Dark - Lighted	Clear	Not a Collision Between Two Motor Vehicles in Transport	No	No Controls	2	1	Pain Reported	NA	41.80832	-71.43454	FALSE	FALSE	Cranston Street and Waverly Street, Providence, RI, USA	Med High	Raw	NA	FALSE	41.80832	-71.43454	2017	November
1485	2017-11-04	645669	19:49:00	Bicycle	NA	1	FALSE	FALSE	1	GREENWICH ST	BUCKLIN ST	2017-11-04	Two-Way , Not Divided	Dry	Dark - Lighted	Clear	Not a Collision Between Two Motor Vehicles in Transport	Yes	Stop Signs	1	1	Pain Reported	NA	41.80232	-71.42765	FALSE	FALSE	Greenwich Street and Bucklin Street, Providence, RI, USA	Med High	Raw	NA	FALSE	41.80232	-71.42765	2017	November
1483	2017-11-05	645773	13:03:00	Bicycle	NA	1	FALSE	FALSE	1	1303 NORTH MAIN ST	N MAIN ST	2017-11-05	One-Way Trafficway	Dry	Daylight	Clear	Other	No	No Controls	3	0	No Injury	2	41.85581	-71.39988	TRUE	FALSE	1303 North Main Street, Providence, RI, USA	High	Raw	NA	FALSE	41.85581	-71.39988	2017	November
1484	2017-11-05	645785	13:19:00	Pedestrian	1	NA	FALSE	FALSE	1	51 SILVER SPRING ST	NA	2017-11-05	Unknown	Dry	Daylight	Cloudy	Not a Collision Between Two Motor Vehicles in Transport	Yes	No Controls	3	1	Pain Reported	NA	41.84572	-71.41748	TRUE	TRUE	51 Silver Spring Street, Providence, RI, USA	High	Raw	NA	FALSE	41.84572	-71.41748	2017	November
1481	2017-11-07	646566	08:35:00	Pedestrian	1	NA	FALSE	FALSE	1	MORRIS AVE	ROCHAMBEAU AVE	2017-11-07	Two-Way , Not Divided	Dry	Daylight	Clear	Not a Collision Between Two Motor Vehicles in Transport	No	No Controls	2	1	Pain Reported	2	41.84697	-71.39476	FALSE	FALSE	Morris Ave and Rochambeau Ave, Providence, RI, USA	Med High	Raw	NA	FALSE	41.84697	-71.39476	2017	November
1482	2017-11-07	646808	22:29:00	Bicycle	NA	1	FALSE	FALSE	1	Francis St	MEMORIAL BLVD	2017-11-08	Two-Way , Not Divided	Wet	Dark - Lighted	Rain	Not a Collision Between Two Motor Vehicles in Transport	No	Traffic Control Signal	3	1	Pain Reported	NA	41.82594	-71.41537	FALSE	FALSE	Francis Street and Memorial Blvd, Providence, RI, USA	Med	Raw	NA	FALSE	41.82594	-71.41537	2017	November
1480	2017-11-11	649024	18:49:00	Pedestrian	1	NA	FALSE	FALSE	1	16 opper st	MONTICELLO ST	2017-11-11	Two-Way , Not Divided	Dry	Dark - Lighted	Clear	Not a Collision Between Two Motor Vehicles in Transport	No	No Controls	2	1	Pain Reported	NA	41.85211	-71.42308	TRUE	FALSE	16 Opper Street, Providence, RI, USA	High	Raw	NA	FALSE	41.85211	-71.42308	2017	November
1479	2017-11-13	650063	18:42:00	Pedestrian	1	NA	FALSE	FALSE	1	RIVER AVE	DOUGLAS AVE	2017-11-13	Two-Way, Divided, Unprotected (painted>4feet) Medium	Wet	Dark - Lighted	Rain	Not a Collision Between Two Motor Vehicles in Transport	No	No Controls	2	1	Incapacitating	NA	41.85272	-71.43718	FALSE	FALSE	River Ave and Douglas Ave, Providence, RI, USA	Med High	Raw	NA	FALSE	41.85272	-71.43718	2017	November
1475	2017-11-15	650857	07:54:00	Pedestrian	1	NA	FALSE	FALSE	1	ROSEBANK AVE	NA	2017-11-15	Two-Way , Not Divided	Dry	Daylight	Clear	Not a Collision Between Two Motor Vehicles in Transport	No	No Controls	4	1	Pain Reported	2	41.83508	-71.43374	FALSE	TRUE	Rosebank Ave, Providence, RI, USA	Inaccurate	Raw	NA	FALSE	41.83508	-71.43374	2017	November
1476	2017-11-15	651118	13:51:00	Bicycle	NA	1	FALSE	FALSE	1	PARK ST	ORMS ST	2017-11-15	Two-Way , Not Divided	Dry	Daylight	Clear	Not a Collision Between Two Motor Vehicles in Transport	Yes	No Controls	2	1	Pain Reported	NA	41.83474	-71.41541	FALSE	FALSE	Park Street and Orms Street, Providence, RI, USA	Med	Raw	NA	FALSE	41.83474	-71.41541	2017	November
1477	2017-11-15	651263	18:54:00	Pedestrian	1	NA	FALSE	FALSE	1	WASHINGTON ST	UNION ST	2017-11-15	Two-Way , Not Divided	Dry	Dark - Lighted	Clear	Not a Collision Between Two Motor Vehicles in Transport	No	Traffic Control Signal	3	0	No Injury	NA	41.8236	-71.414	FALSE	FALSE	Washington Street and Union Street, Providence, RI, USA	Med	Raw	NA	FALSE	41.8236	-71.414	2017	November
1478	2017-11-15	651290	17:36:00	Pedestrian	1	NA	FALSE	FALSE	1	California Ave	VIRGINIA AVE	2017-11-15	Two-Way , Not Divided	Dry	Dark - Lighted	Clear	Not a Collision Between Two Motor Vehicles in Transport	Yes	Stop Signs	1	1	Pain Reported	NA	41.78876	-71.39916	FALSE	FALSE	California Ave and Virginia Ave, Providence, RI, USA	Med High	Raw	NA	FALSE	41.78876	-71.39916	2017	November
1472	2017-11-16	651426	09:41:00	Pedestrian	1	NA	FALSE	FALSE	1	DEAN ST	WASHINGTON ST	2017-11-16	Two-Way , Not Divided	Wet	Daylight	Rain	Not a Collision Between Two Motor Vehicles in Transport	Yes	Stop Signs	2	1	Pain Reported	NA	41.81905	-71.42073	FALSE	FALSE	Dean Street and Washington Street, Providence, RI, USA	Med	Raw	NA	FALSE	41.81905	-71.42073	2017	November
1473	2017-11-16	651788	17:31:00	Pedestrian	1	NA	FALSE	FALSE	1	BLACKSTONE ST	CULVER ST	2017-11-16	Two-Way , Not Divided	Wet	Dark - Lighted	Cloudy	Other	No	Stop Signs	3	1	Pain Reported	NA	41.80993	-71.4085	FALSE	FALSE	Blackstone Street and Culver Street, Providence, RI, USA	Med High	Raw	NA	FALSE	41.80993	-71.4085	2017	November
1474	2017-11-16	651847	18:16:00	Pedestrian	1	NA	FALSE	FALSE	1	KILLINGLY ST	KILLINGLY ST	2017-11-16	Two-Way , Not Divided	Wet	Dark - Not Lighted	Rain	Not a Collision Between Two Motor Vehicles in Transport	No	No Controls	3	1	Pain Reported	NA	41.82105	-71.46963	FALSE	FALSE	Killingly Street and Killingly Street, Providence, RI, USA	Med	Raw	NA	FALSE	41.82105	-71.46963	2017	November
1471	2017-11-17	652202	17:33:00	Pedestrian	1	NA	FALSE	FALSE	1	1 West EXCHANGE Street	SABIN ST	2017-11-17	Two-Way , Not Divided	Dry	Dark - Lighted	Clear	Other	No	No Controls	4	1	Pain Reported	NA	41.8249	-71.41515	TRUE	FALSE	1 West Exchange Street, Providence, RI, USA	High	Raw	NA	FALSE	41.8249	-71.41515	2017	November
1470	2017-11-19	652682	14:29:00	Pedestrian	1	NA	FALSE	FALSE	1	DOUGLAS AVE	VANDEWATER ST	2017-11-19	Two-Way, Divided, Unprotected (painted>4feet) Medium	Dry	Daylight	Cloudy	Not a Collision Between Two Motor Vehicles in Transport	Yes	No Controls	1	1	Non-Incapacitating	2	41.84992	-71.43346	FALSE	FALSE	Douglas Ave and Vandewater Street, Providence, RI, USA	Med High	Raw	NA	FALSE	41.84992	-71.43346	2017	November
1469	2017-11-21	653420	11:56:00	Pedestrian	1	NA	FALSE	FALSE	1	VEAZIE ST	BRANCH AVE	2017-11-21	Two-Way , Not Divided	Dry	Daylight	Clear	Not a Collision Between Two Motor Vehicles in Transport	No	Traffic Control Signal	3	1	Pain Reported	NA	41.85472	-71.43468	FALSE	FALSE	Veazie Street and Branch Ave, Providence, RI, USA	Med High	Raw	NA	FALSE	41.85472	-71.43468	2017	November
1465	2017-11-22	654091	18:36:00	Pedestrian	1	NA	FALSE	FALSE	1	WASHINGTON ST	UNION ST	2017-11-22	One-Way Trafficway	Wet	Daylight	Rain	Angle (Front - to - Side) Right Angle (Includes Broadside)	Yes	Traffic Control Signal	1	1	Pain Reported	NA	41.8236	-71.414	FALSE	FALSE	Washington Street and Union Street, Providence, RI, USA	Med	Raw	NA	FALSE	41.8236	-71.414	2017	November
1466	2017-11-22	654095	18:41:00	Pedestrian	1	NA	FALSE	FALSE	1	FOUNTAIN ST	FRANCIS ST	2017-11-22	Two-Way , Not Divided	Wet	Dark - Lighted	Cloudy	Not a Collision Between Two Motor Vehicles in Transport	No	Traffic Control Signal	3	1	Pain Reported	NA	41.82498	-71.41474	FALSE	FALSE	Fountain Street and Francis Street, Providence, RI, USA	Med	Raw	distance greater than 100m	TRUE	41.82498	-71.41474	2017	November
1467	2017-11-22	654444	19:41:00	Pedestrian	1	NA	FALSE	FALSE	1	306 Cranston St	HARRISON ST	2017-11-22	Two-Way, Divided, Unprotected (painted>4feet) Medium	Dry	Dark - Lighted	Clear	Not a Collision Between Two Motor Vehicles in Transport	No	No Controls	2	1	Pain Reported	NA	41.81285	-71.4291	TRUE	FALSE	306 Cranston Street, Providence, RI, USA	High	Raw	NA	FALSE	41.81285	-71.4291	2017	November
1468	2017-11-22	654463	21:29:00	Bicycle	NA	1	FALSE	FALSE	1	Broadway	AMERICA ST	2017-11-22	Two-Way , Not Divided	Dry	Dark - Lighted	Clear	Unknown	Yes	No Controls	3	1	Incapacitating	NA	41.82041	-71.42678	FALSE	FALSE	Broadway and America Street, Providence, RI, USA	Med	Raw	NA	FALSE	41.82041	-71.42678	2017	November
1463	2017-11-27	656545	11:25:00	Bicycle	NA	1	FALSE	FALSE	1	WASHINGTON ST	EMPIRE ST	2017-11-27	Two-Way, Divided, Unprotected (painted>4feet) Medium	Dry	Daylight	Clear	Rear End(Front-to-Rear)	No	No Controls	3	1	Pain Reported	NA	41.82198	-71.41624	FALSE	FALSE	Washington Street and Empire Street, Providence, RI, USA	Med	Raw	NA	FALSE	41.82198	-71.41624	2017	November
1464	2017-11-27	656989	19:35:00	Pedestrian	1	NA	FALSE	FALSE	1	AMERICAN EXPRESS PLZ	FRANCIS ST	2017-11-27	Two-Way , Not Divided	Dry	Dark - Lighted	Clear	Not a Collision Between Two Motor Vehicles in Transport	Yes	Traffic Control Signal	1	1	Pain Reported	NA	41.82744	-71.41526	FALSE	FALSE	American Express Plz and Francis Street, Providence, RI, USA	Med	Raw	distance greater than 100m	TRUE	41.82744	-71.41526	2017	November
1462	2017-11-28	657194	08:57:00	Pedestrian	1	NA	FALSE	FALSE	1	POTTERS AVE	CRANSTON ST	2017-11-28	Two-Way , Not Divided	Dry	Daylight	Clear	Head-On (Front - to - Front)	No	No Controls	3	1	Pain Reported	2	41.80497	-71.43756	FALSE	FALSE	Potters Ave and Cranston Street, Providence, RI, USA	Med High	Raw	NA	FALSE	41.80497	-71.43756	2017	November
1460	2017-11-29	657979	14:17:00	Pedestrian	1	NA	FALSE	FALSE	1	BROAD ST	SERVICE ROAD 7	2017-11-29	Two-Way , Not Divided	Dry	Daylight	Clear	Not a Collision Between Two Motor Vehicles in Transport	No	No Controls	2	1	Pain Reported	NA	41.81733	-71.41703	FALSE	FALSE	Broad Street and Service Road 7, Providence, RI, USA	Med	Raw	NA	FALSE	41.81733	-71.41703	2017	November
1461	2017-11-29	658133	18:37:00	Pedestrian	1	NA	FALSE	FALSE	1	HAWKINS ST	SALINA ST	2017-11-29	Two-Way , Not Divided	Dry	Dark - Lighted	Cloudy	Unknown	Yes	Stop Signs	1	1	Pain Reported	NA	41.84829	-71.4261	FALSE	FALSE	Hawkins Street and Salina Street, Providence, RI, USA	Med High	Raw	NA	FALSE	41.84829	-71.4261	2017	November
1459	2017-11-30	658619	11:10:00	Pedestrian	1	NA	FALSE	FALSE	1	EMPIRE ST	BROAD ST	2017-11-30	Two-Way , Not Divided	Dry	Daylight	Clear	Not a Collision Between Two Motor Vehicles in Transport	No	Pavement Markings	3	1	Pain Reported	NA	41.82013	-71.41441	FALSE	FALSE	Empire Street and Broad Street, Providence, RI, USA	Med High	Raw	NA	FALSE	41.82013	-71.41441	2017	November
1458	2017-12-02	659779	20:00:00	Pedestrian	1	NA	FALSE	FALSE	1	FRUIT HILL AVE	HUBER AVE	2017-12-02	Two-Way, Divided, Unprotected (painted>4feet) Medium	Dry	Dark - Lighted	Clear	Not a Collision Between Two Motor Vehicles in Transport	Yes	No Controls	2	1	Pain Reported	2	41.83569	-71.4684	FALSE	FALSE	Fruit Hill Ave and Huber Ave, Providence, RI, USA	Med High	Raw	distance greater than 100m	TRUE	41.83569	-71.4684	2017	December