row_number	crash_date	crash_report_id	crash_time	collision_type	count_pedestrian	count_bicycle	scooter	wheel_chair	number_of_vehicles	street_or_highway	nearest_intersection	report_date	type_of_roadway	road_surface_condition	light_condition	weather_condition	manner_of_impact	hit_and_run	traffic_control	person_count	injury_count	most_serious_injury	number_of_lanes	lat_raw	lon_raw	has_st_number	is_intersection_null	address_sent_to_geocoder	api_coord_conf	best_coordinate_set	reason_for_qa	manually_qaed_record	final_lat	final_lon	year	month
1330	2018-05-22	731369	12:11:00	Pedestrian	1	NA	FALSE	FALSE	1	WHITE ST	10TH ST	2018-05-22	Two-Way , Not Divided	Dry	Daylight	Clear	Not a Collision Between Two Motor Vehicles in Transport	No	Traffic Control Signal	3	1	Pain Reported	NA	41.85546	-71.40009	FALSE	FALSE	White Street and 10th Street, Providence, RI, USA	Med	Raw	NA	FALSE	41.85546	-71.40009	2018	May
1331	2018-05-22	731402	15:19:00	Pedestrian	2	NA	FALSE	FALSE	1	WICKENDEN ST	SOUTH MAIN ST	2018-05-22	Two-Way, Divided, Positive Median Barrier	Dry	Daylight	Clear	Not a Collision Between Two Motor Vehicles in Transport	No	Traffic Control Signal	4	2	Pain Reported	4	41.81905	-71.4009	FALSE	FALSE	Wickenden Street and South Main Street, Providence, RI, USA	Med High	Raw	NA	FALSE	41.81905	-71.4009	2018	May
1332	2018-05-22	731611	18:33:00	Pedestrian	1	NA	FALSE	FALSE	1	KENNEDY PLZ	ARCADE ST	2018-05-22	One-Way Trafficway	Wet	Daylight	Clear	Head-On (Front - to - Front)	Yes	No Controls	1	1	Pain Reported	NA	41.82451	-71.41186	FALSE	FALSE	Kennedy Plz and Arcade Street, Providence, RI, USA	Med High	Raw	NA	FALSE	41.82451	-71.41186	2018	May
1329	2018-05-23	731739	12:48:00	Pedestrian	1	NA	FALSE	FALSE	1	RESERVOIR AVE	ELMWOOD AVE	2018-05-23	Two-Way , Not Divided	Dry	Daylight	Clear	Not a Collision Between Two Motor Vehicles in Transport	Yes	No Controls	1	1	Pain Reported	NA	41.7978	-71.4261	FALSE	FALSE	Reservoir Ave and Elmwood Ave, Providence, RI, USA	Med High	Raw	NA	FALSE	41.7978	-71.4261	2018	May
1328	2018-05-24	732683	18:13:00	Pedestrian	1	NA	FALSE	FALSE	1	ADELAIDE AVE	BROAD ST	2018-05-24	Two-Way, Divided, Unprotected (painted>4feet) Medium	Dry	Daylight	Clear	Not a Collision Between Two Motor Vehicles in Transport	No	Traffic Control Signal	3	1	Incapacitating	1	41.79885	-71.41547	FALSE	FALSE	Adelaide Ave and Broad Street, Providence, RI, USA	Med High	Raw	NA	FALSE	41.79885	-71.41547	2018	May
1327	2018-05-25	732689	01:00:00	Pedestrian	1	NA	FALSE	FALSE	1	WESTMINSTER ST	CAHIR ST	2018-05-25	Two-Way , Not Divided	Dry	Dark - Lighted	Clear	Not a Collision Between Two Motor Vehicles in Transport	Yes	Traffic Control Signal	1	1	Pain Reported	NA	41.81822	-71.42018	FALSE	FALSE	Westminster Street and Cahir Street, Providence, RI, USA	Med High	Raw	NA	FALSE	41.81822	-71.42018	2018	May
1324	2018-05-26	733061	15:35:00	Pedestrian	1	NA	FALSE	FALSE	1	VALLEY ST	ATWELLS AVE	2018-05-26	Two-Way , Not Divided	Dry	Daylight	Clear	Not a Collision Between Two Motor Vehicles in Transport	Yes	Traffic Control Signal	2	1	Pain Reported	NA	41.82469	-71.43945	FALSE	FALSE	Valley Street and Atwells Ave, Providence, RI, USA	Med High	Raw	NA	FALSE	41.82469	-71.43945	2018	May
1325	2018-05-26	733161	12:29:00	Bicycle	NA	1	FALSE	FALSE	1	387 CHARLES ST	EXIT  (RT )	2018-05-27	Two-Way , Not Divided	Dry	Daylight	Clear	Not a Collision Between Two Motor Vehicles in Transport	Yes	Traffic Control Signal	1	1	Pain Reported	NA	41.84224	-71.41786	TRUE	FALSE	387 Charles Street, Providence, RI, USA	High	Raw	distance greater than 100m	TRUE	41.84224	-71.41786	2018	May
1326	2018-05-26	733233	10:25:00	Pedestrian	2	NA	FALSE	FALSE	1	DEXTERDALE RD	CAMP ST	2018-05-28	Two-Way , Not Divided	Dry	Daylight	Cloudy	Other	Yes	No Controls	4	1	Pain Reported	NA	41.84786	-71.40251	FALSE	FALSE	Dexterdale Rd and Camp Street, Providence, RI, USA	Med High	Raw	distance greater than 100m	TRUE	41.84786	-71.40251	2018	May
1321	2018-05-28	733252	17:13:00	Pedestrian	3	NA	FALSE	FALSE	1	Pavilion Ave	PRAIRIE AVE	2018-05-28	Two-Way , Not Divided	Dry	Daylight	Clear	Not a Collision Between Two Motor Vehicles in Transport	No	No Controls	6	3	Non-Incapacitating	NA	41.79519	-71.41005	FALSE	FALSE	Pavilion Ave and Prairie Ave, Providence, RI, USA	Med High	Raw	NA	FALSE	41.79519	-71.41005	2018	May
1322	2018-05-28	733270	19:42:00	Bicycle	NA	1	FALSE	FALSE	1	SMITH ST	ORMS ST	2018-05-28	Two-Way , Not Divided	Dry	Dusk	Clear	Not a Collision Between Two Motor Vehicles in Transport	No	Traffic Control Signal	4	1	Non-Incapacitating	NA	41.83377	-71.42198	FALSE	FALSE	Smith Street and Orms Street, Providence, RI, USA	Med High	Raw	NA	FALSE	41.83377	-71.42198	2018	May
1323	2018-05-28	733290	23:09:00	Pedestrian	1	NA	FALSE	FALSE	1	WEST FRANKLIN STREET	FRIENDSHIP ST	2018-05-29	One-Way Trafficway	Dry	Dark - Lighted	Clear	Not a Collision Between Two Motor Vehicles in Transport	No	Traffic Control Signal	3	2	Incapacitating	NA	41.81638	-71.41587	FALSE	FALSE	West Franklin Street and Friendship Street, Providence, RI, USA	Med	Raw	NA	FALSE	41.81638	-71.41587	2018	May
1320	2018-05-30	733789	15:58:00	Pedestrian	1	NA	FALSE	FALSE	1	POINT ST	GLOBE ST	2018-05-30	Two-Way, Divided, Unprotected (painted>4feet) Medium	Dry	Daylight	Clear	Not a Collision Between Two Motor Vehicles in Transport	No	Stop Signs	2	0	No Injury	NA	41.81566	-71.4095	FALSE	FALSE	Point Street and Globe Street, Providence, RI, USA	Med	Raw	distance greater than 100m	TRUE	41.81566	-71.4095	2018	May
1319	2018-05-31	734588	15:57:00	Pedestrian	1	NA	FALSE	FALSE	1	135 Harris Avenue	135 Harris Avenue	2018-05-31	Two-Way, Divided, Positive Median Barrier	Dry	Daylight	Clear	Not a Collision Between Two Motor Vehicles in Transport	Yes	No Controls	2	1	Non-Incapacitating	2	41.82687	-71.42475	TRUE	FALSE	135 Harris Avenue, Providence, RI, USA	High	Raw	NA	FALSE	41.82687	-71.42475	2018	May
1318	2018-06-05	735788	19:48:00	Bicycle	NA	1	FALSE	FALSE	1	MANTON AVE	DELAINE ST	2018-06-05	Two-Way , Not Divided	Dry	Dark - Lighted	Cloudy	Not a Collision Between Two Motor Vehicles in Transport	Yes	Traffic Control Signal	1	1	Pain Reported	NA	41.81795	-71.44465	FALSE	FALSE	Manton Ave and Delaine Street, Providence, RI, USA	Med High	Raw	NA	FALSE	41.81795	-71.44465	2018	June
1316	2018-06-06	735975	18:00:00	Pedestrian	1	NA	FALSE	FALSE	1	BROOM ST	EDDY ST	2018-06-06	Two-Way, Not Divided With a Continuous Left Turn Lane	Dry	Daylight	Cloudy	Not a Collision Between Two Motor Vehicles in Transport	Yes	Stop Signs	2	1	Pain Reported	NA	41.79052	-71.40477	FALSE	FALSE	Broom Street and Eddy Street, Providence, RI, USA	Med High	Raw	distance greater than 100m	TRUE	41.79052	-71.40477	2018	June
1317	2018-06-06	735982	14:45:00	Pedestrian	1	NA	FALSE	FALSE	1	Dexter Street	WALDO ST	2018-06-06	Two-Way, Divided, Unprotected (painted>4feet) Medium	Dry	Daylight	Clear	Not a Collision Between Two Motor Vehicles in Transport	No	No Controls	4	1	Non-Incapacitating	1	41.80467	-71.4299	FALSE	FALSE	Dexter Street and Waldo Street, Providence, RI, USA	Med High	Raw	NA	FALSE	41.80467	-71.4299	2018	June
1315	2018-06-07	736163	23:36:00	Bicycle	NA	1	FALSE	FALSE	1	ELMWOOD AVE	BISSELL ST	2018-06-08	Two-Way, Divided, Unprotected (painted>4feet) Medium	Dry	Dark - Lighted	Clear	Angle - Direction Not Specified	No	No Controls	3	1	Pain Reported	4	41.77744	-71.42118	FALSE	FALSE	Elmwood Ave and Bissell Street, Providence, RI, USA	Med High	Raw	NA	FALSE	41.77744	-71.42118	2018	June
1314	2018-06-09	736288	08:45:00	Pedestrian	1	NA	FALSE	FALSE	1	195 EAST ON-RAMP	SOUTH MAIN ST	2018-06-09	One-Way Trafficway	Dry	Daylight	Clear	Not a Collision Between Two Motor Vehicles in Transport	No	Other	3	1	Pain Reported	NA	41.81686	-71.39849	TRUE	FALSE	195 East On-Ramp, Providence, RI, USA	High	Raw	distance greater than 100m	TRUE	41.81686	-71.39849	2018	June
1313	2018-06-10	736400	12:16:00	Pedestrian	1	NA	FALSE	FALSE	1	EDDY ST	BAY ST	2018-06-10	Two-Way , Not Divided	Dry	Daylight	Clear	Not a Collision Between Two Motor Vehicles in Transport	No	No Controls	5	1	Pain Reported	NA	41.8062	-71.40724	FALSE	FALSE	Eddy Street and Bay Street, Providence, RI, USA	Med High	Raw	NA	FALSE	41.8062	-71.40724	2018	June
1311	2018-06-13	737003	10:06:00	Pedestrian	1	NA	FALSE	FALSE	1	N MAIN ST	WASHINGTON PL	2018-06-13	One-Way Trafficway	Dry	Daylight	Cloudy	Not a Collision Between Two Motor Vehicles in Transport	No	Traffic Control Signal	2	1	Pain Reported	NA	41.82688	-71.4087	FALSE	FALSE	N Main Street and Washington Pl, Providence, RI, USA	Med	Raw	NA	FALSE	41.82688	-71.4087	2018	June
1312	2018-06-13	737021	14:18:00	Bicycle	NA	1	FALSE	FALSE	1	Broad St	BROAD ST	2018-06-13	Two-Way , Not Divided	Wet	Daylight	Clear	Not a Collision Between Two Motor Vehicles in Transport	No	No Controls	3	1	Pain Reported	NA	41.80158	-71.41841	FALSE	FALSE	Broad Street and Broad Street, Providence, RI, USA	Med	Raw	distance greater than 100m	TRUE	41.80158	-71.41841	2018	June
1308	2018-06-14	737096	00:24:00	Pedestrian	1	NA	FALSE	FALSE	1	SMITH ST	YOUNG AVE	2018-06-14	Two-Way , Not Divided	Dry	Dark - Lighted	Clear	Other	No	No Controls	4	2	Incapacitating	2	41.83575	-71.42697	FALSE	FALSE	Smith Street and Young Ave, Providence, RI, USA	Med	Raw	NA	FALSE	41.83575	-71.42697	2018	June
1309	2018-06-14	737147	17:04:00	Bicycle	NA	1	FALSE	FALSE	1	salmon st	MANTON AVE	2018-06-14	Two-Way , Not Divided	Dry	Daylight	Clear	Not a Collision Between Two Motor Vehicles in Transport	No	Stop Signs	2	1	Pain Reported	NA	41.82509	-71.45394	FALSE	FALSE	Salmon Street and Manton Ave, Providence, RI, USA	Med High	Raw	NA	FALSE	41.82509	-71.45394	2018	June
1310	2018-06-14	737157	22:57:00	Bicycle	NA	1	FALSE	FALSE	1	WESTMINSTER ST	CAHIR ST	2018-06-14	Two-Way , Not Divided	Dry	Dark - Lighted	Clear	Not a Collision Between Two Motor Vehicles in Transport	No	Traffic Control Signal	2	0	No Injury	NA	41.81822	-71.42018	FALSE	FALSE	Westminster Street and Cahir Street, Providence, RI, USA	Med High	Raw	NA	FALSE	41.81822	-71.42018	2018	June
1307	2018-06-16	737250	11:51:00	Bicycle	NA	1	FALSE	FALSE	1	HOPE ST	OVERHILL RD	2018-06-16	Two-Way , Not Divided	Dry	Daylight	Clear	Not a Collision Between Two Motor Vehicles in Transport	No	No Controls	2	1	Pain Reported	NA	41.8512	-71.39396	FALSE	FALSE	Hope Street and Overhill Rd, Providence, RI, USA	Med High	Raw	NA	FALSE	41.8512	-71.39396	2018	June
1306	2018-06-17	737391	16:46:00	Pedestrian	1	NA	FALSE	FALSE	1	Orms St	CANDACE ST	2018-06-17	Two-Way , Not Divided	Dry	Daylight	Clear	Not a Collision Between Two Motor Vehicles in Transport	No	Traffic Control Signal	5	1	Pain Reported	NA	41.83378	-71.42189	FALSE	FALSE	Orms Street and Candace Street, Providence, RI, USA	Med High	Raw	NA	FALSE	41.83378	-71.42189	2018	June
1305	2018-06-18	737515	14:59:00	Bicycle	NA	1	FALSE	FALSE	1	Washington Street	Snow Street	2018-06-18	Two-Way, Divided, Unprotected (painted>4feet) Medium	Dry	Daylight	Clear	Not a Collision Between Two Motor Vehicles in Transport	No	Stop Signs	3	1	Non-Incapacitating	1	41.82252	-71.4155	FALSE	FALSE	Washington Street and Snow Street, Providence, RI, USA	Med High	Raw	NA	FALSE	41.82252	-71.4155	2018	June
1304	2018-06-19	737593	17:27:00	Bicycle	NA	1	FALSE	FALSE	1	Lowell Avenue	Nye Street	2018-06-19	Two-Way, Divided, Unprotected (painted>4feet) Medium	Dry	Daylight	Clear	Not a Collision Between Two Motor Vehicles in Transport	Yes	No Controls	1	1	Non-Incapacitating	1	41.81703	-71.46038	FALSE	FALSE	Lowell Avenue and Nye Street, Providence, RI, USA	Med High	Raw	NA	FALSE	41.81703	-71.46038	2018	June
1303	2018-06-20	737684	17:27:00	Bicycle	NA	1	FALSE	FALSE	1	Wood St	ELLERY ST	2018-06-20	Two-Way , Not Divided	Dry	Daylight	Clear	Not a Collision Between Two Motor Vehicles in Transport	No	No Controls	3	1	Non-Incapacitating	NA	41.81257	-71.43793	FALSE	FALSE	Wood Street and Ellery Street, Providence, RI, USA	Med High	Raw	NA	FALSE	41.81257	-71.43793	2018	June
1301	2018-06-21	737782	15:45:00	Pedestrian	1	NA	FALSE	FALSE	1	PRAIRIE AVE	COLFAX ST	2018-06-21	Two-Way , Not Divided	Dry	Daylight	Clear	Not a Collision Between Two Motor Vehicles in Transport	Yes	Stop Signs	4	1	Incapacitating	NA	41.79959	-71.41228	FALSE	FALSE	Prairie Ave and Colfax Street, Providence, RI, USA	Med High	Raw	NA	FALSE	41.79959	-71.41228	2018	June
1302	2018-06-21	737803	19:20:00	Pedestrian	1	NA	FALSE	FALSE	1	ORMS ST	ORMS ST EXIT  / DOUGLAS AVE	2018-06-21	Two-Way , Not Divided	Dry	Daylight	Clear	Other	No	No Controls	3	0	No Injury	2	41.83457	-71.41674	FALSE	FALSE	Orms Street and Orms St Exit  / Douglas Ave, Providence, RI, USA	Med	Raw	distance greater than 100m	TRUE	41.83457	-71.41674	2018	June
1300	2018-06-23	738248	23:28:00	Pedestrian	1	NA	FALSE	FALSE	1	Allens Ave	Georgia Ave	2018-06-24	Two-Way , Not Divided	Dry	Dark - Lighted	Clear	Not a Collision Between Two Motor Vehicles in Transport	No	No Controls	2	1	Pain Reported	NA	41.79254	-71.39717	FALSE	FALSE	Allens Ave and Georgia Ave, Providence, RI, USA	Med High	Raw	NA	FALSE	41.79254	-71.39717	2018	June
1299	2018-06-25	738376	07:42:00	Bicycle	NA	1	FALSE	FALSE	1	POCASSET AVE	MAGNOLIA ST	2018-06-25	Two-Way , Not Divided	Dry	Daylight	Clear	Not a Collision Between Two Motor Vehicles in Transport	No	Traffic Control Signal	3	1	Pain Reported	NA	41.81192	-71.44995	FALSE	FALSE	Pocasset Ave and Magnolia Street, Providence, RI, USA	Med High	Raw	NA	FALSE	41.81192	-71.44995	2018	June
1298	2018-06-26	738386	11:43:00	Pedestrian	1	NA	FALSE	FALSE	1	COLFAX ST	BROAD ST	2018-06-25	Two-Way , Not Divided	Dry	Daylight	Clear	Not a Collision Between Two Motor Vehicles in Transport	Yes	Pavement Markings	1	1	Non-Incapacitating	NA	41.79888	-71.4155	FALSE	FALSE	Colfax Street and Broad Street, Providence, RI, USA	Med High	Raw	NA	FALSE	41.79888	-71.4155	2018	June
1296	2018-06-27	738745	13:17:00	Pedestrian	1	NA	FALSE	FALSE	1	HARWOL CT	SHILOH ST	2018-06-27	Two-Way , Not Divided	Dry	Daylight	Clear	Not a Collision Between Two Motor Vehicles in Transport	Yes	No Controls	1	1	Pain Reported	NA	41.85269	-71.43442	FALSE	FALSE	Harwol Ct and Shiloh Street, Providence, RI, USA	Med High	Raw	NA	FALSE	41.85269	-71.43442	2018	June
1297	2018-06-27	738846	17:21:00	Pedestrian	1	NA	FALSE	FALSE	1	60 Prairie Ave	PROVIDENCE ST	2018-06-27	Two-Way , Not Divided	Dry	Daylight	Clear	Not a Collision Between Two Motor Vehicles in Transport	No	No Controls	3	1	Non-Incapacitating	NA	41.81352	-71.41521	TRUE	FALSE	60 Prairie Ave, Providence, RI, USA	High	Raw	distance greater than 100m	TRUE	41.81352	-71.41521	2018	June
1295	2018-06-28	739020	12:56:00	Pedestrian	1	NA	FALSE	FALSE	1	Broad St	Peace St	2018-06-28	Two-Way , Not Divided	Wet	Daylight	Rain	Not a Collision Between Two Motor Vehicles in Transport	No	No Controls	4	1	Pain Reported	NA	41.80662	-71.42009	FALSE	FALSE	Broad Street and Peace Street, Providence, RI, USA	Med	Raw	NA	FALSE	41.80662	-71.42009	2018	June
1293	2018-06-29	739095	11:12:00	Pedestrian	1	NA	FALSE	FALSE	1	eddy Stree	I 195 RELOCATION	2018-06-29	Two-Way , Not Divided	Dry	Daylight	Clear	Not a Collision Between Two Motor Vehicles in Transport	Yes	Traffic Control Signal	1	1	Pain Reported	NA	41.80944	-71.40722	FALSE	FALSE	Eddy Stree and I 195 Relocation, Providence, RI, USA	Med	Raw	distance greater than 100m	TRUE	41.80944	-71.40722	2018	June
1294	2018-06-29	739196	17:12:00	Pedestrian	3	NA	FALSE	FALSE	1	Chalkstone Ave	GRAY ST	2018-06-29	Two-Way , Not Divided	Dry	Daylight	Clear	Not a Collision Between Two Motor Vehicles in Transport	No	Stop Signs	5	3	Pain Reported	NA	41.83238	-71.45309	FALSE	FALSE	Chalkstone Ave and Gray Street, Providence, RI, USA	Med High	Raw	NA	FALSE	41.83238	-71.45309	2018	June
1292	2018-07-06	740887	22:30:00	Bicycle	NA	1	FALSE	FALSE	1	MANTON AVE	CHAFFEE ST	2018-07-07	Two-Way , Not Divided	Dry	Dark - Unknown Lighting	Clear	Not a Collision Between Two Motor Vehicles in Transport	Yes	No Controls	1	1	Incapacitating	2	41.81874	-71.44566	FALSE	FALSE	Manton Ave and Chaffee Street, Providence, RI, USA	Med High	Raw	NA	FALSE	41.81874	-71.44566	2018	July
1290	2018-07-07	740924	12:06:00	Bicycle	NA	1	FALSE	FALSE	1	WILLIAMS ST	HOPE ST	2018-07-07	Two-Way , Not Divided	Dry	Daylight	Clear	Not a Collision Between Two Motor Vehicles in Transport	No	Stop Signs	2	1	Pain Reported	2	41.82258	-71.39684	FALSE	FALSE	Williams Street and Hope Street, Providence, RI, USA	Med	Raw	NA	FALSE	41.82258	-71.39684	2018	July
1291	2018-07-07	740986	15:54:00	Pedestrian	1	NA	FALSE	FALSE	1	67 MIDDLE DRIVE	WEST DR	2018-07-07	Two-Way , Not Divided	Dry	Daylight	Clear	Not a Collision Between Two Motor Vehicles in Transport	No	No Controls	3	1	Non-Incapacitating	1	41.85312	-71.44363	TRUE	FALSE	67 Middle Drive, Providence, RI, USA	High	Raw	NA	FALSE	41.85312	-71.44363	2018	July
1289	2018-07-08	741447	22:34:00	Bicycle	NA	1	FALSE	FALSE	1	PLAINFIELD ST	SILVER LAKE AVE	2018-07-10	Two-Way , Not Divided	Dry	Dark - Lighted	Clear	Not a Collision Between Two Motor Vehicles in Transport	No	No Controls	3	1	Pain Reported	NA	41.80587	-71.46492	FALSE	FALSE	Plainfield Street and Silver Lake Ave, Providence, RI, USA	Med High	Raw	NA	FALSE	41.80587	-71.46492	2018	July
1286	2018-07-10	741256	00:46:00	Pedestrian	1	NA	FALSE	FALSE	1	BROAD ST	PORTLAND ST	2018-07-10	Two-Way , Not Divided	Dry	Unknown	Clear	Other	Yes	No Controls	2	1	Incapacitating	2	41.81415	-71.4213	FALSE	FALSE	Broad Street and Portland Street, Providence, RI, USA	Med	Raw	NA	FALSE	41.81415	-71.4213	2018	July
1287	2018-07-10	741268	07:00:00	Pedestrian	1	NA	FALSE	FALSE	1	WATERMAN ST	BROWN ST	2018-07-10	Two-Way , Not Divided	Dry	Daylight	Clear	Not a Collision Between Two Motor Vehicles in Transport	Yes	Pavement Markings	1	1	Pain Reported	NA	41.82705	-71.40304	FALSE	FALSE	Waterman Street and Brown Street, Providence, RI, USA	Med High	Raw	NA	FALSE	41.82705	-71.40304	2018	July
1288	2018-07-10	741623	21:36:00	Pedestrian	1	NA	FALSE	FALSE	1	North Main Street	College Street	2018-07-10	Two-Way, Divided, Positive Median Barrier	Dry	Dark - Lighted	Clear	Not a Collision Between Two Motor Vehicles in Transport	Yes	Traffic Control Signal	3	1	Non-Incapacitating	2	41.82564	-71.40784	FALSE	FALSE	North Main Street and College Street, Providence, RI, USA	Med	Raw	NA	FALSE	41.82564	-71.40784	2018	July
1283	2018-07-11	741685	14:28:00	Bicycle	NA	1	FALSE	FALSE	1	BARBARA LEONARD WAY	NORTH MAIN ST	2018-07-11	Two-Way , Not Divided	Dry	Daylight	Clear	Not a Collision Between Two Motor Vehicles in Transport	No	No Controls	2	1	Pain Reported	NA	41.84063	-71.40884	FALSE	FALSE	Barbara Leonard Way and North Main Street, Providence, RI, USA	Med High	Raw	NA	FALSE	41.84063	-71.40884	2018	July
1284	2018-07-11	741814	21:56:00	Pedestrian	1	NA	FALSE	FALSE	1	SILVER SPRING ST	BATCHELLER AVE	2018-07-11	Two-Way , Not Divided	Dry	Dark - Not Lighted	Clear	Not a Collision Between Two Motor Vehicles in Transport	No	No Controls	3	1	Pain Reported	NA	41.85534	-71.41141	FALSE	FALSE	Silver Spring Street and Batcheller Ave, Providence, RI, USA	Med High	Raw	NA	FALSE	41.85534	-71.41141	2018	July
1285	2018-07-11	746967	10:28:00	Pedestrian	1	NA	FALSE	FALSE	1	THERESA CT	MANTON AVE	2018-08-11	Two-Way, Divided, Positive Median Barrier	Wet	Daylight	Rain	Other	Yes	No Controls	2	1	Pain Reported	NA	41.82154	-71.44863	FALSE	FALSE	Theresa Ct and Manton Ave, Providence, RI, USA	Med	Raw	distance greater than 100m	TRUE	41.82154	-71.44863	2018	July
1282	2018-07-12	742021	19:21:00	Bicycle	NA	1	FALSE	FALSE	1	112 GANO ST	NA	2018-07-12	Two-Way , Not Divided	Dry	Daylight	Clear	Angle (Front - to - Side) Same Direction	No	No Controls	3	1	Pain Reported	2	41.82222	-71.38986	TRUE	TRUE	112 Gano Street, Providence, RI, USA	High	Raw	NA	FALSE	41.82222	-71.38986	2018	July
1281	2018-07-16	742689	17:33:00	Pedestrian	1	NA	FALSE	FALSE	1	ADELAIDE AVE	BROAD ST	2018-07-16	Two-Way , Not Divided	Dry	Daylight	Clear	Unknown	No	No Controls	2	1	Pain Reported	NA	41.79885	-71.41547	FALSE	FALSE	Adelaide Ave and Broad Street, Providence, RI, USA	Med High	Raw	NA	FALSE	41.79885	-71.41547	2018	July
1279	2018-07-21	743342	17:00:00	Pedestrian	1	NA	FALSE	FALSE	1	850 MANTON AVENUE	CHALKSTONE AVE	2018-07-21	Two-Way , Not Divided	Dry	Daylight	Clear	Not a Collision Between Two Motor Vehicles in Transport	Yes	No Controls	2	1	Pain Reported	NA	41.83391	-71.46725	TRUE	FALSE	850 Manton Avenue, Providence, RI, USA	High	Raw	distance greater than 100m	TRUE	41.83391	-71.46725	2018	July
1280	2018-07-21	743410	23:45:00	Bicycle	NA	1	FALSE	FALSE	1	Ridge Street	TOBEY ST	2018-07-22	Two-Way , Not Divided	Dry	Dark - Lighted	Clear	Not a Collision Between Two Motor Vehicles in Transport	Yes	No Controls	1	1	Pain Reported	NA	41.82057	-71.43581	FALSE	FALSE	Ridge Street and Tobey Street, Providence, RI, USA	Med High	Raw	NA	FALSE	41.82057	-71.43581	2018	July
1278	2018-07-26	743768	22:24:00	Pedestrian	1	NA	FALSE	FALSE	1	Atwells Ave	Depasquale Ave	2018-07-27	Two-Way , Not Divided	Dry	Dark - Lighted	Clear	Not a Collision Between Two Motor Vehicles in Transport	No	Traffic Control Signal	5	1	Pain Reported	2	NA	NA	FALSE	FALSE	Atwells Ave and Depasquale Ave, Providence, RI, USA	Med High	Geocoded	raw coords null but geocoded coords found	TRUE	41.8235993	-71.4270169	2018	July
1277	2018-07-27	767751	17:23:00	Pedestrian	1	NA	FALSE	FALSE	1	julian st	AMHERST ST	2018-07-27	Two-Way, Divided, Unprotected (painted>4feet) Medium	Dry	Daylight	Clear	Other	Yes	No Controls	1	1	Pain Reported	NA	41.82403	-71.44473	FALSE	FALSE	Julian Street and Amherst Street, Providence, RI, USA	Med High	Raw	NA	FALSE	41.82403	-71.44473	2018	July
1276	2018-07-31	743948	16:07:00	Pedestrian	1	NA	FALSE	FALSE	1	State Street	Orms Street	2018-07-31	One-Way Trafficway	Dry	Daylight	Clear	Not a Collision Between Two Motor Vehicles in Transport	Yes	Traffic Control Signal	1	1	Non-Incapacitating	1	41.83472	-71.41432	FALSE	FALSE	State Street and Orms Street, Providence, RI, USA	Med	Raw	NA	FALSE	41.83472	-71.41432	2018	July
1275	2018-08-02	744028	18:01:00	Pedestrian	1	NA	FALSE	FALSE	1	Smith St	SMITH ST	2018-08-02	Two-Way , Not Divided	Dry	Daylight	Clear	Not a Collision Between Two Motor Vehicles in Transport	No	Stop Signs	4	1	Non-Incapacitating	NA	41.83756	-71.43347	FALSE	FALSE	Smith Street and Smith Street, Providence, RI, USA	Med	Raw	distance greater than 100m	TRUE	41.83756	-71.43347	2018	August
1274	2018-08-07	744221	17:05:00	Bicycle	NA	1	FALSE	FALSE	1	POWER ST	GANO ST	2018-08-07	Two-Way , Not Divided	Dry	Daylight	Clear	Not a Collision Between Two Motor Vehicles in Transport	No	No Controls	2	1	Non-Incapacitating	NA	41.82386	-71.39014	FALSE	FALSE	Power Street and Gano Street, Providence, RI, USA	Med High	Raw	NA	FALSE	41.82386	-71.39014	2018	August
1273	2018-08-08	744286	17:36:00	Bicycle	NA	1	FALSE	FALSE	1	PEACE ST	Elmwood Ave	2018-08-08	Two-Way , Not Divided	Dry	Daylight	Clear	Not a Collision Between Two Motor Vehicles in Transport	Yes	Stop Signs	1	1	Pain Reported	NA	41.80655	-71.42495	FALSE	FALSE	Peace Street and Elmwood Ave, Providence, RI, USA	Med High	Raw	NA	FALSE	41.80655	-71.42495	2018	August
1271	2018-08-09	744328	17:46:00	Bicycle	NA	1	FALSE	FALSE	1	Cranston St	LINWOOD AVE	2018-08-09	Two-Way , Not Divided	Dry	Daylight	Clear	Not a Collision Between Two Motor Vehicles in Transport	No	Traffic Control Signal	4	0	No Injury	NA	41.80701	-71.43571	FALSE	FALSE	Cranston Street and Linwood Ave, Providence, RI, USA	Med High	Raw	NA	FALSE	41.80701	-71.43571	2018	August
1272	2018-08-09	744350	22:54:00	Pedestrian	1	NA	FALSE	FALSE	1	Valley Street	FELIX ST	2018-08-09	Two-Way , Not Divided	Dry	Dark - Lighted	Clear	Not a Collision Between Two Motor Vehicles in Transport	Yes	No Controls	1	1	Pain Reported	NA	41.8321	-71.42779	FALSE	FALSE	Valley Street and Felix Street, Providence, RI, USA	Med High	Raw	NA	FALSE	41.8321	-71.42779	2018	August
1270	2018-08-10	744365	12:05:00	Bicycle	NA	1	FALSE	FALSE	1	PLAINFIELD ST	MURRAY ST	2018-08-10	Two-Way , Not Divided	Dry	Daylight	Clear	Not a Collision Between Two Motor Vehicles in Transport	No	Stop Signs	3	1	Pain Reported	NA	41.80998	-71.4625	FALSE	FALSE	Plainfield Street and Murray Street, Providence, RI, USA	Med High	Raw	NA	FALSE	41.80998	-71.4625	2018	August