row_number	crash_date	crash_report_id	crash_time	collision_type	count_pedestrian	count_bicycle	scooter	wheel_chair	number_of_vehicles	street_or_highway	nearest_intersection	report_date	type_of_roadway	road_surface_condition	light_condition	weather_condition	manner_of_impact	hit_and_run	traffic_control	person_count	injury_count	most_serious_injury	number_of_lanes	lat_raw	lon_raw	has_st_number	is_intersection_null	address_sent_to_geocoder	api_coord_conf	best_coordinate_set	reason_for_qa	manually_qaed_record	final_lat	final_lon	year	month
1269	2018-08-14	744548	15:39:00	Bicycle	NA	1	FALSE	FALSE	1	Broadway	DEAN ST	2018-08-14	Two-Way , Not Divided	Dry	Daylight	Clear	Not a Collision Between Two Motor Vehicles in Transport	No	Traffic Control Signal	2	1	Pain Reported	NA	41.8214	-71.42253	FALSE	FALSE	Broadway and Dean Street, Providence, RI, USA	Med	Raw	NA	FALSE	41.8214	-71.42253	2018	August
1267	2018-08-17	744714	18:00:00	Bicycle	NA	1	FALSE	FALSE	1	BEACHMONT AVE	CAHILL ST	2018-08-17	Two-Way , Not Divided	Dry	Daylight	Clear	Not a Collision Between Two Motor Vehicles in Transport	Yes	Stop Signs	2	1	Pain Reported	NA	41.80223	-71.40786	FALSE	FALSE	Beachmont Ave and Cahill Street, Providence, RI, USA	Med	Raw	distance greater than 100m	TRUE	41.80223	-71.40786	2018	August
1268	2018-08-17	744738	20:23:00	Pedestrian	1	NA	FALSE	FALSE	1	BROAD ST	PEARL ST	2018-08-17	Two-Way , Not Divided	Dry	Dark - Lighted	Clear	Not a Collision Between Two Motor Vehicles in Transport	Yes	Traffic Control Signal	1	1	Pain Reported	NA	41.81473	-71.42097	FALSE	FALSE	Broad Street and Pearl Street, Providence, RI, USA	Med	Raw	NA	FALSE	41.81473	-71.42097	2018	August
1266	2018-08-18	744810	22:07:00	Bicycle	NA	1	FALSE	FALSE	1	PARADE ST	WESTMINSTER ST	2018-08-18	Two-Way , Not Divided	Dry	Dark - Lighted	Cloudy	Angle - Direction Not Specified	Yes	Stop Signs	2	1	Pain Reported	2	41.81633	-71.43354	FALSE	FALSE	Parade Street and Westminster Street, Providence, RI, USA	Med High	Raw	NA	FALSE	41.81633	-71.43354	2018	August
1264	2018-08-19	744859	17:41:00	Pedestrian	1	NA	FALSE	FALSE	1	Broad St	BAKER ST	2018-08-19	Two-Way , Not Divided	Dry	Daylight	Clear	Not a Collision Between Two Motor Vehicles in Transport	Yes	No Controls	1	1	Non-Incapacitating	NA	41.79275	-71.40789	FALSE	FALSE	Broad Street and Baker Street, Providence, RI, USA	Med	Raw	NA	FALSE	41.79275	-71.40789	2018	August
1265	2018-08-19	744880	02:29:00	Pedestrian	1	NA	FALSE	FALSE	1	ATWELLS AVE	DE PASQUALE AVE	2018-08-20	Two-Way , Not Divided	Dry	Dark - Lighted	Cloudy	Other	No	No Controls	5	1	Incapacitating	2	41.82354	-71.42617	FALSE	FALSE	Atwells Ave and De Pasquale Ave, Providence, RI, USA	Med High	Raw	NA	FALSE	41.82354	-71.42617	2018	August
1262	2018-08-20	744905	16:56:00	Bicycle	NA	1	FALSE	FALSE	1	BRANCH AVE	North  Main St	2018-08-20	Two-Way , Not Divided	Dry	Daylight	Clear	Not a Collision Between Two Motor Vehicles in Transport	No	Traffic Control Signal	2	1	Pain Reported	NA	41.84235	-71.40822	FALSE	FALSE	Branch Ave and North  Main Street, Providence, RI, USA	Med	Raw	NA	FALSE	41.84235	-71.40822	2018	August
1263	2018-08-20	744924	21:42:00	Pedestrian	1	NA	FALSE	FALSE	1	ELMWOOD AVE	ELMWOOD AVE	2018-08-20	Two-Way, Not Divided With a Continuous Left Turn Lane	Dry	Dark - Lighted	Clear	Other	Yes	No Controls	3	1	Pain Reported	3	41.80337	-71.42577	FALSE	FALSE	Elmwood Ave and Elmwood Ave, Providence, RI, USA	Med	Raw	distance greater than 100m	TRUE	41.80337	-71.42577	2018	August
1261	2018-08-22	745006	20:33:00	Bicycle	NA	1	FALSE	FALSE	1	268 nelson st	SALTER ST	2018-08-22	Two-Way , Not Divided	Dry	Dark - Lighted	Clear	Not a Collision Between Two Motor Vehicles in Transport	Yes	No Controls	1	1	Pain Reported	NA	41.84498	-71.4444	TRUE	FALSE	268 Nelson Street, Providence, RI, USA	High	Raw	NA	FALSE	41.84498	-71.4444	2018	August
1257	2018-08-23	745014	05:04:00	Bicycle	NA	1	FALSE	FALSE	1	CHAD BROWN ST	ADMIRAL ST	2018-08-23	Two-Way , Not Divided	Dry	Dark - Lighted	Clear	Not a Collision Between Two Motor Vehicles in Transport	No	Stop Signs	2	1	Pain Reported	NA	41.84213	-71.42138	FALSE	FALSE	Chad Brown Street and Admiral Street, Providence, RI, USA	Med High	Raw	NA	FALSE	41.84213	-71.42138	2018	August
1258	2018-08-23	745053	15:18:00	Pedestrian	2	NA	FALSE	FALSE	1	DORRANCE ST	WASHINGTON ST	2018-08-23	Two-Way , Not Divided	Dry	Daylight	Clear	Not a Collision Between Two Motor Vehicles in Transport	No	Traffic Control Signal	4	2	Pain Reported	NA	41.82438	-71.41269	FALSE	FALSE	Dorrance Street and Washington Street, Providence, RI, USA	Med High	Raw	NA	FALSE	41.82438	-71.41269	2018	August
1259	2018-08-23	745072	15:10:00	Bicycle	NA	2	FALSE	FALSE	1	Havana Street	General Street	2018-08-23	Two-Way , Not Divided	Dry	Daylight	Clear	Not a Collision Between Two Motor Vehicles in Transport	No	Stop Signs	6	2	Non-Incapacitating	1	41.85338	-71.44366	FALSE	FALSE	Havana Street and General Street, Providence, RI, USA	Med High	Raw	NA	FALSE	41.85338	-71.44366	2018	August
1260	2018-08-23	745111	14:07:00	Bicycle	NA	1	FALSE	FALSE	1	broadway	SERVICE ROAD 7	2018-08-24	Two-Way , Not Divided	Dry	Daylight	Clear	Rear End(Front-to-Rear)	No	Traffic Control Signal	3	1	Pain Reported	NA	41.82186	-71.42079	FALSE	FALSE	Broadway and Service Road 7, Providence, RI, USA	Med	Raw	NA	FALSE	41.82186	-71.42079	2018	August
1255	2018-08-24	745115	11:45:00	Pedestrian	1	NA	FALSE	FALSE	1	Eddy St	Chapman St	2018-08-24	Two-Way , Not Divided	Dry	Daylight	Clear	Not a Collision Between Two Motor Vehicles in Transport	No	Other	4	1	Pain Reported	2	NA	NA	FALSE	FALSE	Eddy Street and Chapman Street, Providence, RI, USA	Med High	Geocoded	raw coords null but geocoded coords found	TRUE	41.7920844	-71.4036396	2018	August
1256	2018-08-24	745126	17:05:00	Pedestrian	1	NA	FALSE	FALSE	1	MEMORIAL BLVD	COLLEGE ST	2018-08-24	Two-Way , Not Divided	Dry	Daylight	Clear	Not a Collision Between Two Motor Vehicles in Transport	No	Traffic Control Signal	6	1	Pain Reported	5	41.82532	-71.40882	FALSE	FALSE	Memorial Blvd and College Street, Providence, RI, USA	Med High	Raw	NA	FALSE	41.82532	-71.40882	2018	August
1253	2018-08-25	745164	02:51:00	Pedestrian	1	NA	FALSE	FALSE	1	8 Esten St	ORMS ST	2018-08-25	Unknown	Dry	Dark - Lighted	Clear	Other	No	No Controls	2	1	Pain Reported	NA	41.83349	-71.42415	TRUE	FALSE	8 Esten Street, Providence, RI, USA	High	Raw	NA	FALSE	41.83349	-71.42415	2018	August
1254	2018-08-25	745203	21:41:00	Pedestrian	1	NA	FALSE	FALSE	1	SAYLES ST	PRAIRIE AVE	2018-08-25	Two-Way , Not Divided	Dry	Dark - Lighted	Clear	Unknown	Yes	No Controls	1	1	Pain Reported	NA	41.80264	-71.41358	FALSE	FALSE	Sayles Street and Prairie Ave, Providence, RI, USA	Med High	Raw	NA	FALSE	41.80264	-71.41358	2018	August
1252	2018-08-27	745338	18:55:00	Pedestrian	1	NA	FALSE	FALSE	1	Park St	HAYES ST	2018-08-27	Two-Way , Not Divided	Dry	Daylight	Clear	Not a Collision Between Two Motor Vehicles in Transport	No	No Controls	3	1	Non-Incapacitating	NA	41.82866	-71.41752	FALSE	FALSE	Park Street and Hayes Street, Providence, RI, USA	Med	Raw	NA	FALSE	41.82866	-71.41752	2018	August
1248	2018-08-28	745404	15:11:00	Bicycle	NA	1	FALSE	FALSE	1	CHAPEL ST	SNOW ST	2018-08-28	Two-Way , Not Divided	Dry	Daylight	Clear	Not a Collision Between Two Motor Vehicles in Transport	No	Stop Signs	4	1	Pain Reported	NA	41.8212	-71.41384	FALSE	FALSE	Chapel Street and Snow Street, Providence, RI, USA	Med	Raw	NA	FALSE	41.8212	-71.41384	2018	August
1249	2018-08-28	745406	17:07:00	Bicycle	NA	1	FALSE	FALSE	1	STATE HWY 10 N	UNION AVE	2018-08-28	Two-Way, Divided, Positive Median Barrier	Dry	Daylight	Clear	Not a Collision Between Two Motor Vehicles in Transport	No	Traffic Control Signal	2	0	No Injury	NA	41.8087	-71.44057	FALSE	FALSE	State Hwy 10 N and Union Ave, Providence, RI, USA	Med High	Raw	distance greater than 100m	TRUE	41.8087	-71.44057	2018	August
1250	2018-08-28	745425	14:43:00	Pedestrian	1	NA	FALSE	FALSE	1	775 Cranston Street	Anthony Avenue	2018-08-28	Two-Way, Divided, Unprotected (painted>4feet) Medium	Dry	Daylight	Clear	Not a Collision Between Two Motor Vehicles in Transport	Yes	Traffic Control Signal	3	1	Non-Incapacitating	2	41.80408	-71.43885	TRUE	FALSE	775 Cranston Street, Providence, RI, USA	High	Raw	NA	FALSE	41.80408	-71.43885	2018	August
1251	2018-08-28	745428	16:18:00	Bicycle	NA	1	FALSE	FALSE	1	1250 Smith Street	Old Road	2018-08-28	Two-Way, Divided, Unprotected (painted>4feet) Medium	Dry	Daylight	Clear	Not a Collision Between Two Motor Vehicles in Transport	No	No Controls	3	1	Non-Incapacitating	1	41.84649	-71.45268	TRUE	FALSE	1250 Smith Street, Providence, RI, USA	High	Raw	NA	FALSE	41.84649	-71.45268	2018	August
1247	2018-08-30	745519	08:13:00	Pedestrian	1	NA	FALSE	FALSE	1	BROADWAY	SERVICE ROAD 7	2018-08-30	One-Way Trafficway	Dry	Daylight	Clear	Not a Collision Between Two Motor Vehicles in Transport	No	Traffic Control Signal	2	1	Incapacitating	NA	41.82181	-71.42097	FALSE	FALSE	Broadway and Service Road 7, Providence, RI, USA	Med	Raw	NA	FALSE	41.82181	-71.42097	2018	August
1246	2018-08-31	745608	23:35:00	Bicycle	NA	1	FALSE	FALSE	1	Sorrento Street	WALDO ST	2018-08-31	Two-Way , Not Divided	Dry	Dark - Lighted	Clear	Not a Collision Between Two Motor Vehicles in Transport	Yes	Unknown	2	1	Pain Reported	NA	41.80718	-71.43796	FALSE	FALSE	Sorrento Street and Waldo Street, Providence, RI, USA	Med High	Raw	NA	FALSE	41.80718	-71.43796	2018	August
1245	2018-09-01	745620	02:14:00	Pedestrian	1	NA	FALSE	FALSE	1	881 Eddy St	MUTUAL ST	2018-09-01	Two-Way , Not Divided	Dry	Dark - Lighted	Clear	Not a Collision Between Two Motor Vehicles in Transport	Yes	No Controls	1	1	Pain Reported	NA	41.8038	-71.40686	TRUE	FALSE	881 Eddy Street, Providence, RI, USA	High	Raw	NA	FALSE	41.8038	-71.40686	2018	September
1243	2018-09-02	746706	01:25:00	Bicycle	NA	1	FALSE	FALSE	1	OCONNOR ST	JOHNSON ST	2018-09-02	Two-Way , Not Divided	Dry	Dark - Lighted	Clear	Not a Collision Between Two Motor Vehicles in Transport	Yes	Stop Signs	1	1	Incapacitating	NA	41.79307	-71.40586	FALSE	FALSE	Oconnor Street and Johnson Street, Providence, RI, USA	Med High	Raw	NA	FALSE	41.79307	-71.40586	2018	September
1244	2018-09-02	746738	14:30:00	Pedestrian	1	NA	FALSE	FALSE	1	PROSPECT ST	WATERMAN ST	2018-09-02	Two-Way , Not Divided	Dry	Daylight	Clear	Not a Collision Between Two Motor Vehicles in Transport	No	Traffic Control Signal	2	1	Pain Reported	NA	41.82688	-71.40472	FALSE	FALSE	Prospect Street and Waterman Street, Providence, RI, USA	Med	Raw	NA	FALSE	41.82688	-71.40472	2018	September
1241	2018-09-03	746872	22:18:00	Bicycle	NA	1	FALSE	FALSE	1	DEXTER ST	BUCKLIN ST	2018-09-03	Two-Way , Not Divided	Dry	Dark - Lighted	Clear	Not a Collision Between Two Motor Vehicles in Transport	Yes	No Controls	1	1	Non-Incapacitating	NA	41.80905	-71.42801	FALSE	FALSE	Dexter Street and Bucklin Street, Providence, RI, USA	Med High	Raw	NA	FALSE	41.80905	-71.42801	2018	September
1242	2018-09-03	746944	21:32:00	Pedestrian	1	NA	FALSE	FALSE	1	Ruggles Street	Smith Street	2018-09-04	Two-Way , Not Divided	Dry	Dark - Lighted	Clear	Not a Collision Between Two Motor Vehicles in Transport	Yes	No Controls	1	1	Non-Incapacitating	1	41.83576	-71.42822	FALSE	FALSE	Ruggles Street and Smith Street, Providence, RI, USA	Med High	Raw	NA	FALSE	41.83576	-71.42822	2018	September
1238	2018-09-04	746891	06:40:00	Pedestrian	1	NA	FALSE	FALSE	1	PLAINFIELD ST	RT 6 EAST RAMP	2018-09-04	Two-Way, Divided, Unprotected (painted>4feet) Medium	Dry	Daylight	Clear	Not a Collision Between Two Motor Vehicles in Transport	No	Traffic Control Signal	2	1	Pain Reported	NA	41.81414	-71.44737	FALSE	FALSE	Plainfield Street and Rt 6 East Ramp, Providence, RI, USA	Med High	Raw	distance greater than 100m	TRUE	41.81414	-71.44737	2018	September
1239	2018-09-04	746920	12:10:00	Bicycle	NA	1	FALSE	FALSE	1	RANDALL ST	CHARLES ST	2018-09-04	One-Way Trafficway	Dry	Daylight	Clear	Other	No	Pavement Markings	3	1	Pain Reported	1	41.82047	-71.45178	FALSE	FALSE	Randall Street and Charles Street, Providence, RI, USA	Med	Geocoded	distance greater than 100m	TRUE	41.8361618	-71.4121277	2018	September
1240	2018-09-04	746926	12:30:00	Pedestrian	1	NA	FALSE	FALSE	1	SILVER SPRING ST	LEDGE ST	2018-09-04	Two-Way , Not Divided	Dry	Daylight	Clear	Other	Yes	No Controls	1	1	Pain Reported	NA	41.85318	-71.41263	FALSE	FALSE	Silver Spring Street and Ledge Street, Providence, RI, USA	Med High	Raw	NA	FALSE	41.85318	-71.41263	2018	September
1237	2018-09-06	747110	17:28:00	Pedestrian	1	NA	FALSE	FALSE	1	442 Manton Ave	ATWELLS AVE	2018-09-06	Two-Way , Not Divided	Wet	Daylight	Rain	Not a Collision Between Two Motor Vehicles in Transport	Yes	No Controls	1	1	Non-Incapacitating	NA	41.82537	-71.45466	TRUE	FALSE	442 Manton Ave, Providence, RI, USA	High	Raw	NA	FALSE	41.82537	-71.45466	2018	September
1234	2018-09-07	747151	08:42:00	Bicycle	NA	1	FALSE	FALSE	1	EXIT 22A (RT )	FRANCIS ST	2018-09-07	One-Way Trafficway	Dry	Daylight	Clear	Not a Collision Between Two Motor Vehicles in Transport	Yes	Traffic Control Signal	1	1	Pain Reported	NA	41.82577	-71.41527	FALSE	FALSE	Exit 22a (Rt ) and Francis Street, Providence, RI, USA	Med	Raw	distance greater than 100m	TRUE	41.82577	-71.41527	2018	September
1235	2018-09-07	747542	13:59:00	Pedestrian	1	NA	FALSE	FALSE	1	POTTERS AVE	ELMWOOD AVE	2018-09-12	Two-Way, Divided, Unprotected (painted>4feet) Medium	Wet	Daylight	Rain	Other	No	Traffic Control Signal	3	1	Pain Reported	NA	41.8015	-71.42632	FALSE	FALSE	Potters Ave and Elmwood Ave, Providence, RI, USA	Med High	Raw	NA	FALSE	41.8015	-71.42632	2018	September
1236	2018-09-07	747674	08:12:00	Bicycle	NA	1	FALSE	FALSE	1	445 Smith St	SMITH ST	2018-09-07	Two-Way, Divided, Unprotected (painted>4feet) Medium	Dry	Daylight	Clear	Not a Collision Between Two Motor Vehicles in Transport	No	Pavement Markings	3	1	Pain Reported	NA	41.83266	-71.4192	TRUE	FALSE	445 Smith Street, Providence, RI, USA	High	Geocoded	distance greater than 100m	TRUE	41.8354552	-71.4258315	2018	September
1233	2018-09-10	747644	18:21:00	Bicycle	NA	1	FALSE	FALSE	1	Smith Street	Holden Street	2018-09-13	Two-Way , Not Divided	Wet	Daylight	Rain	Not a Collision Between Two Motor Vehicles in Transport	Yes	Other	2	1	Pain Reported	NA	41.83225	-71.41816	FALSE	FALSE	Smith Street and Holden Street, Providence, RI, USA	Med High	Raw	NA	FALSE	41.83225	-71.41816	2018	September
1232	2018-09-11	747466	12:04:00	Pedestrian	1	NA	FALSE	FALSE	1	BRANCH AVE	COMMODORE ST	2018-09-11	Two-Way , Not Divided	Dry	Daylight	Clear	Not a Collision Between Two Motor Vehicles in Transport	No	No Controls	6	1	Pain Reported	NA	41.84962	-71.41852	FALSE	FALSE	Branch Ave and Commodore Street, Providence, RI, USA	Med High	Raw	NA	FALSE	41.84962	-71.41852	2018	September
1231	2018-09-12	747543	11:40:00	Pedestrian	1	NA	FALSE	FALSE	1	EMPIRE ST	BROADWAY	2018-09-12	Two-Way, Divided, Unprotected (painted>4feet) Medium	Wet	Daylight	Rain	Not a Collision Between Two Motor Vehicles in Transport	Yes	Traffic Control Signal	2	1	Pain Reported	NA	41.82261	-71.41748	FALSE	FALSE	Empire Street and Broadway, Providence, RI, USA	Med High	Raw	NA	FALSE	41.82261	-71.41748	2018	September
1229	2018-09-14	747675	08:06:00	Pedestrian	1	NA	FALSE	FALSE	1	DEXTER ST	POTTERS AVE	2018-09-14	Two-Way, Divided, Unprotected (painted>4feet) Medium	Dry	Daylight	Clear	Not a Collision Between Two Motor Vehicles in Transport	No	Stop Signs	4	1	Pain Reported	NA	41.80249	-71.43059	FALSE	FALSE	Dexter Street and Potters Ave, Providence, RI, USA	Med High	Raw	NA	FALSE	41.80249	-71.43059	2018	September
1230	2018-09-14	747820	22:07:00	Pedestrian	1	NA	FALSE	FALSE	1	cranston st	LINWOOD AVE	2018-09-17	Two-Way , Not Divided	Dry	Dark - Lighted	Clear	Not a Collision Between Two Motor Vehicles in Transport	No	Traffic Control Signal	2	1	Pain Reported	NA	41.80701	-71.43571	FALSE	FALSE	Cranston Street and Linwood Ave, Providence, RI, USA	Med High	Raw	NA	FALSE	41.80701	-71.43571	2018	September
1227	2018-09-15	747734	16:04:00	Bicycle	NA	1	FALSE	FALSE	1	SMITH ST	TYNDALL AVE	2018-09-15	Two-Way , Not Divided	Dry	Daylight	Clear	Not a Collision Between Two Motor Vehicles in Transport	Yes	Other	2	1	Pain Reported	NA	41.83762	-71.4336	FALSE	FALSE	Smith Street and Tyndall Ave, Providence, RI, USA	Med High	Raw	NA	FALSE	41.83762	-71.4336	2018	September
1228	2018-09-15	747743	19:39:00	Pedestrian	1	NA	FALSE	FALSE	1	RESERVOIR AVE	YARMOUTH STREET	2018-09-15	Two-Way , Not Divided	Dry	Dark - Lighted	Clear	Other	No	No Controls	3	1	Incapacitating	NA	41.79275	-71.42748	FALSE	FALSE	Reservoir Ave and Yarmouth Street, Providence, RI, USA	Med High	Raw	NA	FALSE	41.79275	-71.42748	2018	September
1225	2018-09-16	747763	01:53:00	Pedestrian	1	NA	FALSE	FALSE	1	WESTMINSTER ST	MEMORIAL BLVD	2018-09-16	Two-Way , Not Divided	Dry	Dark - Lighted	Clear	Not a Collision Between Two Motor Vehicles in Transport	No	Traffic Control Signal	3	1	Pain Reported	NA	41.82529	-71.40895	FALSE	FALSE	Westminster Street and Memorial Blvd, Providence, RI, USA	Med High	Raw	NA	FALSE	41.82529	-71.40895	2018	September
1226	2018-09-16	747764	01:14:00	Pedestrian	1	NA	FALSE	FALSE	1	OREGON ST	WHIPPLE ST	2018-09-16	Two-Way , Not Divided	Dry	Dark - Lighted	Clear	Unknown	Yes	No Controls	2	1	Incapacitating	2	41.83878	-71.42033	FALSE	FALSE	Oregon Street and Whipple Street, Providence, RI, USA	Med High	Raw	NA	FALSE	41.83878	-71.42033	2018	September
1222	2018-09-18	747940	15:31:00	Pedestrian	1	NA	FALSE	FALSE	1	dorrance st	WESTMINSTER ST	2018-09-18	Two-Way , Not Divided	Wet	Daylight	Rain	Not a Collision Between Two Motor Vehicles in Transport	No	Traffic Control Signal	3	1	Pain Reported	NA	41.82363	-71.41169	FALSE	FALSE	Dorrance Street and Westminster Street, Providence, RI, USA	Med High	Raw	NA	FALSE	41.82363	-71.41169	2018	September
1223	2018-09-18	747941	16:23:00	Bicycle	NA	1	FALSE	FALSE	1	337 Plainfield St	PLAINFIELD ST	2018-09-18	Two-Way, Divided, Unprotected (painted>4feet) Medium	Wet	Daylight	Rain	Angle (Front - to - Side) Same Direction	No	Stop Signs	2	1	Pain Reported	NA	41.81377	-71.44864	TRUE	FALSE	337 Plainfield Street, Providence, RI, USA	High	Raw	NA	FALSE	41.81377	-71.44864	2018	September
1224	2018-09-18	747952	18:22:00	Bicycle	NA	1	FALSE	FALSE	2	North Main St	N MAIN ST	2018-09-18	One-Way Trafficway	Wet	Daylight	Rain	Not a Collision Between Two Motor Vehicles in Transport	No	Stop Signs	7	1	Pain Reported	NA	41.83014	-71.41016	FALSE	FALSE	North Main Street and N Main Street, Providence, RI, USA	Med High	Raw	distance greater than 100m	TRUE	41.83014	-71.41016	2018	September
1219	2018-09-19	747992	08:03:00	Pedestrian	2	NA	FALSE	FALSE	1	315 BROAD ST	NA	2018-09-19	Unknown	Wet	Daylight	Cloudy	Not a Collision Between Two Motor Vehicles in Transport	Yes	No Controls	3	0	No Injury	NA	41.81436	-71.42118	TRUE	TRUE	315 Broad Street, Providence, RI, USA	High	Raw	NA	FALSE	41.81436	-71.42118	2018	September
1220	2018-09-19	748019	15:30:00	Pedestrian	1	NA	FALSE	FALSE	1	POINT ST	EDDY ST	2018-09-19	Two-Way, Divided, Positive Median Barrier	Dry	Daylight	Cloudy	Not a Collision Between Two Motor Vehicles in Transport	No	Traffic Control Signal	3	0	No Injury	NA	41.81682	-71.4066	FALSE	FALSE	Point Street and Eddy Street, Providence, RI, USA	Med High	Raw	NA	FALSE	41.81682	-71.4066	2018	September
1221	2018-09-19	748043	20:19:00	Pedestrian	1	NA	FALSE	FALSE	1	dexter st	WARREN ST	2018-09-19	Two-Way , Not Divided	Dry	Dark - Lighted	Clear	Not a Collision Between Two Motor Vehicles in Transport	No	No Controls	5	1	Non-Incapacitating	NA	41.81111	-71.42893	FALSE	FALSE	Dexter Street and Warren Street, Providence, RI, USA	Med High	Raw	NA	FALSE	41.81111	-71.42893	2018	September
1216	2018-09-20	748068	14:29:00	Pedestrian	1	NA	FALSE	FALSE	1	WEST RIVER ST	BRANCH AVE	2018-09-20	Two-Way , Not Divided	Dry	Daylight	Clear	Other	No	Traffic Control Signal	2	1	Pain Reported	NA	41.8469	-71.41269	FALSE	FALSE	West River Street and Branch Ave, Providence, RI, USA	Med High	Raw	NA	FALSE	41.8469	-71.41269	2018	September
1217	2018-09-20	748069	14:08:00	Pedestrian	1	NA	FALSE	FALSE	1	BROADWAY	HARRIS AVE	2018-09-20	Two-Way, Divided, Unprotected (painted>4feet) Medium	Dry	Daylight	Clear	Other	No	Stop Signs	5	1	Pain Reported	NA	41.81705	-71.44029	FALSE	FALSE	Broadway and Harris Ave, Providence, RI, USA	Med	Raw	NA	FALSE	41.81705	-71.44029	2018	September
1218	2018-09-20	748102	16:30:00	Pedestrian	1	NA	FALSE	FALSE	1	Broadway	BERCLAY ST	2018-09-20	Two-Way, Divided, Unprotected (painted>4feet) Medium	Dry	Daylight	Clear	Not a Collision Between Two Motor Vehicles in Transport	Yes	No Controls	1	0	No Injury	NA	41.82165	-71.42156	FALSE	FALSE	Broadway and Berclay Street, Providence, RI, USA	Med	Raw	NA	FALSE	41.82165	-71.42156	2018	September
1215	2018-09-21	748162	20:05:00	Pedestrian	1	NA	FALSE	FALSE	1	EXCHANGE TER	FRANCIS ST	2018-09-21	One-Way Trafficway	Dry	Dark - Lighted	Clear	Not a Collision Between Two Motor Vehicles in Transport	No	Traffic Control Signal	4	1	Pain Reported	NA	41.82497	-71.41496	FALSE	FALSE	Exchange Ter and Francis Street, Providence, RI, USA	Med High	Raw	NA	FALSE	41.82497	-71.41496	2018	September
1213	2018-09-22	748256	17:19:00	Pedestrian	1	NA	FALSE	FALSE	1	450 Cranston Street	Superior Street	2018-09-22	Two-Way , Not Divided	Dry	Daylight	Clear	Not a Collision Between Two Motor Vehicles in Transport	No	No Controls	4	1	Non-Incapacitating	1	41.8107	-71.43234	TRUE	FALSE	450 Cranston Street, Providence, RI, USA	High	Raw	NA	FALSE	41.8107	-71.43234	2018	September
1214	2018-09-22	748264	19:11:00	Pedestrian	1	NA	FALSE	FALSE	1	REYNOLDS AVE	BROAD STREET	2018-09-22	Two-Way , Not Divided	Dry	Dark - Lighted	Clear	Head-On (Front - to - Front)	No	No Controls	2	1	Pain Reported	NA	41.80357	-71.41907	FALSE	FALSE	Reynolds Ave and Broad Street, Providence, RI, USA	Med High	Raw	NA	FALSE	41.80357	-71.41907	2018	September
1212	2018-09-24	748410	23:49:00	Pedestrian	1	NA	FALSE	FALSE	1	SMITH ST	CHALKSTONE AVE	2018-09-25	Two-Way , Not Divided	Dry	Dark - Lighted	Clear	Other	Yes	Pavement Markings	2	1	Pain Reported	2	41.83507	-71.42528	FALSE	FALSE	Smith Street and Chalkstone Ave, Providence, RI, USA	Med High	Raw	NA	FALSE	41.83507	-71.42528	2018	September
1208	2018-09-25	748422	05:58:00	Pedestrian	1	NA	FALSE	FALSE	1	201 Messer St	UNION AVE	2018-09-25	Two-Way , Not Divided	Dry	Dark - Lighted	Clear	Not a Collision Between Two Motor Vehicles in Transport	Yes	No Controls	2	1	Pain Reported	NA	41.81007	-71.43481	TRUE	FALSE	201 Messer Street, Providence, RI, USA	High	Raw	NA	FALSE	41.81007	-71.43481	2018	September
1209	2018-09-25	748439	11:10:00	Bicycle	NA	1	FALSE	FALSE	2	DORRANCE ST	CLIFFORD ST	2018-09-25	Two-Way, Divided, Unprotected (painted>4feet) Medium	Wet	Daylight	Sleet, Hail (Freezing Rain or Drizzle)	Other	No	No Controls	4	1	Pain Reported	NA	41.82161	-71.4089	FALSE	FALSE	Dorrance Street and Clifford Street, Providence, RI, USA	Med High	Raw	NA	FALSE	41.82161	-71.4089	2018	September
1210	2018-09-25	748510	19:47:00	Pedestrian	1	NA	FALSE	FALSE	1	FRICKER ST	BROAD ST	2018-09-25	Two-Way , Not Divided	Wet	Dark - Lighted	Rain	Angle - Direction Not Specified	Yes	Pavement Markings	3	1	Incapacitating	2	41.81537	-71.42074	FALSE	FALSE	Fricker Street and Broad Street, Providence, RI, USA	Med High	Raw	NA	FALSE	41.81537	-71.42074	2018	September
1211	2018-09-25	748576	03:58:00	Pedestrian	1	NA	FALSE	FALSE	1	172 Roanoke Street	CARLETON ST	2018-09-26	Two-Way , Not Divided	Dry	Daylight	Rain	Not a Collision Between Two Motor Vehicles in Transport	Yes	No Controls	1	0	No Injury	NA	41.83139	-71.44787	TRUE	FALSE	172 Roanoke Street, Providence, RI, USA	High	Raw	distance greater than 100m	TRUE	41.83139	-71.44787	2018	September
1203	2018-09-27	748620	08:22:00	Bicycle	NA	1	FALSE	FALSE	1	DOYLE AVE	HOPE ST	2018-09-27	Two-Way, Divided, Unprotected (painted>4feet) Medium	Dry	Daylight	Clear	Angle (Front - to - Side) Right Angle (Includes Broadside)	No	Traffic Control Signal	8	1	Pain Reported	2	41.83877	-71.4001	FALSE	FALSE	Doyle Ave and Hope Street, Providence, RI, USA	Med High	Raw	NA	FALSE	41.83877	-71.4001	2018	September