row_number	crash_date	crash_report_id	crash_time	collision_type	count_pedestrian	count_bicycle	scooter	wheel_chair	number_of_vehicles	street_or_highway	nearest_intersection	report_date	type_of_roadway	road_surface_condition	light_condition	weather_condition	manner_of_impact	hit_and_run	traffic_control	person_count	injury_count	most_serious_injury	number_of_lanes	lat_raw	lon_raw	has_st_number	is_intersection_null	address_sent_to_geocoder	api_coord_conf	best_coordinate_set	reason_for_qa	manually_qaed_record	final_lat	final_lon	year	month
1143	2018-11-21	756671	08:34:00	Pedestrian	1	NA	FALSE	FALSE	1	EXIT 22A (RT )	FRANCIS ST	2018-11-21	Two-Way , Not Divided	Dry	Daylight	Clear	Not a Collision Between Two Motor Vehicles in Transport	No	Traffic Control Signal	2	1	Pain Reported	2	41.82577	-71.41527	FALSE	FALSE	Exit 22a (Rt ) and Francis Street, Providence, RI, USA	Med	Raw	distance greater than 100m	TRUE	41.82577	-71.41527	2018	November
1142	2018-11-23	756781	08:19:00	Pedestrian	1	NA	FALSE	FALSE	1	Broadway	KNIGHT ST	2018-11-23	Two-Way, Divided, Unprotected (painted>4feet) Medium	Dry	Daylight	Clear	Other	No	Traffic Control Signal	2	1	Pain Reported	NA	41.8198	-71.42936	FALSE	FALSE	Broadway and Knight Street, Providence, RI, USA	Med	Raw	NA	FALSE	41.8198	-71.42936	2018	November
1141	2018-11-24	756883	21:39:00	Pedestrian	1	NA	FALSE	FALSE	1	DYER STREET	DORRANCE STREET	2018-11-24	Two-Way, Divided, Unprotected (painted>4feet) Medium	Dry	Dark - Lighted	Clear	Not a Collision Between Two Motor Vehicles in Transport	No	No Controls	3	1	Pain Reported	NA	41.80338	-71.40157	FALSE	FALSE	Dyer Street and Dorrance Street, Providence, RI, USA	Med High	Geocoded	distance greater than 100m	TRUE	41.8212095	-71.4081639	2018	November
1140	2018-11-25	756954	22:32:00	Pedestrian	1	NA	FALSE	FALSE	1	SAN SOUCI DR	VALLEY ST	2018-11-25	Unknown	Dry	Dark - Lighted	Clear	Not a Collision Between Two Motor Vehicles in Transport	Yes	No Controls	1	1	Pain Reported	NA	41.81742	-71.44157	FALSE	FALSE	San Souci Dr and Valley Street, Providence, RI, USA	Med High	Raw	NA	FALSE	41.81742	-71.44157	2018	November
1137	2018-11-26	757004	10:44:00	Pedestrian	1	NA	FALSE	FALSE	1	Broadway	Tobey Street	2018-11-26	Two-Way , Not Divided	Wet	Daylight	Cloudy	Other	No	No Controls	3	1	Pain Reported	2	41.81853	-71.43479	FALSE	FALSE	Broadway and Tobey Street, Providence, RI, USA	Med	Raw	NA	FALSE	41.81853	-71.43479	2018	November
1138	2018-11-26	757064	18:13:00	Pedestrian	1	NA	FALSE	FALSE	1	Olney Street	Brown Street	2018-11-26	Two-Way , Not Divided	Wet	Dark - Not Lighted	Rain	Not a Collision Between Two Motor Vehicles in Transport	No	Pavement Markings	3	1	Non-Incapacitating	1	41.8356	-71.40546	FALSE	FALSE	Olney Street and Brown Street, Providence, RI, USA	Med High	Raw	NA	FALSE	41.8356	-71.40546	2018	November
1139	2018-11-26	757074	19:03:00	Pedestrian	1	NA	FALSE	FALSE	1	ANGELL ST	WAYLAND AVE	2018-11-26	One-Way Trafficway	Wet	Dark - Lighted	Rain	Not a Collision Between Two Motor Vehicles in Transport	No	Traffic Control Signal	6	1	Non-Incapacitating	2	41.83017	-71.38783	FALSE	FALSE	Angell Street and Wayland Ave, Providence, RI, USA	Med High	Raw	NA	FALSE	41.83017	-71.38783	2018	November
1136	2018-11-28	757291	19:31:00	Bicycle	NA	1	FALSE	FALSE	1	PUBLIC ST	BROAD ST	2018-11-28	Two-Way , Not Divided	Dry	Dark - Lighted	Clear	Not a Collision Between Two Motor Vehicles in Transport	No	Traffic Control Signal	2	1	Pain Reported	NA	41.80442	-71.41935	FALSE	FALSE	Public Street and Broad Street, Providence, RI, USA	Med High	Raw	NA	FALSE	41.80442	-71.41935	2018	November
1135	2018-11-29	757482	17:21:00	Pedestrian	1	NA	FALSE	FALSE	1	175 Douglas Ave	CANDACE ST	2018-11-30	Unknown	Dry	Dark - Lighted	Clear	Not a Collision Between Two Motor Vehicles in Transport	Yes	No Controls	1	1	Pain Reported	NA	41.83723	-71.42243	TRUE	FALSE	175 Douglas Ave, Providence, RI, USA	High	Raw	NA	FALSE	41.83723	-71.42243	2018	November
1134	2018-11-30	757388	08:55:00	Bicycle	NA	1	FALSE	FALSE	1	Broadway	RINGGOLD ST	2018-11-30	Two-Way , Not Divided	Dry	Daylight	Clear	Not a Collision Between Two Motor Vehicles in Transport	No	No Controls	3	1	Pain Reported	NA	41.82121	-71.42335	FALSE	FALSE	Broadway and Ringgold Street, Providence, RI, USA	Med	Raw	NA	FALSE	41.82121	-71.42335	2018	November
1133	2018-12-03	758688	09:27:00	Bicycle	NA	1	FALSE	FALSE	1	HOPE STREET	WILLIAMS STREET	2018-12-03	Two-Way , Not Divided	Wet	Daylight	Clear	Other	No	No Controls	6	1	Pain Reported	2	41.82258	-71.39685	FALSE	FALSE	Hope Street and Williams Street, Providence, RI, USA	Med High	Raw	NA	FALSE	41.82258	-71.39685	2018	December
1132	2018-12-04	758810	18:25:00	Pedestrian	1	NA	FALSE	FALSE	1	POTTERS AVE	ELMWOOD AVE	2018-12-04	Two-Way , Not Divided	Dry	Dark - Lighted	Clear	Head-On (Front - to - Front)	No	No Controls	2	1	Pain Reported	NA	41.80151	-71.42635	FALSE	FALSE	Potters Ave and Elmwood Ave, Providence, RI, USA	Med High	Raw	NA	FALSE	41.80151	-71.42635	2018	December
1131	2018-12-06	759978	00:36:00	Bicycle	NA	1	FALSE	FALSE	1	Chalkstone Ave	SMITH ST	2018-12-06	Two-Way , Not Divided	Dry	Dark - Lighted	Clear	Not a Collision Between Two Motor Vehicles in Transport	No	Traffic Control Signal	2	1	Pain Reported	NA	41.83519	-71.42569	FALSE	FALSE	Chalkstone Ave and Smith Street, Providence, RI, USA	Med High	Raw	NA	FALSE	41.83519	-71.42569	2018	December
1129	2018-12-07	760104	13:18:00	Pedestrian	1	NA	FALSE	FALSE	1	ANGELL ST	GANO ST	2018-12-07	Two-Way , Not Divided	Dry	Daylight	Clear	Not a Collision Between Two Motor Vehicles in Transport	No	Traffic Control Signal	3	1	Pain Reported	NA	41.82958	-71.39097	FALSE	FALSE	Angell Street and Gano Street, Providence, RI, USA	Med High	Raw	NA	FALSE	41.82958	-71.39097	2018	December
1130	2018-12-07	760129	18:51:00	Pedestrian	1	NA	FALSE	FALSE	1	Academy Ave	NEWARK ST	2018-12-07	Two-Way , Not Divided	Dry	Daylight	Clear	Not a Collision Between Two Motor Vehicles in Transport	No	No Controls	3	1	Pain Reported	NA	41.82544	-71.4434	FALSE	FALSE	Academy Ave and Newark Street, Providence, RI, USA	Med High	Raw	NA	FALSE	41.82544	-71.4434	2018	December
1127	2018-12-08	760262	21:48:00	Pedestrian	1	NA	FALSE	FALSE	1	100 francis st	AMERICAN EXPRESS PLZ	2018-12-08	Two-Way , Not Divided	Dry	Dark - Lighted	Clear	Not a Collision Between Two Motor Vehicles in Transport	No	No Controls	3	0	No Injury	NA	41.8279	-71.41534	TRUE	FALSE	100 Francis Street, Providence, RI, USA	High	Raw	distance greater than 100m	TRUE	41.8279	-71.41534	2018	December
1128	2018-12-08	760271	22:44:00	Pedestrian	1	NA	FALSE	FALSE	1	BROADWAY	VINTON ST	2018-12-09	Two-Way , Not Divided	Dry	Dark - Lighted	Clear	Not a Collision Between Two Motor Vehicles in Transport	No	No Controls	3	1	Non-Incapacitating	NA	41.82007	-71.42819	FALSE	FALSE	Broadway and Vinton Street, Providence, RI, USA	Med	Raw	NA	FALSE	41.82007	-71.42819	2018	December
1126	2018-12-09	760349	21:40:00	Pedestrian	1	NA	FALSE	FALSE	1	Ruggles Street	Sparrow Street	2018-12-09	Two-Way , Not Divided	Dry	Dark - Lighted	Clear	Not a Collision Between Two Motor Vehicles in Transport	Yes	No Controls	2	1	Pain Reported	1	41.83818	-71.42825	FALSE	FALSE	Ruggles Street and Sparrow Street, Providence, RI, USA	Med High	Raw	NA	FALSE	41.83818	-71.42825	2018	December
1123	2018-12-10	760439	12:00:00	Pedestrian	1	NA	FALSE	FALSE	1	PLAINFIELD ST	PLAINFIELD ST	2018-12-10	Two-Way , Not Divided	Dry	Daylight	Clear	Not a Collision Between Two Motor Vehicles in Transport	Yes	No Controls	1	1	Pain Reported	NA	41.81414	-71.44737	FALSE	FALSE	Plainfield Street and Plainfield Street, Providence, RI, USA	Med	Raw	distance greater than 100m	TRUE	41.81414	-71.44737	2018	December
1124	2018-12-10	760462	19:01:00	Pedestrian	1	NA	FALSE	FALSE	1	S WATER ST	S WATER ST	2018-12-10	One-Way Trafficway	Dry	Dark - Lighted	Clear	Not a Collision Between Two Motor Vehicles in Transport	No	Other	2	1	Pain Reported	2	41.82276	-71.40639	FALSE	FALSE	S Water Street and S Water Street, Providence, RI, USA	Med	Raw	distance greater than 100m	TRUE	41.82276	-71.40639	2018	December
1125	2018-12-10	760469	15:30:00	Pedestrian	1	NA	FALSE	FALSE	1	Chalkstone Avenue	River Avenue	2018-12-10	Two-Way, Divided, Unprotected (painted>4feet) Medium	Dry	Daylight	Clear	Not a Collision Between Two Motor Vehicles in Transport	No	Traffic Control Signal	3	1	Pain Reported	1	41.83258	-71.43854	FALSE	FALSE	Chalkstone Avenue and River Avenue, Providence, RI, USA	Med High	Raw	NA	FALSE	41.83258	-71.43854	2018	December
1122	2018-12-11	760504	07:48:00	Pedestrian	1	NA	FALSE	FALSE	1	PLEASANT VALLEY PKWY	RIVER AVE	2018-12-11	One-Way Trafficway	Dry	Daylight	Clear	Not a Collision Between Two Motor Vehicles in Transport	No	Other	4	1	Pain Reported	NA	41.8355	-71.43917	FALSE	FALSE	Pleasant Valley Pkwy and River Ave, Providence, RI, USA	Med High	Raw	NA	FALSE	41.8355	-71.43917	2018	December
1121	2018-12-13	760719	12:05:00	Pedestrian	1	NA	FALSE	FALSE	1	CRANSTON ST	ALTHEA ST	2018-12-13	Two-Way , Not Divided	Dry	Daylight	Clear	Not a Collision Between Two Motor Vehicles in Transport	No	No Controls	7	1	Pain Reported	NA	41.80773	-71.43508	FALSE	FALSE	Cranston Street and Althea Street, Providence, RI, USA	Med High	Raw	NA	FALSE	41.80773	-71.43508	2018	December
1120	2018-12-14	760881	18:45:00	Pedestrian	1	NA	FALSE	FALSE	1	442 MANTON AVE	SISSON ST	2018-12-14	Two-Way , Not Divided	Dry	Dark - Lighted	Clear	Not a Collision Between Two Motor Vehicles in Transport	No	Traffic Control Signal	3	1	Pain Reported	NA	41.82546	-71.45529	TRUE	FALSE	442 Manton Ave, Providence, RI, USA	High	Raw	NA	FALSE	41.82546	-71.45529	2018	December
1118	2018-12-17	761140	20:22:00	Pedestrian	1	NA	FALSE	FALSE	1	chalkstone ave	ROSEBANK AVE	2018-12-17	Two-Way , Not Divided	Dry	Dark - Lighted	Clear	Other	Yes	No Controls	1	1	Pain Reported	NA	41.83397	-71.43451	FALSE	FALSE	Chalkstone Ave and Rosebank Ave, Providence, RI, USA	Med High	Raw	NA	FALSE	41.83397	-71.43451	2018	December
1119	2018-12-17	761144	20:46:00	Pedestrian	1	NA	FALSE	FALSE	1	Hartford Ave	HARTFORD AVE	2018-12-17	Two-Way , Not Divided	Dry	Dark - Lighted	Clear	Not a Collision Between Two Motor Vehicles in Transport	No	No Controls	2	1	Non-Incapacitating	NA	41.81843	-71.45779	FALSE	FALSE	Hartford Ave and Hartford Ave, Providence, RI, USA	Med	Raw	distance greater than 100m	TRUE	41.81843	-71.45779	2018	December
1117	2018-12-19	761317	14:47:00	Pedestrian	1	NA	FALSE	FALSE	1	Dudley St	CULVER ST	2018-12-19	Two-Way , Not Divided	Dry	Daylight	Clear	Not a Collision Between Two Motor Vehicles in Transport	Yes	No Controls	4	1	Non-Incapacitating	NA	41.81057	-71.40878	FALSE	FALSE	Dudley Street and Culver Street, Providence, RI, USA	Med High	Raw	NA	FALSE	41.81057	-71.40878	2018	December
1115	2018-12-20	761378	08:51:00	Bicycle	NA	1	FALSE	FALSE	1	BERKLEY ST	RIVER AVE	2018-12-20	Two-Way, Divided, Unprotected (painted>4feet) Medium	Dry	Daylight	Clear	Not a Collision Between Two Motor Vehicles in Transport	Yes	Stop Signs	1	1	Pain Reported	NA	41.83153	-71.43778	FALSE	FALSE	Berkley Street and River Ave, Providence, RI, USA	Med High	Raw	NA	FALSE	41.83153	-71.43778	2018	December
1116	2018-12-20	761448	22:35:00	Pedestrian	1	NA	FALSE	FALSE	1	DOUGLAS AVE	DOUGLAS AVE	2018-12-20	Two-Way , Not Divided	Wet	Dark - Lighted	Cloudy	Not a Collision Between Two Motor Vehicles in Transport	No	No Controls	3	1	Incapacitating	NA	41.84775	-71.43098	FALSE	FALSE	Douglas Ave and Douglas Ave, Providence, RI, USA	Med High	Raw	distance greater than 100m	TRUE	41.84775	-71.43098	2018	December
1113	2018-12-23	761670	07:30:00	Pedestrian	1	NA	FALSE	FALSE	1	160 Broad St	SERVICE ROAD 7	2018-12-23	One-Way Trafficway	Dry	Daylight	Clear	Not a Collision Between Two Motor Vehicles in Transport	No	Traffic Control Signal	2	1	Non-Incapacitating	NA	41.81736	-71.41696	TRUE	FALSE	160 Broad Street, Providence, RI, USA	High	Raw	NA	FALSE	41.81736	-71.41696	2018	December
1114	2018-12-23	761691	16:25:00	Pedestrian	1	NA	FALSE	FALSE	1	cutler st	BARSTOW ST	2018-12-23	Two-Way, Divided, Unprotected (painted>4feet) Medium	Dry	Daylight	Clear	Not a Collision Between Two Motor Vehicles in Transport	Yes	No Controls	1	1	Pain Reported	NA	41.82434	-71.44161	FALSE	FALSE	Cutler Street and Barstow Street, Providence, RI, USA	Med High	Raw	NA	FALSE	41.82434	-71.44161	2018	December
1112	2018-12-24	761785	17:41:00	Pedestrian	1	NA	FALSE	FALSE	1	BRANCH AVE	MOY ST	2018-12-24	Two-Way , Not Divided	Wet	Dark - Lighted	Cloudy	Not a Collision Between Two Motor Vehicles in Transport	Yes	No Controls	1	1	Incapacitating	NA	41.85492	-71.43664	FALSE	FALSE	Branch Ave and Moy Street, Providence, RI, USA	Med High	Raw	NA	FALSE	41.85492	-71.43664	2018	December
1111	2018-12-26	761879	14:09:00	Pedestrian	1	NA	FALSE	FALSE	1	DORRANCE ST.	FOUNTAIN ST	2018-12-26	Two-Way , Not Divided	Dry	Daylight	Clear	Other	Yes	Traffic Control Signal	3	1	Non-Incapacitating	NA	41.8349	-71.41676	FALSE	FALSE	Dorrance St. and Fountain Street, Providence, RI, USA	Med High	Geocoded	distance greater than 100m	TRUE	41.8249124	-71.4146249	2018	December
1110	2018-12-27	762031	14:03:00	Pedestrian	3	NA	FALSE	FALSE	1	AMERICAN EXPRESS PLZ	EXCHANGE ST	2018-12-28	Two-Way , Not Divided	Ice/Frost	Daylight	Clear	Not a Collision Between Two Motor Vehicles in Transport	No	Stop Signs	7	3	Pain Reported	NA	41.82833	-71.4132	FALSE	FALSE	American Express Plz and Exchange Street, Providence, RI, USA	Med	Raw	distance greater than 100m	TRUE	41.82833	-71.4132	2018	December
1107	2018-12-28	762064	16:20:00	Pedestrian	1	NA	FALSE	FALSE	1	DEXTER ST	CRANSTON ST	2018-12-28	Two-Way , Not Divided	Wet	Dark - Lighted	Rain	Not a Collision Between Two Motor Vehicles in Transport	No	No Controls	3	1	Pain Reported	2	41.81254	-71.42956	FALSE	FALSE	Dexter Street and Cranston Street, Providence, RI, USA	Med High	Raw	NA	FALSE	41.81254	-71.42956	2018	December
1108	2018-12-28	762081	19:05:00	Pedestrian	1	NA	FALSE	FALSE	1	Chalkstone Ave	Tiffany St.	2018-12-28	Two-Way , Not Divided	Wet	Dark - Lighted	Rain	Not a Collision Between Two Motor Vehicles in Transport	No	No Controls	2	1	Pain Reported	NA	41.83226	-71.44101	FALSE	FALSE	Chalkstone Ave and Tiffany St., Providence, RI, USA	Med High	Raw	NA	FALSE	41.83226	-71.44101	2018	December
1109	2018-12-28	762094	19:09:00	Pedestrian	1	NA	FALSE	FALSE	1	Plainfield Street	WEBSTER AVE	2018-12-28	Two-Way, Divided, Positive Median Barrier	Wet	Dark - Lighted	Rain	Not a Collision Between Two Motor Vehicles in Transport	No	Traffic Control Signal	8	1	Non-Incapacitating	1	41.81366	-71.45067	FALSE	FALSE	Plainfield Street and Webster Ave, Providence, RI, USA	Med High	Raw	NA	FALSE	41.81366	-71.45067	2018	December
1106	2018-12-31	762772	21:15:00	Bicycle	NA	NA	FALSE	FALSE	2	SEABURY ST	POTTERS AVE	2019-01-05	Two-Way , Not Divided	Wet	Dark - Lighted	Rain	Not a Collision Between Two Motor Vehicles in Transport	Yes	No Controls	2	0	No Injury	2	41.80319	-71.43257	FALSE	FALSE	Seabury Street and Potters Ave, Providence, RI, USA	Med High	Raw	NA	FALSE	41.80319	-71.43257	2018	December
1105	2019-01-02	762524	06:31:00	Pedestrian	1	NA	FALSE	FALSE	1	BLACKSTONE ST	EDDY ST	2019-01-03	Two-Way , Not Divided	Dry	Dark - Lighted	Clear	Not a Collision Between Two Motor Vehicles in Transport	No	No Controls	3	0	No Injury	NA	41.81013	-71.40723	FALSE	FALSE	Blackstone Street and Eddy Street, Providence, RI, USA	Med High	Raw	NA	FALSE	41.81013	-71.40723	2019	January
1103	2019-01-03	762583	17:22:00	Pedestrian	1	NA	FALSE	FALSE	1	Broadway	DEAN ST	2019-01-03	Two-Way, Divided, Unprotected (painted>4feet) Medium	Dry	Dark - Lighted	Clear	Not a Collision Between Two Motor Vehicles in Transport	No	Traffic Control Signal	3	1	Pain Reported	NA	41.8214	-71.42253	FALSE	FALSE	Broadway and Dean Street, Providence, RI, USA	Med	Raw	NA	FALSE	41.8214	-71.42253	2019	January
1104	2019-01-03	763004	16:15:00	Pedestrian	1	NA	FALSE	FALSE	1	Westfield Street	Harrison Street	2019-01-08	Two-Way, Divided, Unprotected (painted>4feet) Medium	Dry	Daylight	Clear	Not a Collision Between Two Motor Vehicles in Transport	Yes	No Controls	1	1	Pain Reported	1	41.8103	-71.42739	FALSE	FALSE	Westfield Street and Harrison Street, Providence, RI, USA	Med High	Raw	NA	FALSE	41.8103	-71.42739	2019	January
1102	2019-01-09	763129	18:17:00	Bicycle	NA	1	FALSE	FALSE	1	BROAD ST	ELMWOOD AVE	2019-01-09	Two-Way , Not Divided	Dry	Dark - Lighted	Clear	Not a Collision Between Two Motor Vehicles in Transport	No	Traffic Control Signal	2	1	Non-Incapacitating	NA	41.8129	-71.42199	FALSE	FALSE	Broad Street and Elmwood Ave, Providence, RI, USA	Med	Raw	NA	FALSE	41.8129	-71.42199	2019	January
1101	2019-01-11	763265	08:40:00	Pedestrian	1	NA	FALSE	FALSE	1	Washington Street	Eddy Street	2019-01-11	Two-Way, Divided, Unprotected (painted>4feet) Medium	Dry	Daylight	Clear	Not a Collision Between Two Motor Vehicles in Transport	No	Pavement Markings	3	1	Non-Incapacitating	1	41.82401	-71.4134	FALSE	FALSE	Washington Street and Eddy Street, Providence, RI, USA	Med	Raw	NA	FALSE	41.82401	-71.4134	2019	January
1099	2019-01-14	764529	17:28:00	Pedestrian	1	NA	FALSE	FALSE	1	Douglas Ave	RIVER AVE	2019-01-14	Two-Way, Divided, Unprotected (painted>4feet) Medium	Dry	Dark - Lighted	Clear	Not a Collision Between Two Motor Vehicles in Transport	No	No Controls	4	1	Pain Reported	NA	41.8527	-71.43707	FALSE	FALSE	Douglas Ave and River Ave, Providence, RI, USA	Med High	Raw	NA	FALSE	41.8527	-71.43707	2019	January
1100	2019-01-14	764570	12:20:00	Bicycle	NA	1	FALSE	FALSE	1	Elmwood Avenue	Cadillac Drive	2019-01-15	Two-Way, Divided, Positive Median Barrier	Dry	Daylight	Clear	Not a Collision Between Two Motor Vehicles in Transport	No	Stop Signs	2	1	Non-Incapacitating	2	41.78916	-71.42126	FALSE	FALSE	Elmwood Avenue and Cadillac Drive, Providence, RI, USA	Med High	Raw	NA	FALSE	41.78916	-71.42126	2019	January
1098	2019-01-15	764593	20:51:00	Pedestrian	1	NA	FALSE	FALSE	1	MANTON AVE	HERSCHEL ST	2019-01-15	Two-Way , Not Divided	Dry	Daylight	Clear	Not a Collision Between Two Motor Vehicles in Transport	No	No Controls	4	1	Pain Reported	NA	41.83331	-71.46961	FALSE	FALSE	Manton Ave and Herschel Street, Providence, RI, USA	Med High	Raw	NA	FALSE	41.83331	-71.46961	2019	January
1097	2019-01-16	764719	10:05:00	Pedestrian	1	NA	FALSE	FALSE	1	Potters Ave	PRAIRIE AVE	2019-01-16	Two-Way , Not Divided	Dry	Daylight	Clear	Not a Collision Between Two Motor Vehicles in Transport	No	Stop Signs	3	1	Pain Reported	NA	41.80407	-71.4143	FALSE	FALSE	Potters Ave and Prairie Ave, Providence, RI, USA	Med High	Raw	NA	FALSE	41.80407	-71.4143	2019	January
1096	2019-01-17	764853	15:51:00	Pedestrian	1	NA	FALSE	FALSE	1	WESTMINSTER ST	STOKES ST	2019-01-17	Two-Way , Not Divided	Dry	Daylight	Clear	Other	No	Traffic Control Signal	2	1	Pain Reported	NA	41.81673	-71.44285	FALSE	FALSE	Westminster Street and Stokes Street, Providence, RI, USA	Med High	Raw	NA	FALSE	41.81673	-71.44285	2019	January
1095	2019-01-20	765113	16:06:00	Bicycle	NA	NA	FALSE	FALSE	2	WESTMINSTER ST	SERVICE ROAD 8	2019-01-20	Two-Way , Not Divided	Ice/Frost	Daylight	Rain	Rear End(Front-to-Rear)	No	No Controls	4	0	No Injury	NA	41.81919	-71.41791	FALSE	FALSE	Westminster Street and Service Road 8, Providence, RI, USA	Med High	Raw	distance greater than 100m	TRUE	41.81919	-71.41791	2019	January
1094	2019-01-22	765445	11:26:00	Pedestrian	1	NA	FALSE	FALSE	1	Bridgham Street	Westminster Street	2019-01-23	Two-Way, Divided, Unprotected (painted>4feet) Medium	Dry	Daylight	Clear	Not a Collision Between Two Motor Vehicles in Transport	No	No Controls	3	1	Pain Reported	1	41.81692	-71.42841	FALSE	FALSE	Bridgham Street and Westminster Street, Providence, RI, USA	Med High	Raw	NA	FALSE	41.81692	-71.42841	2019	January
1093	2019-01-23	765504	18:18:00	Pedestrian	1	NA	FALSE	FALSE	1	DOYLE AVE	HOPE ST	2019-01-23	Two-Way , Not Divided	Wet	Dark - Not Lighted	Clear	Not a Collision Between Two Motor Vehicles in Transport	No	Traffic Control Signal	5	1	Non-Incapacitating	NA	41.83877	-71.4001	FALSE	FALSE	Doyle Ave and Hope Street, Providence, RI, USA	Med High	Raw	NA	FALSE	41.83877	-71.4001	2019	January
1088	2019-01-24	765576	07:23:00	Pedestrian	1	NA	FALSE	FALSE	1	ADMIRAL ST	HUXLEY AVE	2019-01-24	Two-Way , Not Divided	Wet	Daylight	Rain	Other	No	No Controls	2	1	Pain Reported	2	41.83463	-71.41633	FALSE	FALSE	Admiral Street and Huxley Ave, Providence, RI, USA	Med High	Geocoded	distance greater than 100m	TRUE	41.8467787	-71.4326586	2019	January
1089	2019-01-24	765594	12:10:00	Bicycle	NA	1	FALSE	FALSE	1	WEYBOSSET ST	UNION ST	2019-01-24	Two-Way , Not Divided	Wet	Daylight	Rain	Sideswipe, Same Direction	No	No Controls	3	1	Non-Incapacitating	NA	41.82237	-71.41167	FALSE	FALSE	Weybosset Street and Union Street, Providence, RI, USA	Med High	Raw	NA	FALSE	41.82237	-71.41167	2019	January
1090	2019-01-24	765601	12:11:00	Pedestrian	1	NA	FALSE	FALSE	1	633 N Main St	N MAIN ST	2019-01-24	Two-Way , Not Divided	Wet	Daylight	Rain	Not a Collision Between Two Motor Vehicles in Transport	No	Pavement Markings	4	1	Incapacitating	2	41.83662	-71.4096	TRUE	FALSE	633 N Main Street, Providence, RI, USA	High	Raw	NA	FALSE	41.83662	-71.4096	2019	January
1091	2019-01-24	765641	17:06:00	Pedestrian	1	NA	FALSE	FALSE	1	DUDLEY ST	GAY ST	2019-01-24	Two-Way , Not Divided	Wet	Dark - Lighted	Rain	Not a Collision Between Two Motor Vehicles in Transport	No	Stop Signs	2	1	Pain Reported	NA	41.81003	-71.4129	FALSE	FALSE	Dudley Street and Gay Street, Providence, RI, USA	Med High	Raw	NA	FALSE	41.81003	-71.4129	2019	January
1092	2019-01-24	765665	17:06:00	Pedestrian	1	NA	FALSE	FALSE	1	BLACKSTONE ST	EDDY ST	2019-01-24	Two-Way , Not Divided	Wet	Dark - Lighted	Rain	Not a Collision Between Two Motor Vehicles in Transport	No	Pavement Markings	2	1	Pain Reported	NA	41.81013	-71.40722	FALSE	FALSE	Blackstone Street and Eddy Street, Providence, RI, USA	Med High	Raw	NA	FALSE	41.81013	-71.40722	2019	January
1087	2019-01-26	765854	15:28:00	Pedestrian	1	NA	FALSE	FALSE	1	SPICER ST	BERNARD ST	2019-01-26	Two-Way , Not Divided	Dry	Daylight	Clear	Not a Collision Between Two Motor Vehicles in Transport	No	No Controls	3	1	Pain Reported	NA	41.79105	-71.40639	FALSE	FALSE	Spicer Street and Bernard Street, Providence, RI, USA	Med High	Raw	distance greater than 100m	TRUE	41.79105	-71.40639	2019	January
1086	2019-01-30	766269	19:26:00	Pedestrian	1	NA	FALSE	FALSE	1	ELMWOOD AVE	PARKIS AVE	2019-01-30	Two-Way , Not Divided	Wet	Dark - Lighted	Snow	Not a Collision Between Two Motor Vehicles in Transport	Yes	No Controls	2	1	Non-Incapacitating	NA	41.80883	-71.42462	FALSE	FALSE	Elmwood Ave and Parkis Ave, Providence, RI, USA	Med High	Raw	NA	FALSE	41.80883	-71.42462	2019	January
1085	2019-02-02	766531	17:22:00	Pedestrian	2	NA	FALSE	FALSE	1	NARRAGANSETT BLVD	OHIO AVENUE	2019-02-02	Two-Way , Not Divided	Sand	Dark - Not Lighted	Clear	Not a Collision Between Two Motor Vehicles in Transport	No	No Controls	5	2	Pain Reported	NA	41.79008	-71.39635	FALSE	FALSE	Narragansett Blvd and Ohio Avenue, Providence, RI, USA	Med High	Raw	NA	FALSE	41.79008	-71.39635	2019	February
1084	2019-02-03	766608	17:33:00	Pedestrian	1	NA	FALSE	FALSE	1	BELLEVUE AVE	BUCKLIN ST	2019-02-03	Two-Way , Not Divided	Dry	Dark - Not Lighted	Clear	Not a Collision Between Two Motor Vehicles in Transport	Yes	No Controls	4	1	Pain Reported	NA	41.8072	-71.42712	FALSE	FALSE	Bellevue Ave and Bucklin Street, Providence, RI, USA	Med High	Raw	NA	FALSE	41.8072	-71.42712	2019	February
1082	2019-02-04	766690	12:08:00	Pedestrian	1	NA	FALSE	FALSE	1	S MAIN ST	COLLEGE ST	2019-02-04	Two-Way , Not Divided	Dry	Daylight	Clear	Not a Collision Between Two Motor Vehicles in Transport	No	No Controls	5	1	Pain Reported	NA	41.82574	-71.40793	FALSE	FALSE	S Main Street and College Street, Providence, RI, USA	Med High	Raw	NA	FALSE	41.82574	-71.40793	2019	February
1083	2019-02-04	766752	17:43:00	Pedestrian	1	NA	FALSE	FALSE	1	FRANCIS ST	FOUNTAIN ST	2019-02-04	Two-Way , Not Divided	Dry	Dark - Lighted	Clear	Not a Collision Between Two Motor Vehicles in Transport	No	Traffic Control Signal	2	1	Pain Reported	NA	41.82489	-71.4145	FALSE	FALSE	Francis Street and Fountain Street, Providence, RI, USA	Med	Raw	distance greater than 100m	TRUE	41.82489	-71.4145	2019	February