row_number	crash_date	crash_report_id	crash_time	collision_type	count_pedestrian	count_bicycle	scooter	wheel_chair	number_of_vehicles	street_or_highway	nearest_intersection	report_date	type_of_roadway	road_surface_condition	light_condition	weather_condition	manner_of_impact	hit_and_run	traffic_control	person_count	injury_count	most_serious_injury	number_of_lanes	lat_raw	lon_raw	has_st_number	is_intersection_null	address_sent_to_geocoder	api_coord_conf	best_coordinate_set	reason_for_qa	manually_qaed_record	final_lat	final_lon	year	month
1019	2019-05-13	781893	16:26:00	Pedestrian	1	NA	FALSE	FALSE	1	THURBERS AVE	WEISS CT	2019-05-13	Two-Way , Not Divided	Wet	Daylight	Rain	Not a Collision Between Two Motor Vehicles in Transport	No	No Controls	2	1	Pain Reported	NA	41.79834	-71.41391	FALSE	FALSE	Thurbers Ave and Weiss Ct, Providence, RI, USA	Med High	Raw	NA	FALSE	41.79834	-71.41391	2019	May
1018	2019-05-14	782054	15:45:00	Pedestrian	1	NA	FALSE	FALSE	1	BROAD ST	MOORE ST	2019-05-14	Two-Way , Not Divided	Dry	Daylight	Clear	Not a Collision Between Two Motor Vehicles in Transport	No	No Controls	3	1	Pain Reported	NA	41.80484	-71.4195	FALSE	FALSE	Broad Street and Moore Street, Providence, RI, USA	Med	Raw	NA	FALSE	41.80484	-71.4195	2019	May
1017	2019-05-15	782165	19:47:00	Bicycle	NA	1	FALSE	FALSE	1	RICHMOND ST	POINT STREET	2019-05-15	Two-Way , Not Divided	Dry	Dusk	Clear	Not a Collision Between Two Motor Vehicles in Transport	No	Traffic Control Signal	2	1	Incapacitating	NA	41.81655	-71.40727	FALSE	FALSE	Richmond Street and Point Street, Providence, RI, USA	Med High	Raw	NA	FALSE	41.81655	-71.40727	2019	May
1015	2019-05-16	782208	08:46:00	Pedestrian	1	NA	FALSE	FALSE	1	Sabin Street	Empire Street	2019-05-16	One-Way Trafficway	Dry	Daylight	Clear	Not a Collision Between Two Motor Vehicles in Transport	No	Traffic Control Signal	3	1	Pain Reported	3	NA	NA	FALSE	FALSE	Sabin Street and Empire Street, Providence, RI, USA	Med High	Geocoded	raw coords null but geocoded coords found	TRUE	41.8228161	-71.4178655	2019	May
1016	2019-05-16	782234	15:13:00	Bicycle	NA	1	FALSE	FALSE	1	ROGER WILLIAMS AVE	ALEXANDER ST	2019-05-16	Two-Way , Not Divided	Dry	Daylight	Clear	Not a Collision Between Two Motor Vehicles in Transport	No	Stop Signs	3	1	Pain Reported	NA	41.78853	-71.4262	FALSE	FALSE	Roger Williams Ave and Alexander Street, Providence, RI, USA	Med High	Raw	NA	FALSE	41.78853	-71.4262	2019	May
1014	2019-05-17	782414	20:59:00	Pedestrian	1	NA	FALSE	FALSE	1	PARK ROW E	CANAL ST	2019-05-17	Two-Way , Not Divided	Dry	Dark - Lighted	Clear	Not a Collision Between Two Motor Vehicles in Transport	No	No Controls	4	0	No Injury	NA	41.82845	-71.41081	FALSE	FALSE	Park Row E and Canal Street, Providence, RI, USA	Med High	Raw	NA	FALSE	41.82845	-71.41081	2019	May
1013	2019-05-18	782496	17:23:00	Bicycle	NA	NA	FALSE	FALSE	2	GALILEO AVE	SAMOSET AVE	2019-05-18	Two-Way , Not Divided	Dry	Daylight	Clear	Angle (Front - to - Side) Right Angle (Includes Broadside)	No	Stop Signs	3	1	Pain Reported	NA	41.83582	-71.45363	FALSE	FALSE	Galileo Ave and Samoset Ave, Providence, RI, USA	Med High	Raw	NA	FALSE	41.83582	-71.45363	2019	May
1012	2019-05-20	782738	14:47:00	Bicycle	NA	1	FALSE	FALSE	1	WATERMAN ST	GOVERNOR ST	2019-05-20	One-Way Trafficway	Dry	Daylight	Clear	Not a Collision Between Two Motor Vehicles in Transport	No	No Controls	2	1	Pain Reported	NA	41.82762	-71.39389	FALSE	FALSE	Waterman Street and Governor Street, Providence, RI, USA	Med High	Raw	NA	FALSE	41.82762	-71.39389	2019	May
1011	2019-05-21	782908	18:08:00	Bicycle	NA	NA	FALSE	FALSE	2	CRANSTON ST	DODGE ST	2019-05-21	Two-Way , Not Divided	Dry	Daylight	Clear	Not a Collision Between Two Motor Vehicles in Transport	Yes	No Controls	1	0	Unknown	NA	41.81465	-71.42574	FALSE	FALSE	Cranston Street and Dodge Street, Providence, RI, USA	Med High	Raw	NA	FALSE	41.81465	-71.42574	2019	May
1009	2019-05-22	783037	18:56:00	Bicycle	NA	2	FALSE	FALSE	1	CHALKSTONE AVE	FREDERICK ST	2019-05-22	Two-Way , Not Divided	Dry	Daylight	Clear	Not a Collision Between Two Motor Vehicles in Transport	Yes	No Controls	2	2	Pain Reported	NA	41.83447	-71.42888	FALSE	FALSE	Chalkstone Ave and Frederick Street, Providence, RI, USA	Med High	Raw	NA	FALSE	41.83447	-71.42888	2019	May
1010	2019-05-22	783053	20:59:00	Other	NA	NA	TRUE	FALSE	2	Point St	Service road #8	2019-05-22	One-Way Trafficway	Dry	Dark - Lighted	Clear	Head-On (Front - to - Front)	Yes	Traffic Control Signal	3	1	Pain Reported	2	41.81513	-71.41193	FALSE	FALSE	Point Street and Service Road #8, Providence, RI, USA	Med	Raw	distance greater than 100m	TRUE	41.81513	-71.41193	2019	May
1008	2019-05-24	783272	20:43:00	Bicycle	NA	1	FALSE	FALSE	1	NORTHUP AVE	HALL ST	2019-05-24	Two-Way , Not Divided	Dry	Dark - Lighted	Clear	Not a Collision Between Two Motor Vehicles in Transport	Yes	No Controls	1	1	Pain Reported	NA	41.85151	-71.4165	FALSE	FALSE	Northup Ave and Hall Street, Providence, RI, USA	Med High	Raw	NA	FALSE	41.85151	-71.4165	2019	May
1006	2019-05-25	783338	10:25:00	Pedestrian	1	NA	FALSE	FALSE	1	BROAD ST	MASSACHUSETTS AVE	2019-05-25	Two-Way , Not Divided	Dry	Daylight	Clear	Other	No	No Controls	3	1	Pain Reported	NA	41.78635	-71.40193	FALSE	FALSE	Broad Street and Massachusetts Ave, Providence, RI, USA	Med	Raw	NA	FALSE	41.78635	-71.40193	2019	May
1007	2019-05-25	783344	14:12:00	Bicycle	NA	1	FALSE	FALSE	1	BROADWAY	VALLEY ST	2019-05-25	Two-Way , Not Divided	Dry	Daylight	Clear	Not a Collision Between Two Motor Vehicles in Transport	No	Traffic Control Signal	2	1	Pain Reported	NA	41.81684	-71.441	FALSE	FALSE	Broadway and Valley Street, Providence, RI, USA	Med	Raw	NA	FALSE	41.81684	-71.441	2019	May
1005	2019-05-29	783754	17:57:00	Pedestrian	1	NA	FALSE	FALSE	1	CAHIR ST	BROAD ST	2019-05-29	Two-Way , Not Divided	Dry	Daylight	Clear	Not a Collision Between Two Motor Vehicles in Transport	No	No Controls	3	1	Pain Reported	NA	41.81698	-71.41799	FALSE	FALSE	Cahir Street and Broad Street, Providence, RI, USA	Med High	Raw	NA	FALSE	41.81698	-71.41799	2019	May
1004	2019-05-30	783869	22:27:00	Pedestrian	1	NA	FALSE	FALSE	1	MOUNT PLEASANT AVE	CHALKSTONE AVE	2019-05-31	Two-Way , Not Divided	Wet	Dark - Lighted	Rain	Not a Collision Between Two Motor Vehicles in Transport	No	Traffic Control Signal	5	1	Pain Reported	NA	41.8327	-71.44975	FALSE	FALSE	Mount Pleasant Ave and Chalkstone Ave, Providence, RI, USA	Med High	Raw	NA	FALSE	41.8327	-71.44975	2019	May
1003	2019-05-31	783947	22:30:00	Bicycle	NA	1	FALSE	FALSE	1	BRANCH AVE EXIT	BRANCH AVE	2019-06-01	Two-Way , Not Divided	Dry	Dark - Lighted	Clear	Not a Collision Between Two Motor Vehicles in Transport	No	Yield Signs	2	1	Pain Reported	NA	41.85252	-71.42536	FALSE	FALSE	Branch Ave Exit and Branch Ave, Providence, RI, USA	Med	Raw	distance greater than 100m	TRUE	41.85252	-71.42536	2019	May
1001	2019-06-01	783971	11:00:00	Bicycle	NA	1	FALSE	FALSE	1	BROAD ST	BROAD ST	2019-06-01	Two-Way, Divided, Unprotected (painted>4feet) Medium	Dry	Daylight	Clear	Angle (Front - to - Side) Right Angle (Includes Broadside)	Yes	Traffic Control Signal	2	1	Non-Incapacitating	NA	41.80977	-71.42101	FALSE	FALSE	Broad Street and Broad Street, Providence, RI, USA	Med	Raw	distance greater than 100m	TRUE	41.80977	-71.42101	2019	June
1002	2019-06-01	784030	19:32:00	Bicycle	NA	NA	FALSE	FALSE	2	ELMWOOD AVE	CADILLAC DR	2019-06-01	Two-Way, Divided, Positive Median Barrier	Dry	Daylight	Clear	Angle (Front - to - Side) Same Direction	No	No Controls	1	1	Pain Reported	NA	41.78916	-71.42126	FALSE	FALSE	Elmwood Ave and Cadillac Dr, Providence, RI, USA	Med High	Raw	NA	FALSE	41.78916	-71.42126	2019	June
1000	2019-06-04	784357	22:21:00	Pedestrian	1	NA	FALSE	FALSE	1	JOSLIN ST	KOSSUTH ST	2019-06-05	Two-Way , Not Divided	Dry	Dark - Lighted	Clear	Other	Yes	No Controls	1	1	Pain Reported	NA	41.82235	-71.44673	FALSE	FALSE	Joslin Street and Kossuth Street, Providence, RI, USA	Med High	Raw	NA	FALSE	41.82235	-71.44673	2019	June
999	2019-06-08	784767	16:40:00	Bicycle	NA	1	FALSE	FALSE	1	332 Valley Street	RILL ST	2019-06-08	Two-Way, Divided, Unprotected (painted>4feet) Medium	Dry	Daylight	Clear	Other	No	No Controls	2	1	Pain Reported	NA	41.82659	-71.43819	TRUE	FALSE	332 Valley Street, Providence, RI, USA	High	Raw	NA	FALSE	41.82659	-71.43819	2019	June
997	2019-06-09	784816	12:45:00	Pedestrian	1	NA	FALSE	FALSE	1	73 PHEBE ST	ADMIRAL ST	2019-06-09	Two-Way , Not Divided	Dry	Daylight	Clear	Other	Yes	No Controls	2	1	Non-Incapacitating	NA	41.83618	-71.41545	TRUE	FALSE	73 Phebe Street, Providence, RI, USA	High	Geocoded	distance greater than 100m	TRUE	41.8526339	-71.4419725	2019	June
998	2019-06-09	784858	21:00:00	Pedestrian	1	NA	FALSE	FALSE	1	833 POTTERS AVE	PURITAN ST	2019-06-09	Two-Way , Not Divided	Dry	Dark - Lighted	Clear	Not a Collision Between Two Motor Vehicles in Transport	Yes	No Controls	1	1	Non-Incapacitating	NA	41.80476	-71.43701	TRUE	FALSE	833 Potters Ave, Providence, RI, USA	High	Raw	NA	FALSE	41.80476	-71.43701	2019	June
996	2019-06-11	785038	16:31:00	Pedestrian	1	NA	FALSE	FALSE	1	27 Armington Ave	PEMBERTON ST	2019-06-11	Two-Way , Not Divided	Dry	Daylight	Clear	Not a Collision Between Two Motor Vehicles in Transport	No	No Controls	5	1	Pain Reported	NA	41.82714	-71.44484	TRUE	FALSE	27 Armington Ave, Providence, RI, USA	High	Raw	NA	FALSE	41.82714	-71.44484	2019	June
995	2019-06-15	785385	19:37:00	Pedestrian	1	NA	FALSE	FALSE	1	GRAPE ST	ALICANT ST	2019-06-15	Two-Way , Not Divided	Dry	Daylight	Clear	Not a Collision Between Two Motor Vehicles in Transport	Yes	No Controls	1	1	Incapacitating	NA	41.84459	-71.43025	FALSE	FALSE	Grape Street and Alicant Street, Providence, RI, USA	Med High	Raw	NA	FALSE	41.84459	-71.43025	2019	June
993	2019-06-16	785439	15:54:00	Bicycle	NA	1	FALSE	FALSE	1	NEWARK ST	VALLEY ST	2019-06-16	Two-Way , Not Divided	Dry	Daylight	Clear	Not a Collision Between Two Motor Vehicles in Transport	No	Stop Signs	2	1	Pain Reported	NA	41.82521	-71.43931	FALSE	FALSE	Newark Street and Valley Street, Providence, RI, USA	Med High	Raw	NA	FALSE	41.82521	-71.43931	2019	June
994	2019-06-16	785450	17:29:00	Pedestrian	1	NA	FALSE	FALSE	1	86 AYRAULT ST	CHALKSTONE AVE	2019-06-16	One-Way Trafficway	Dry	Daylight	Clear	Not a Collision Between Two Motor Vehicles in Transport	No	No Controls	2	1	Non-Incapacitating	NA	41.83374	-71.42907	TRUE	FALSE	86 Ayrault Street, Providence, RI, USA	High	Raw	NA	FALSE	41.83374	-71.42907	2019	June
992	2019-06-17	785528	17:28:00	Pedestrian	1	NA	FALSE	FALSE	1	BROAD ST	CLAVERICK ST	2019-06-17	Two-Way , Not Divided	Dry	Daylight	Clear	Not a Collision Between Two Motor Vehicles in Transport	No	Traffic Control Signal	3	0	No Injury	NA	41.81938	-71.41493	FALSE	FALSE	Broad Street and Claverick Street, Providence, RI, USA	Med	Raw	NA	FALSE	41.81938	-71.41493	2019	June
989	2019-06-19	785680	07:52:00	Bicycle	NA	1	FALSE	FALSE	1	Broadway	Almy Street	2019-06-19	Two-Way , Not Divided	Dry	Daylight	Clear	Not a Collision Between Two Motor Vehicles in Transport	No	Traffic Control Signal	3	0	No Injury	NA	41.81896	-71.43294	FALSE	FALSE	Broadway and Almy Street, Providence, RI, USA	Med	Raw	NA	FALSE	41.81896	-71.43294	2019	June
990	2019-06-19	785687	09:26:00	Bicycle	NA	1	FALSE	FALSE	1	Branch Ave	Branch Ave Exit	2019-06-19	Two-Way, Divided, Positive Median Barrier	Dry	Daylight	Clear	Not a Collision Between Two Motor Vehicles in Transport	Yes	No Controls	2	1	Pain Reported	NA	41.8461	-71.4114	FALSE	FALSE	Branch Ave and Branch Ave Exit, Providence, RI, USA	Med	Raw	distance greater than 100m	TRUE	41.8461	-71.4114	2019	June
991	2019-06-19	785760	20:59:00	Pedestrian	1	NA	FALSE	FALSE	1	ELMWOOD AVENUE	MAWNEY STREET	2019-06-19	Two-Way , Not Divided	Dry	Dark - Lighted	Clear	Not a Collision Between Two Motor Vehicles in Transport	Yes	Pavement Markings	1	1	Pain Reported	NA	41.80357	-71.42571	FALSE	FALSE	Elmwood Avenue and Mawney Street, Providence, RI, USA	Med High	Raw	NA	FALSE	41.80357	-71.42571	2019	June
988	2019-06-20	785823	16:04:00	Pedestrian	1	NA	FALSE	FALSE	1	384 NIAGARA ST	NA	2019-06-20	Two-Way , Not Divided	Wet	Daylight	Fog, Smog, Smoke	Not a Collision Between Two Motor Vehicles in Transport	Yes	No Controls	1	1	Non-Incapacitating	NA	41.79272	-71.41417	TRUE	TRUE	384 Niagara Street, Providence, RI, USA	High	Raw	NA	FALSE	41.79272	-71.41417	2019	June
987	2019-06-22	786034	21:38:00	Pedestrian	1	NA	FALSE	FALSE	1	123 ELMWOOD AVE	ELMWOOD AVE	2019-06-22	Two-Way , Not Divided	Dry	Dark - Lighted	Clear	Not a Collision Between Two Motor Vehicles in Transport	No	No Controls	4	1	Pain Reported	NA	41.80996	-71.424	TRUE	FALSE	123 Elmwood Ave, Providence, RI, USA	High	Raw	NA	FALSE	41.80996	-71.424	2019	June
986	2019-06-23	786084	13:45:00	Pedestrian	1	NA	FALSE	FALSE	1	FREMONT ST	IVES ST	2019-06-23	Two-Way , Not Divided	Dry	Daylight	Clear	Not a Collision Between Two Motor Vehicles in Transport	No	No Controls	3	1	Pain Reported	NA	41.8223	-71.39225	FALSE	FALSE	Fremont Street and Ives Street, Providence, RI, USA	Med High	Raw	NA	FALSE	41.8223	-71.39225	2019	June
985	2019-06-24	786287	13:00:00	Bicycle	NA	1	FALSE	FALSE	1	630 MOUNT PLEASANT AVE	LENNON ST	2019-06-25	Two-Way , Not Divided	Dry	Daylight	Clear	Not a Collision Between Two Motor Vehicles in Transport	Yes	No Controls	3	0	No Injury	NA	41.84355	-71.45318	TRUE	FALSE	630 Mount Pleasant Ave, Providence, RI, USA	High	Raw	NA	FALSE	41.84355	-71.45318	2019	June
983	2019-06-25	786384	20:37:00	Bicycle	NA	1	FALSE	FALSE	1	CHAPIN AVE	ELLERY ST	2019-06-25	Two-Way , Not Divided	Wet	Dark - Lighted	Rain	Not a Collision Between Two Motor Vehicles in Transport	No	Stop Signs	2	0	No Injury	NA	41.81189	-71.43845	FALSE	FALSE	Chapin Ave and Ellery Street, Providence, RI, USA	Med High	Raw	NA	FALSE	41.81189	-71.43845	2019	June
984	2019-06-25	786387	20:58:00	Pedestrian	2	NA	FALSE	FALSE	1	325 WASHINGTON ST	DEAN ST	2019-06-25	Two-Way , Not Divided	Wet	Dark - Lighted	Clear	Not a Collision Between Two Motor Vehicles in Transport	No	Traffic Control Signal	3	2	Pain Reported	NA	41.81961	-71.41983	TRUE	FALSE	325 Washington Street, Providence, RI, USA	High	Raw	NA	FALSE	41.81961	-71.41983	2019	June
982	2019-06-27	786641	22:40:00	Bicycle	NA	1	FALSE	FALSE	1	MEMORIAL BLVD	WASHINGTON ST	2019-06-27	Two-Way, Divided, Positive Median Barrier	Dry	Dark - Lighted	Clear	Angle (Front - to - Side) Right Angle (Includes Broadside)	No	Traffic Control Signal	2	1	Pain Reported	NA	41.82641	-71.41005	FALSE	FALSE	Memorial Blvd and Washington Street, Providence, RI, USA	Med High	Raw	NA	FALSE	41.82641	-71.41005	2019	June
981	2019-06-28	786766	17:16:00	Pedestrian	1	NA	FALSE	FALSE	1	CRANSTON ST	BENEDICT ST	2019-06-28	Two-Way , Not Divided	Dry	Daylight	Clear	Not a Collision Between Two Motor Vehicles in Transport	No	No Controls	6	1	Pain Reported	2	41.80547	-71.43722	FALSE	FALSE	Cranston Street and Benedict Street, Providence, RI, USA	Med High	Raw	NA	FALSE	41.80547	-71.43722	2019	June
980	2019-06-29	786875	18:06:00	Pedestrian	1	NA	FALSE	FALSE	1	65 CONGDON ST	CUSHING ST	2019-06-29	Two-Way , Not Divided	Dry	Daylight	Clear	Not a Collision Between Two Motor Vehicles in Transport	Yes	No Controls	2	0	No Injury	NA	41.8299	-71.40692	TRUE	FALSE	65 Congdon Street, Providence, RI, USA	High	Raw	NA	FALSE	41.8299	-71.40692	2019	June
978	2019-07-01	787108	14:08:00	Bicycle	NA	1	FALSE	FALSE	1	Academy Ave	Dover St	2019-07-01	Two-Way , Not Divided	Dry	Daylight	Clear	Not a Collision Between Two Motor Vehicles in Transport	No	No Controls	3	1	Pain Reported	2	NA	NA	FALSE	FALSE	Academy Ave and Dover Street, Providence, RI, USA	Med High	Geocoded	raw coords null but geocoded coords found	TRUE	41.8300641	-71.4441731	2019	July
979	2019-07-01	787127	16:59:00	Bicycle	NA	1	FALSE	FALSE	1	DEXTER ST	LINWOOD AVE	2019-07-01	Two-Way , Not Divided	Dry	Daylight	Clear	Not a Collision Between Two Motor Vehicles in Transport	No	No Controls	3	1	Pain Reported	NA	41.80552	-71.42951	FALSE	FALSE	Dexter Street and Linwood Ave, Providence, RI, USA	Med High	Raw	NA	FALSE	41.80552	-71.42951	2019	July
977	2019-07-03	787314	15:38:00	Bicycle	NA	1	FALSE	FALSE	1	OWEN ST	MANTON AVE	2019-07-03	Two-Way , Not Divided	Dry	Daylight	Clear	Not a Collision Between Two Motor Vehicles in Transport	No	No Controls	2	1	Pain Reported	NA	41.82392	-71.45189	FALSE	FALSE	Owen Street and Manton Ave, Providence, RI, USA	Med	Raw	NA	FALSE	41.82392	-71.45189	2019	July
975	2019-07-05	787527	15:31:00	Bicycle	NA	1	FALSE	FALSE	1	7th street	HIGHLAND AVE	2019-07-05	Two-Way , Not Divided	Dry	Daylight	Clear	Not a Collision Between Two Motor Vehicles in Transport	No	No Controls	2	0	No Injury	NA	41.85307	-71.39935	FALSE	FALSE	7th Street and Highland Ave, Providence, RI, USA	Med High	Raw	NA	FALSE	41.85307	-71.39935	2019	July
976	2019-07-05	787555	19:20:00	Bicycle	NA	1	FALSE	FALSE	1	ASHBURTON ST	CHARLES ST	2019-07-05	Two-Way , Not Divided	Dry	Daylight	Clear	Not a Collision Between Two Motor Vehicles in Transport	Yes	No Controls	1	0	No Injury	NA	41.8394	-71.41616	FALSE	FALSE	Ashburton Street and Charles Street, Providence, RI, USA	Med High	Raw	NA	FALSE	41.8394	-71.41616	2019	July
972	2019-07-09	787950	10:37:00	Bicycle	NA	NA	TRUE	FALSE	2	Cambridge Avenue	Academy Avenue	2019-07-09	Two-Way , Not Divided	Dry	Daylight	Clear	Head-On (Front - to - Front)	No	Stop Signs	3	1	Pain Reported	1	NA	NA	FALSE	FALSE	Cambridge Avenue and Academy Avenue, Providence, RI, USA	Med	Geocoded	raw coords null but geocoded coords found	TRUE	41.8254949	-71.4434441	2019	July
973	2019-07-09	787994	15:23:00	Bicycle	NA	1	FALSE	FALSE	1	BROADWAY	SERVICE ROAD 7	2019-07-09	One-Way Trafficway	Dry	Daylight	Clear	Head-On (Front - to - Front)	Yes	Traffic Control Signal	2	1	Non-Incapacitating	NA	41.82178	-71.4208	FALSE	FALSE	Broadway and Service Road 7, Providence, RI, USA	Med	Raw	NA	FALSE	41.82178	-71.4208	2019	July
974	2019-07-09	788066	22:52:00	Bicycle	NA	1	FALSE	FALSE	1	19 Pope St.	KOSSUTH ST	2019-07-10	Two-Way , Not Divided	Dry	Dark - Lighted	Clear	Not a Collision Between Two Motor Vehicles in Transport	Yes	No Controls	1	1	Non-Incapacitating	NA	41.82213	-71.44874	TRUE	FALSE	19 Pope St., Providence, RI, USA	High	Raw	NA	FALSE	41.82213	-71.44874	2019	July
971	2019-07-10	788188	19:04:00	Other	1	NA	TRUE	FALSE	1	W FOUNTAIN ST	CARGILL ST	2019-07-10	Two-Way , Not Divided	Dry	Dusk	Clear	Angle (Front - to - Side) Right Angle (Includes Broadside)	No	No Controls	4	1	Pain Reported	2	41.81896	-71.42218	FALSE	FALSE	W Fountain Street and Cargill Street, Providence, RI, USA	Med High	Raw	NA	FALSE	41.81896	-71.42218	2019	July
970	2019-07-11	788345	10:40:00	Bicycle	NA	1	FALSE	FALSE	1	STEWART ST	BROAD ST	2019-07-12	Two-Way , Not Divided	Dry	Daylight	Cloudy	Angle (Front - to - Side) Right Angle (Includes Broadside)	No	No Controls	3	0	No Injury	NA	41.8169	-71.41794	FALSE	FALSE	Stewart Street and Broad Street, Providence, RI, USA	Med	Raw	NA	FALSE	41.8169	-71.41794	2019	July
969	2019-07-13	788463	01:22:00	Other	NA	1	TRUE	FALSE	1	Atwells Ave	SUTTON ST	2019-07-13	Two-Way , Not Divided	Dry	Dark - Lighted	Clear	Angle (Front - to - Side) Right Angle (Includes Broadside)	No	No Controls	2	1	Pain Reported	NA	41.82376	-71.42929	FALSE	FALSE	Atwells Ave and Sutton Street, Providence, RI, USA	Med High	Raw	NA	FALSE	41.82376	-71.42929	2019	July
968	2019-07-15	788730	12:44:00	Bicycle	NA	1	FALSE	FALSE	1	Prairie Avenue	Oxford Avenue	2019-07-15	Two-Way , Not Divided	Dry	Daylight	Clear	Not a Collision Between Two Motor Vehicles in Transport	No	Stop Signs	2	1	Non-Incapacitating	1	NA	NA	FALSE	FALSE	Prairie Avenue and Oxford Avenue, Providence, RI, USA	Med	Geocoded	raw coords null but geocoded coords found	TRUE	41.8015958	-71.413116	2019	July
967	2019-07-16	788891	19:37:00	Pedestrian	1	NA	FALSE	FALSE	1	DEAN ST	KINSLEY AVE	2019-07-16	One-Way Trafficway	Dry	Daylight	Clear	Not a Collision Between Two Motor Vehicles in Transport	Yes	No Controls	1	1	Pain Reported	NA	41.82747	-71.42616	FALSE	FALSE	Dean Street and Kinsley Ave, Providence, RI, USA	Med High	Raw	distance greater than 100m	TRUE	41.82747	-71.42616	2019	July
966	2019-07-17	789112	19:30:00	Pedestrian	1	NA	FALSE	FALSE	1	Broad St	Potters Ave	2019-07-18	Two-Way , Not Divided	Wet	Daylight	Rain	Not a Collision Between Two Motor Vehicles in Transport	No	Traffic Control Signal	4	1	Pain Reported	2	41.80296	-71.41895	FALSE	FALSE	Broad Street and Potters Ave, Providence, RI, USA	Med	Raw	NA	FALSE	41.80296	-71.41895	2019	July
965	2019-07-18	789107	17:53:00	Bicycle	NA	1	FALSE	FALSE	1	UPTON AVE	BLACKSTONE BLVD	2019-07-18	One-Way Trafficway	Wet	Other	Cloudy	Not a Collision Between Two Motor Vehicles in Transport	No	Stop Signs	3	1	Pain Reported	NA	41.83957	-71.38575	FALSE	FALSE	Upton Ave and Blackstone Blvd, Providence, RI, USA	Med High	Raw	NA	FALSE	41.83957	-71.38575	2019	July
964	2019-07-19	789161	08:09:00	Pedestrian	1	NA	FALSE	FALSE	1	BROAD ST	CAHIR ST	2019-07-19	Two-Way , Not Divided	Dry	Daylight	Clear	Not a Collision Between Two Motor Vehicles in Transport	No	Traffic Control Signal	4	1	Pain Reported	NA	41.81692	-71.41795	FALSE	FALSE	Broad Street and Cahir Street, Providence, RI, USA	Med	Raw	NA	FALSE	41.81692	-71.41795	2019	July
963	2019-07-21	789421	18:56:00	Bicycle	NA	1	FALSE	FALSE	1	BROAD ST	PAYTON ST	2019-07-21	Two-Way , Not Divided	Dry	Daylight	Clear	Not a Collision Between Two Motor Vehicles in Transport	No	Stop Signs	2	1	Pain Reported	NA	41.78841	-71.40366	FALSE	FALSE	Broad Street and Payton Street, Providence, RI, USA	Med	Raw	NA	FALSE	41.78841	-71.40366	2019	July
961	2019-07-22	789493	16:47:00	Pedestrian	1	NA	FALSE	FALSE	1	FRIENDSHIP ST	DORRANCE ST	2019-07-22	One-Way Trafficway	Dry	Daylight	Clear	Angle (Front - to - Side) Same Direction	No	No Controls	2	1	Pain Reported	NA	41.82196	-71.4095	FALSE	FALSE	Friendship Street and Dorrance Street, Providence, RI, USA	Med High	Raw	NA	FALSE	41.82196	-71.4095	2019	July
962	2019-07-22	789511	18:22:00	Bicycle	NA	1	FALSE	FALSE	1	CHARLES ST	CHARLES ST EXIT 23	2019-07-22	One-Way Trafficway	Dry	Daylight	Clear	Not a Collision Between Two Motor Vehicles in Transport	Yes	Yield Signs	1	1	Pain Reported	NA	41.83785	-71.41426	FALSE	FALSE	Charles Street and Charles St Exit 23, Providence, RI, USA	Med	Raw	distance greater than 100m	TRUE	41.83785	-71.41426	2019	July
959	2019-07-23	789571	08:33:00	Pedestrian	1	NA	FALSE	FALSE	1	MATHEWSON ST	FOUNTAIN ST	2019-07-23	One-Way Trafficway	Wet	Daylight	Rain	Not a Collision Between Two Motor Vehicles in Transport	No	No Controls	5	1	Pain Reported	NA	41.82371	-71.41586	FALSE	FALSE	Mathewson Street and Fountain Street, Providence, RI, USA	Med High	Raw	NA	FALSE	41.82371	-71.41586	2019	July
960	2019-07-23	789588	08:00:00	Bicycle	NA	1	FALSE	FALSE	1	BROADWAY	VALLEY ST	2019-07-23	Two-Way, Divided, Unprotected (painted>4feet) Medium	Wet	Daylight	Rain	Not a Collision Between Two Motor Vehicles in Transport	No	Traffic Control Signal	3	1	Pain Reported	NA	41.81684	-71.44101	FALSE	FALSE	Broadway and Valley Street, Providence, RI, USA	Med	Raw	NA	FALSE	41.81684	-71.44101	2019	July
957	2019-07-24	789754	12:55:00	Bicycle	NA	1	FALSE	FALSE	1	MEMORIAL BLVD	FRANCIS ST	2019-07-24	Two-Way, Divided, Positive Median Barrier	Dry	Daylight	Clear	Not a Collision Between Two Motor Vehicles in Transport	No	Traffic Control Signal	3	0	No Injury	NA	41.8259	-71.41535	FALSE	FALSE	Memorial Blvd and Francis Street, Providence, RI, USA	Med High	Raw	NA	FALSE	41.8259	-71.41535	2019	July
958	2019-07-24	789813	20:40:00	Bicycle	NA	1	FALSE	FALSE	1	TERRACE AVE	WEBSTER AVE	2019-07-24	Two-Way , Not Divided	Dry	Dark - Unknown Lighting	Clear	Not a Collision Between Two Motor Vehicles in Transport	Yes	Unknown	1	1	Pain Reported	NA	41.80371	-71.4474	FALSE	FALSE	Terrace Ave and Webster Ave, Providence, RI, USA	Med High	Raw	raw coords fall outside of city boundary	TRUE	41.80371	-71.4474	2019	July