row_number	crash_date	crash_report_id	crash_time	collision_type	count_pedestrian	count_bicycle	scooter	wheel_chair	number_of_vehicles	street_or_highway	nearest_intersection	report_date	type_of_roadway	road_surface_condition	light_condition	weather_condition	manner_of_impact	hit_and_run	traffic_control	person_count	injury_count	most_serious_injury	number_of_lanes	lat_raw	lon_raw	has_st_number	is_intersection_null	address_sent_to_geocoder	api_coord_conf	best_coordinate_set	reason_for_qa	manually_qaed_record	final_lat	final_lon	year	month
956	2019-07-25	789994	21:57:00	Bicycle	NA	1	FALSE	FALSE	1	EDDY ST	RICHMOND ST	2019-07-26	Two-Way, Divided, Positive Median Barrier	Dry	Dark - Not Lighted	Clear	Not a Collision Between Two Motor Vehicles in Transport	No	No Controls	3	1	Pain Reported	4	41.81607	-71.40661	FALSE	FALSE	Eddy Street and Richmond Street, Providence, RI, USA	Med High	Raw	NA	FALSE	41.81607	-71.40661	2019	July
955	2019-07-28	790308	18:54:00	Bicycle	NA	1	FALSE	FALSE	1	121 ROGER WILLIAMS AVE	NARRAGANSETT AVE	2019-07-29	Two-Way , Not Divided	Dry	Daylight	Clear	Not a Collision Between Two Motor Vehicles in Transport	Yes	No Controls	1	1	Pain Reported	NA	41.78851	-71.42364	TRUE	FALSE	121 Roger Williams Ave, Providence, RI, USA	High	Raw	NA	FALSE	41.78851	-71.42364	2019	July
953	2019-08-01	790691	13:47:00	Bicycle	NA	1	FALSE	FALSE	1	BROAD ST	PEARL ST	2019-08-01	Two-Way , Not Divided	Dry	Daylight	Clear	Not a Collision Between Two Motor Vehicles in Transport	Yes	No Controls	1	1	Pain Reported	NA	41.8149	-71.42087	FALSE	FALSE	Broad Street and Pearl Street, Providence, RI, USA	Med	Raw	NA	FALSE	41.8149	-71.42087	2019	August
954	2019-08-01	790704	16:05:00	Bicycle	NA	1	FALSE	FALSE	1	81 DELAINE STREET	SONOMA CT	2019-08-01	Two-Way, Divided, Unprotected (painted>4feet) Medium	Dry	Daylight	Clear	Sideswipe, Same Direction	No	No Controls	2	1	Pain Reported	2	41.81948	-71.44192	TRUE	FALSE	81 Delaine Street, Providence, RI, USA	High	Raw	NA	FALSE	41.81948	-71.44192	2019	August
951	2019-08-02	790756	08:44:00	Bicycle	NA	1	FALSE	FALSE	1	CHAD BROWN STREET	RADCLIFFE AVENUE	2019-08-02	Two-Way , Not Divided	Dry	Daylight	Clear	Angle (Front - to - Side) Right Angle (Includes Broadside)	No	Stop Signs	4	1	Non-Incapacitating	2	41.83349	-71.41682	FALSE	FALSE	Chad Brown Street and Radcliffe Avenue, Providence, RI, USA	Med High	Geocoded	distance greater than 100m	TRUE	41.8393259	-71.4311219	2019	August
952	2019-08-02	790872	23:38:00	Bicycle	NA	1	FALSE	FALSE	1	ATWELLS AVE	BOND ST	2019-08-03	Two-Way, Divided, Unprotected (painted>4feet) Medium	Dry	Dark - Lighted	Clear	Not a Collision Between Two Motor Vehicles in Transport	Yes	No Controls	1	0	No Injury	NA	41.82333	-71.42318	FALSE	FALSE	Atwells Ave and Bond Street, Providence, RI, USA	Med High	Raw	NA	FALSE	41.82333	-71.42318	2019	August
949	2019-08-03	790916	14:30:00	Bicycle	NA	1	FALSE	FALSE	1	BROAD ST	LOCKWOOD ST	2019-08-03	Two-Way , Not Divided	Dry	Daylight	Clear	Not a Collision Between Two Motor Vehicles in Transport	Yes	No Controls	1	1	Pain Reported	NA	41.81536	-71.42062	FALSE	FALSE	Broad Street and Lockwood Street, Providence, RI, USA	Med	Raw	distance greater than 100m	TRUE	41.81536	-71.42062	2019	August
950	2019-08-03	790982	22:30:00	Pedestrian	1	NA	FALSE	FALSE	1	BROAD ST	VERNDALE AVE	2019-08-04	Two-Way, Divided, Unprotected (painted>4feet) Medium	Dry	Dark - Lighted	Clear	Other	Yes	No Controls	2	1	Incapacitating	NA	41.79177	-71.40668	FALSE	FALSE	Broad Street and Verndale Ave, Providence, RI, USA	Med	Raw	NA	FALSE	41.79177	-71.40668	2019	August
948	2019-08-07	791294	14:50:00	Bicycle	NA	1	FALSE	FALSE	1	Manton Avenue	Westcott Street	2019-08-07	Two-Way , Not Divided	Dry	Daylight	Clear	Angle (Front - to - Side) Right Angle (Includes Broadside)	No	Stop Signs	3	1	Non-Incapacitating	NA	NA	NA	FALSE	FALSE	Manton Avenue and Westcott Street, Providence, RI, USA	Med High	Geocoded	raw coords null but geocoded coords found	TRUE	41.8337394	-71.4685327	2019	August
947	2019-08-08	791398	09:48:00	Bicycle	NA	1	FALSE	FALSE	1	ATWELLS AVE	VALLEY ST	2019-08-08	Two-Way, Divided, Positive Median Barrier	Wet	Dark - Lighted	Cloudy	Other	No	No Controls	4	1	Pain Reported	NA	41.82456	-71.4395	FALSE	FALSE	Atwells Ave and Valley Street, Providence, RI, USA	Med High	Raw	NA	FALSE	41.82456	-71.4395	2019	August
946	2019-08-09	791459	22:49:00	Bicycle	NA	1	FALSE	FALSE	1	174 Linwood ave	DEXTER ST	2019-08-10	Two-Way , Not Divided	Dry	Dark - Lighted	Clear	Angle (Front - to - Side) Same Direction	No	No Controls	3	1	Pain Reported	NA	41.806	-71.43194	TRUE	FALSE	174 Linwood Ave, Providence, RI, USA	High	Raw	NA	FALSE	41.806	-71.43194	2019	August
944	2019-08-10	791488	17:02:00	Pedestrian	1	NA	FALSE	FALSE	1	Pleasant Valley Parkway	Winrooth Ave	2019-08-10	One-Way Trafficway	Dry	Daylight	Clear	Not a Collision Between Two Motor Vehicles in Transport	Yes	No Controls	1	0	No Injury	1	41.83545	-71.43677	FALSE	FALSE	Pleasant Valley Parkway and Winrooth Ave, Providence, RI, USA	Med High	Raw	NA	FALSE	41.83545	-71.43677	2019	August
945	2019-08-10	791503	19:20:00	Pedestrian	1	NA	FALSE	FALSE	1	S MAIN ST	TRANSIT ST	2019-08-10	One-Way Trafficway	Dry	Dusk	Clear	Not a Collision Between Two Motor Vehicles in Transport	Yes	No Controls	2	1	Non-Incapacitating	NA	41.82012	-71.40301	FALSE	FALSE	S Main Street and Transit Street, Providence, RI, USA	Med High	Raw	NA	FALSE	41.82012	-71.40301	2019	August
942	2019-08-11	791569	16:26:00	Bicycle	NA	1	FALSE	FALSE	1	N MAIN ST	SMITH ST	2019-08-11	One-Way Trafficway	Dry	Daylight	Clear	Not a Collision Between Two Motor Vehicles in Transport	Yes	No Controls	1	1	Pain Reported	NA	41.8315	-71.41063	FALSE	FALSE	N Main Street and Smith Street, Providence, RI, USA	Med	Raw	NA	FALSE	41.8315	-71.41063	2019	August
943	2019-08-11	791597	20:37:00	Bicycle	NA	1	FALSE	FALSE	1	Plainfield Street	Union Street	2019-08-11	Two-Way, Divided, Unprotected (painted>4feet) Medium	Dry	Dark - Lighted	Clear	Angle (Front - to - Side) Same Direction	No	Stop Signs	4	1	Pain Reported	NA	41.8088	-71.46314	FALSE	FALSE	Plainfield Street and Union Street, Providence, RI, USA	Med	Raw	distance greater than 100m	TRUE	41.8088	-71.46314	2019	August
941	2019-08-15	791957	18:41:00	Pedestrian	1	NA	FALSE	FALSE	1	REGENT AVE	HURON ST	2019-08-15	Two-Way , Not Divided	Dry	Daylight	Clear	Not a Collision Between Two Motor Vehicles in Transport	Yes	No Controls	1	0	No Injury	NA	41.8295	-71.44139	FALSE	FALSE	Regent Ave and Huron Street, Providence, RI, USA	Med High	Raw	NA	FALSE	41.8295	-71.44139	2019	August
938	2019-08-16	791989	14:50:00	Bicycle	NA	1	FALSE	FALSE	1	ELMWOOD AVE	WILSON STREET	2019-08-16	Two-Way , Not Divided	Dry	Daylight	Clear	Not a Collision Between Two Motor Vehicles in Transport	Yes	No Controls	1	1	Pain Reported	NA	41.81119	-71.42317	FALSE	FALSE	Elmwood Ave and Wilson Street, Providence, RI, USA	Med High	Raw	NA	FALSE	41.81119	-71.42317	2019	August
939	2019-08-16	792001	15:48:00	Bicycle	NA	1	FALSE	FALSE	1	F C GREENE MEMORIAL BLVD	CARR ST	2019-08-16	Two-Way , Not Divided	Dry	Daylight	Clear	Not a Collision Between Two Motor Vehicles in Transport	No	No Controls	3	1	Incapacitating	NA	41.78713	-71.41026	FALSE	FALSE	F C Greene Memorial Blvd and Carr Street, Providence, RI, USA	Med High	Raw	NA	FALSE	41.78713	-71.41026	2019	August
940	2019-08-16	792184	20:13:00	Pedestrian	1	NA	FALSE	FALSE	1	FRANCIS ST	AMERICAN EXPRESS PLZ	2019-08-19	Two-Way, Divided, Unprotected (painted>4feet) Medium	Dry	Daylight	Clear	Not a Collision Between Two Motor Vehicles in Transport	No	Traffic Control Signal	4	1	Pain Reported	NA	41.82741	-71.41541	FALSE	FALSE	Francis Street and American Express Plz, Providence, RI, USA	Med	Raw	distance greater than 100m	TRUE	41.82741	-71.41541	2019	August
937	2019-08-23	792659	20:38:00	Bicycle	NA	1	FALSE	FALSE	1	PONAGANSETT AVE / DRESSER ST	PONAGANSETT AVE	2019-08-23	Two-Way , Not Divided	Dry	Dusk	Clear	Not a Collision Between Two Motor Vehicles in Transport	No	No Controls	2	1	Pain Reported	NA	41.81979	-71.4584	FALSE	FALSE	Ponagansett Ave / Dresser Street and Ponagansett Ave, Providence, RI, USA	Med	Raw	distance greater than 100m	TRUE	41.81979	-71.4584	2019	August
935	2019-08-25	792734	00:56:00	Pedestrian	1	NA	FALSE	FALSE	1	ORMS ST	CANDACE ST	2019-08-25	Two-Way , Not Divided	Dry	Dark - Lighted	Clear	Other	Yes	No Controls	3	1	Pain Reported	NA	41.83378	-71.42189	FALSE	FALSE	Orms Street and Candace Street, Providence, RI, USA	Med High	Raw	NA	FALSE	41.83378	-71.42189	2019	August
936	2019-08-25	793135	14:40:00	Pedestrian	1	NA	FALSE	FALSE	1	HAUXHURST AVE	LAUREL HILL AVE	2019-08-29	One-Way Trafficway	Dry	Daylight	Clear	Not a Collision Between Two Motor Vehicles in Transport	No	No Controls	2	1	Non-Incapacitating	NA	41.82179	-71.4554	FALSE	FALSE	Hauxhurst Ave and Laurel Hill Ave, Providence, RI, USA	Med	Unknown	distance greater than 100m	TRUE	NA	NA	2019	August
933	2019-08-29	793187	14:54:00	Pedestrian	1	NA	FALSE	FALSE	1	863 BROAD STREET	OXFORD ST	2019-08-29	Two-Way, Divided, Unprotected (painted>4feet) Medium	Dry	Daylight	Clear	Not a Collision Between Two Motor Vehicles in Transport	Yes	No Controls	2	1	Pain Reported	NA	41.80061	-71.41763	TRUE	FALSE	863 Broad Street, Providence, RI, USA	High	Raw	NA	FALSE	41.80061	-71.41763	2019	August
934	2019-08-29	793201	10:00:00	Pedestrian	1	NA	FALSE	FALSE	1	DEAN ST	ATWELLS AVE	2019-08-29	Two-Way, Not Divided With a Continuous Left Turn Lane	Dry	Dark - Lighted	Clear	Not a Collision Between Two Motor Vehicles in Transport	No	Traffic Control Signal	6	1	Pain Reported	NA	41.82341	-71.42423	FALSE	FALSE	Dean Street and Atwells Ave, Providence, RI, USA	Med High	Raw	NA	FALSE	41.82341	-71.42423	2019	August
932	2019-08-30	793244	09:40:00	Pedestrian	1	NA	FALSE	FALSE	1	Allens Avenue	Georgia Avenue	2019-08-30	Two-Way, Divided, Unprotected (painted>4feet) Medium	Dry	Daylight	Clear	Not a Collision Between Two Motor Vehicles in Transport	No	Stop Signs	2	1	Pain Reported	2	NA	NA	FALSE	FALSE	Allens Avenue and Georgia Avenue, Providence, RI, USA	Med High	Geocoded	raw coords null but geocoded coords found	TRUE	41.792156	-71.3970245	2019	August
931	2019-08-31	793399	16:13:00	Pedestrian	1	NA	FALSE	FALSE	1	PLAINFIELD STREET	KILLINGLY ST	2019-08-31	Two-Way, Divided, Unprotected (painted>4feet) Medium	Dry	Daylight	Clear	Not a Collision Between Two Motor Vehicles in Transport	No	No Controls	2	1	Non-Incapacitating	NA	41.81265	-71.45897	FALSE	FALSE	Plainfield Street and Killingly Street, Providence, RI, USA	Med High	Raw	NA	FALSE	41.81265	-71.45897	2019	August
929	2019-09-01	794424	02:08:00	Pedestrian	1	NA	FALSE	FALSE	1	1193 Eddy Street	NA	2019-09-01	Two-Way , Not Divided	Dry	Dark - Lighted	Clear	Not a Collision Between Two Motor Vehicles in Transport	Yes	No Controls	2	1	Incapacitating	NA	41.79321	-71.40396	TRUE	TRUE	1193 Eddy Street, Providence, RI, USA	High	Raw	NA	FALSE	41.79321	-71.40396	2019	September
930	2019-09-01	794468	19:42:00	Pedestrian	1	NA	FALSE	FALSE	1	HAMMOND ST	DIVISION ST	2019-09-01	Two-Way , Not Divided	Dry	Dark - Lighted	Cloudy	Not a Collision Between Two Motor Vehicles in Transport	No	Stop Signs	4	1	Pain Reported	NA	41.81507	-71.42855	FALSE	FALSE	Hammond Street and Division Street, Providence, RI, USA	Med High	Raw	NA	FALSE	41.81507	-71.42855	2019	September
928	2019-09-02	794476	00:12:00	Bicycle	NA	1	FALSE	FALSE	1	Elmwood Ave	Roger Williams Ave	2019-09-02	Two-Way, Divided, Unprotected (painted>4feet) Medium	Dry	Dark - Lighted	Clear	Not a Collision Between Two Motor Vehicles in Transport	Yes	No Controls	2	1	Pain Reported	NA	41.78767	-71.42041	FALSE	FALSE	Elmwood Ave and Roger Williams Ave, Providence, RI, USA	Med High	Raw	distance greater than 100m	TRUE	41.78767	-71.42041	2019	September
927	2019-09-03	794517	03:47:00	Pedestrian	1	NA	FALSE	FALSE	1	551 North Main ST	N MAIN ST	2019-09-03	Two-Way, Divided, Positive Median Barrier	Wet	Dark - Lighted	Rain	Not a Collision Between Two Motor Vehicles in Transport	Yes	No Controls	1	1	Pain Reported	NA	41.8371	-71.4095	TRUE	FALSE	551 North Main Street, Providence, RI, USA	High	Raw	NA	FALSE	41.8371	-71.4095	2019	September
926	2019-09-05	794790	22:59:00	Pedestrian	1	NA	FALSE	FALSE	1	KENNEDY PLAZA	DORRANCE ST	2019-09-06	One-Way Trafficway	Dry	Dark - Lighted	Clear	Not a Collision Between Two Motor Vehicles in Transport	No	No Controls	3	1	Pain Reported	NA	41.82415	-71.41232	FALSE	FALSE	Kennedy Plaza and Dorrance Street, Providence, RI, USA	Med High	Raw	NA	FALSE	41.82415	-71.41232	2019	September
925	2019-09-08	795002	00:58:00	Bicycle	NA	1	FALSE	FALSE	1	BRANCH AVE	95 SOUTH ON-RAMP	2019-09-08	One-Way Trafficway	Dry	Dark - Lighted	Clear	Not a Collision Between Two Motor Vehicles in Transport	No	No Controls	2	1	Non-Incapacitating	NA	41.85064	-71.42521	FALSE	FALSE	Branch Ave and 95 South On-Ramp, Providence, RI, USA	Med	Raw	distance greater than 100m	TRUE	41.85064	-71.42521	2019	September
924	2019-09-12	795441	23:14:00	Pedestrian	1	NA	FALSE	FALSE	1	Oakland Ave.	CHAD BROWN ST	2019-09-13	Two-Way , Not Divided	Dry	Dark - Lighted	Clear	Not a Collision Between Two Motor Vehicles in Transport	Yes	No Controls	2	1	Non-Incapacitating	NA	41.8389	-71.42936	FALSE	FALSE	Oakland Ave. and Chad Brown Street, Providence, RI, USA	Med High	Raw	NA	FALSE	41.8389	-71.42936	2019	September
922	2019-09-13	795476	07:32:00	Pedestrian	1	NA	FALSE	FALSE	1	NARRAGANSETT BLVD	CALIFORNIA AVE	2019-09-13	Two-Way , Not Divided	Dry	Daylight	Cloudy	Not a Collision Between Two Motor Vehicles in Transport	No	No Controls	2	1	Pain Reported	NA	41.7892	-71.39606	FALSE	FALSE	Narragansett Blvd and California Ave, Providence, RI, USA	Med High	Raw	NA	FALSE	41.7892	-71.39606	2019	September
923	2019-09-13	795511	17:53:00	Pedestrian	1	NA	FALSE	FALSE	1	VALLEY ST	DELAINE ST	2019-09-13	Two-Way , Not Divided	Dry	Daylight	Clear	Not a Collision Between Two Motor Vehicles in Transport	No	Stop Signs	3	1	Non-Incapacitating	NA	41.81951	-71.4405	FALSE	FALSE	Valley Street and Delaine Street, Providence, RI, USA	Med High	Raw	NA	FALSE	41.81951	-71.4405	2019	September
920	2019-09-14	795544	15:16:00	Pedestrian	1	NA	FALSE	FALSE	1	SERVICE ROAD 8	BROAD ST	2019-09-14	One-Way Trafficway	Wet	Daylight	Rain	Not a Collision Between Two Motor Vehicles in Transport	No	Traffic Control Signal	4	1	Non-Incapacitating	NA	41.818	-71.41637	FALSE	FALSE	Service Road 8 and Broad Street, Providence, RI, USA	Med High	Raw	distance greater than 100m	TRUE	41.818	-71.41637	2019	September
921	2019-09-14	796573	19:31:00	Bicycle	NA	2	FALSE	FALSE	1	FISK ST	BERNARD ST	2019-09-14	Two-Way , Not Divided	Wet	Dark - Unknown Lighting	Rain	Not a Collision Between Two Motor Vehicles in Transport	No	Stop Signs	4	2	Non-Incapacitating	NA	41.79002	-71.40751	FALSE	FALSE	Fisk Street and Bernard Street, Providence, RI, USA	Med High	Raw	NA	FALSE	41.79002	-71.40751	2019	September
919	2019-09-15	796617	13:23:00	Bicycle	NA	1	FALSE	FALSE	1	GREENWICH ST	BUCKLIN ST	2019-09-15	Two-Way , Not Divided	Dry	Daylight	Clear	Angle (Front - to - Side) Right Angle (Includes Broadside)	No	Traffic Control Signal	6	1	Pain Reported	NA	41.80237	-71.42609	FALSE	FALSE	Greenwich Street and Bucklin Street, Providence, RI, USA	Med High	Unknown	distance greater than 100m	TRUE	NA	NA	2019	September
918	2019-09-16	796739	16:30:00	Bicycle	NA	NA	FALSE	FALSE	2	N MAIN ST	MEETING ST	2019-09-16	Two-Way , Not Divided	Dry	Daylight	Clear	Sideswipe, Same Direction	No	No Controls	3	1	Pain Reported	NA	41.82849	-71.40959	FALSE	FALSE	N Main Street and Meeting Street, Providence, RI, USA	Med	Raw	NA	FALSE	41.82849	-71.40959	2019	September
916	2019-09-17	796787	07:46:00	Pedestrian	1	NA	FALSE	FALSE	1	CRANSTON ST	BRIDGHAM ST	2019-09-17	Two-Way, Divided, Unprotected (painted>4feet) Medium	Dry	Daylight	Clear	Not a Collision Between Two Motor Vehicles in Transport	No	Traffic Control Signal	4	1	Pain Reported	NA	41.81396	-71.42694	FALSE	FALSE	Cranston Street and Bridgham Street, Providence, RI, USA	Med High	Raw	NA	FALSE	41.81396	-71.42694	2019	September
917	2019-09-17	796855	21:56:00	Bicycle	NA	1	FALSE	FALSE	1	SOUTH ST	RICHMOND ST	2019-09-17	Two-Way , Not Divided	Dry	Dark - Lighted	Clear	Not a Collision Between Two Motor Vehicles in Transport	No	Stop Signs	3	1	Pain Reported	NA	41.81737	-71.40785	FALSE	FALSE	South Street and Richmond Street, Providence, RI, USA	Med High	Raw	NA	FALSE	41.81737	-71.40785	2019	September
913	2019-09-19	797015	08:33:00	Pedestrian	1	NA	FALSE	FALSE	1	STATE ST	SMITH ST	2019-09-19	One-Way Trafficway	Dry	Daylight	Clear	Other	No	Stop Signs	3	1	Non-Incapacitating	1	41.83158	-71.41284	FALSE	FALSE	State Street and Smith Street, Providence, RI, USA	Med High	Raw	NA	FALSE	41.83158	-71.41284	2019	September
914	2019-09-19	797016	08:44:00	Bicycle	NA	1	FALSE	FALSE	1	PUBLIC ST	I 95 N	2019-09-19	Two-Way , Not Divided	Dry	Daylight	Cloudy	Angle (Front - to - Side) Right Angle (Includes Broadside)	No	Traffic Control Signal	2	1	Pain Reported	NA	41.80821	-71.40371	FALSE	FALSE	Public Street and I 95 N, Providence, RI, USA	Med High	Raw	NA	FALSE	41.80821	-71.40371	2019	September
915	2019-09-19	797024	13:41:00	Bicycle	NA	1	FALSE	FALSE	1	53 Harold Street	Harold St	2019-09-19	Two-Way , Not Divided	Dry	Daylight	Clear	Not a Collision Between Two Motor Vehicles in Transport	No	No Controls	3	1	Pain Reported	1	NA	NA	TRUE	FALSE	53 Harold Street, Providence, RI, USA	High	Neither	raw coords null but geocoded coords found	TRUE	41.82853	-71.43839	2019	September
911	2019-09-20	797129	20:18:00	Bicycle	NA	1	FALSE	FALSE	1	BELLEVUE AVE	DEXTER ST	2019-09-20	Two-Way , Not Divided	Dry	Dark - Lighted	Clear	Not a Collision Between Two Motor Vehicles in Transport	Yes	Stop Signs	2	1	Non-Incapacitating	NA	41.80744	-71.42869	FALSE	FALSE	Bellevue Ave and Dexter Street, Providence, RI, USA	Med High	Raw	NA	FALSE	41.80744	-71.42869	2019	September
912	2019-09-20	802995	19:22:00	Bicycle	NA	1	FALSE	FALSE	1	ELMWOOD AVE	ROGER WILLIAMS AVE	2019-09-20	Two-Way, Divided, Positive Median Barrier	Dry	Dark - Lighted	Clear	Not a Collision Between Two Motor Vehicles in Transport	Yes	Traffic Control Signal	1	1	Pain Reported	NA	41.7883	-71.4209	FALSE	FALSE	Elmwood Ave and Roger Williams Ave, Providence, RI, USA	Med High	Raw	NA	FALSE	41.7883	-71.4209	2019	September
910	2019-09-21	797187	19:11:00	Pedestrian	1	NA	FALSE	FALSE	1	ATWELLS AVE	DEAN ST	2019-09-21	Two-Way , Not Divided	Dry	Dark - Lighted	Clear	Not a Collision Between Two Motor Vehicles in Transport	No	No Controls	3	0	No Injury	NA	41.82339	-71.4242	FALSE	FALSE	Atwells Ave and Dean Street, Providence, RI, USA	Med High	Raw	NA	FALSE	41.82339	-71.4242	2019	September
908	2019-09-22	797245	11:21:00	Pedestrian	1	NA	FALSE	FALSE	1	310 Cranston Street	GILMORE ST	2019-09-22	Two-Way , Not Divided	Dry	Daylight	Clear	Sidwswipe, Opposite Direction	Yes	No Controls	1	1	Pain Reported	NA	41.81336	-71.4281	TRUE	FALSE	310 Cranston Street, Providence, RI, USA	High	Raw	distance greater than 100m	TRUE	41.81336	-71.4281	2019	September
909	2019-09-22	797265	15:18:00	Bicycle	NA	1	FALSE	FALSE	1	39 SALMON ST	SALMON ST	2019-09-22	Two-Way , Not Divided	Dry	Daylight	Clear	Not a Collision Between Two Motor Vehicles in Transport	Yes	No Controls	1	1	Non-Incapacitating	NA	41.82376	-71.45643	TRUE	FALSE	39 Salmon Street, Providence, RI, USA	High	Raw	NA	FALSE	41.82376	-71.45643	2019	September
904	2019-09-23	797310	07:01:00	Pedestrian	1	NA	FALSE	FALSE	1	Dave Gavitt Way	Broadway	2019-09-23	One-Way Trafficway	Dry	Daylight	Clear	Not a Collision Between Two Motor Vehicles in Transport	No	Traffic Control Signal	2	1	Non-Incapacitating	3	NA	NA	FALSE	FALSE	Dave Gavitt Way and Broadway, Providence, RI, USA	Med High	Geocoded	raw coords null but geocoded coords found	TRUE	41.8221232	-71.4197767	2019	September
905	2019-09-23	797371	15:05:00	Pedestrian	1	NA	FALSE	FALSE	1	elmwood ave	CADILLAC DR	2019-09-23	Two-Way , Not Divided	Dry	Daylight	Clear	Not a Collision Between Two Motor Vehicles in Transport	No	No Controls	2	1	Pain Reported	NA	41.78916	-71.42126	FALSE	FALSE	Elmwood Ave and Cadillac Dr, Providence, RI, USA	Med High	Raw	NA	FALSE	41.78916	-71.42126	2019	September
906	2019-09-23	797387	16:47:00	Bicycle	NA	1	FALSE	FALSE	1	SERVICE ROAD 8	WESTMINSTER ST	2019-09-23	One-Way Trafficway	Dry	Daylight	Clear	Not a Collision Between Two Motor Vehicles in Transport	No	Stop Signs	3	1	Pain Reported	NA	41.81924	-71.41784	FALSE	FALSE	Service Road 8 and Westminster Street, Providence, RI, USA	Med High	Raw	distance greater than 100m	TRUE	41.81924	-71.41784	2019	September
907	2019-09-23	797431	16:43:00	Pedestrian	1	NA	FALSE	FALSE	1	Empire Street	BROADWAY	2019-09-23	Two-Way , Not Divided	Dry	Daylight	Clear	Other	No	Traffic Control Signal	5	1	Pain Reported	NA	41.82255	-71.41742	FALSE	FALSE	Empire Street and Broadway, Providence, RI, USA	Med High	Raw	NA	FALSE	41.82255	-71.41742	2019	September
902	2019-09-25	797671	21:11:00	Bicycle	NA	1	FALSE	FALSE	1	BROADWAY	VALLEY ST	2019-09-25	Two-Way, Divided, Unprotected (painted>4feet) Medium	Dry	Dark - Lighted	Clear	Not a Collision Between Two Motor Vehicles in Transport	Yes	No Controls	1	1	Pain Reported	NA	41.81683	-71.44103	FALSE	FALSE	Broadway and Valley Street, Providence, RI, USA	Med	Raw	NA	FALSE	41.81683	-71.44103	2019	September
903	2019-09-25	797680	23:59:00	Pedestrian	1	NA	FALSE	FALSE	1	270 broad street	LOCKWOOD ST	2019-09-26	Two-Way , Not Divided	Dry	Dark - Lighted	Clear	Not a Collision Between Two Motor Vehicles in Transport	Yes	No Controls	1	1	Pain Reported	NA	41.81548	-71.42054	TRUE	FALSE	270 Broad Street, Providence, RI, USA	High	Raw	NA	FALSE	41.81548	-71.42054	2019	September
901	2019-09-26	797718	12:04:00	Pedestrian	1	NA	FALSE	FALSE	1	Pine Street	Lockwood Street	2019-09-26	Two-Way , Not Divided	Dry	Daylight	Clear	Not a Collision Between Two Motor Vehicles in Transport	Yes	Pavement Markings	1	1	Pain Reported	1	NA	NA	FALSE	FALSE	Pine Street and Lockwood Street, Providence, RI, USA	Med	Geocoded	raw coords null but geocoded coords found	TRUE	41.8140786	-71.4180555	2019	September
900	2019-09-27	797901	16:48:00	Bicycle	NA	1	FALSE	FALSE	1	OLNEY ST	BROWN ST	2019-09-27	Two-Way , Not Divided	Dry	Daylight	Clear	Not a Collision Between Two Motor Vehicles in Transport	No	No Controls	3	1	Pain Reported	NA	41.8356	-71.40544	FALSE	FALSE	Olney Street and Brown Street, Providence, RI, USA	Med High	Raw	NA	FALSE	41.8356	-71.40544	2019	September
898	2019-09-28	797975	13:10:00	Pedestrian	1	NA	FALSE	FALSE	1	HOPE ST	BLACKSTONE BLVD	2019-09-28	Two-Way , Not Divided	Dry	Daylight	Clear	Not a Collision Between Two Motor Vehicles in Transport	No	No Controls	4	1	Pain Reported	NA	41.8566	-71.39127	FALSE	FALSE	Hope Street and Blackstone Blvd, Providence, RI, USA	Med High	Raw	NA	FALSE	41.8566	-71.39127	2019	September
899	2019-09-28	798041	19:07:00	Pedestrian	1	NA	FALSE	FALSE	1	BROAD STREET	PORTLAND STREET	2019-09-28	Two-Way , Not Divided	Dry	Dark - Lighted	Clear	Not a Collision Between Two Motor Vehicles in Transport	No	No Controls	4	1	Pain Reported	NA	41.81413	-71.42131	FALSE	FALSE	Broad Street and Portland Street, Providence, RI, USA	Med	Raw	NA	FALSE	41.81413	-71.42131	2019	September
897	2019-09-30	798136	12:12:00	Bicycle	NA	1	FALSE	FALSE	1	Weybosset St	Eddy St	2019-09-30	Two-Way , Not Divided	Dry	Daylight	Clear	Not a Collision Between Two Motor Vehicles in Transport	No	No Controls	4	1	Pain Reported	2	NA	NA	FALSE	FALSE	Weybosset Street and Eddy Street, Providence, RI, USA	Med High	Geocoded	raw coords null but geocoded coords found	TRUE	41.8226389	-71.4114379	2019	September
895	2019-10-02	798352	19:07:00	Pedestrian	1	NA	FALSE	FALSE	1	NARRAGANSETT BLVD	MASSACHUSETTS AVE	2019-10-02	Two-Way , Not Divided	Wet	Dark - Lighted	Rain	Not a Collision Between Two Motor Vehicles in Transport	Yes	No Controls	1	1	Pain Reported	4	41.78756	-71.39551	FALSE	FALSE	Narragansett Blvd and Massachusetts Ave, Providence, RI, USA	Med High	Raw	NA	FALSE	41.78756	-71.39551	2019	October
896	2019-10-02	798383	23:48:00	Pedestrian	1	NA	FALSE	FALSE	1	Elmwood Ave	POTTERS AVE	2019-10-03	Two-Way , Not Divided	Dry	Dark - Lighted	Clear	Not a Collision Between Two Motor Vehicles in Transport	Yes	No Controls	1	1	Pain Reported	NA	41.80128	-71.42641	FALSE	FALSE	Elmwood Ave and Potters Ave, Providence, RI, USA	Med High	Raw	NA	FALSE	41.80128	-71.42641	2019	October