row_number	crash_date	crash_report_id	crash_time	collision_type	count_pedestrian	count_bicycle	scooter	wheel_chair	number_of_vehicles	street_or_highway	nearest_intersection	report_date	type_of_roadway	road_surface_condition	light_condition	weather_condition	manner_of_impact	hit_and_run	traffic_control	person_count	injury_count	most_serious_injury	number_of_lanes	lat_raw	lon_raw	has_st_number	is_intersection_null	address_sent_to_geocoder	api_coord_conf	best_coordinate_set	reason_for_qa	manually_qaed_record	final_lat	final_lon	year	month
832	2019-12-09	807648	17:34:00	Pedestrian	1	NA	FALSE	FALSE	1	MEMORIAL BLVD	FRANICS ST	2019-12-09	Two-Way, Divided, Positive Median Barrier	Wet	Dark - Lighted	Rain	Not a Collision Between Two Motor Vehicles in Transport	No	Traffic Control Signal	2	1	Non-Incapacitating	NA	41.82578	-71.41523	FALSE	FALSE	Memorial Blvd and Franics Street, Providence, RI, USA	Med High	Raw	NA	FALSE	41.82578	-71.41523	2019	December
833	2019-12-09	807722	16:48:00	Pedestrian	1	NA	FALSE	FALSE	1	51 Silver Spring St	Touro St	2019-12-10	Unknown	Dry	Dark - Lighted	Clear	Not a Collision Between Two Motor Vehicles in Transport	No	No Controls	2	1	Pain Reported	NA	41.84546	-71.41783	TRUE	FALSE	51 Silver Spring Street, Providence, RI, USA	High	Raw	NA	FALSE	41.84546	-71.41783	2019	December
829	2019-12-10	807712	16:11:00	Pedestrian	1	NA	FALSE	FALSE	1	FRANCIS ST	AMERICAN EXPRESS PLZ	2019-12-10	Two-Way , Not Divided	Wet	Dark - Lighted	Rain	Not a Collision Between Two Motor Vehicles in Transport	No	Traffic Control Signal	2	1	Pain Reported	2	41.82745	-71.41541	FALSE	FALSE	Francis Street and American Express Plz, Providence, RI, USA	Med	Raw	distance greater than 100m	TRUE	41.82745	-71.41541	2019	December
828	2019-12-13	808064	20:19:00	Pedestrian	1	NA	FALSE	FALSE	1	WHIPPLE ST	ADMIRAL ST	2019-12-13	Two-Way , Not Divided	Wet	Dark - Lighted	Rain	Not a Collision Between Two Motor Vehicles in Transport	No	No Controls	2	1	Pain Reported	NA	41.84049	-71.41906	FALSE	FALSE	Whipple Street and Admiral Street, Providence, RI, USA	Med High	Raw	NA	FALSE	41.84049	-71.41906	2019	December
827	2019-12-14	808094	02:00:00	Pedestrian	1	NA	FALSE	FALSE	1	727 Cranston Street	ANTHONY AVE	2019-12-14	Two-Way , Not Divided	Wet	Dark - Lighted	Rain	Not a Collision Between Two Motor Vehicles in Transport	No	No Controls	3	1	Incapacitating	2	41.80465	-71.43823	TRUE	FALSE	727 Cranston Street, Providence, RI, USA	High	Raw	NA	FALSE	41.80465	-71.43823	2019	December
825	2019-12-17	808283	05:45:00	Pedestrian	1	NA	FALSE	FALSE	1	244 smith street	SMITH ST	2019-12-17	Two-Way , Not Divided	Wet	Dark - Lighted	Sleet, Hail (Freezing Rain or Drizzle)	Not a Collision Between Two Motor Vehicles in Transport	No	No Controls	3	1	Pain Reported	NA	41.83284	-71.41965	TRUE	FALSE	244 Smith Street, Providence, RI, USA	High	Raw	NA	FALSE	41.83284	-71.41965	2019	December
826	2019-12-17	808330	17:50:00	Bicycle	NA	1	FALSE	FALSE	1	BENEVOLENT ST	BROWN ST	2019-12-17	Two-Way, Not Divided With a Continuous Left Turn Lane	Wet	Dark - Lighted	Sleet, Hail (Freezing Rain or Drizzle)	Not a Collision Between Two Motor Vehicles in Transport	No	No Controls	2	1	Pain Reported	NA	41.8246	-71.40271	FALSE	FALSE	Benevolent Street and Brown Street, Providence, RI, USA	Med High	Raw	NA	FALSE	41.8246	-71.40271	2019	December
823	2019-12-19	808497	11:54:00	Pedestrian	1	NA	FALSE	FALSE	1	Pine St	DYER ST	2019-12-19	One-Way Trafficway	Dry	Daylight	Clear	Not a Collision Between Two Motor Vehicles in Transport	Yes	No Controls	2	1	Pain Reported	NA	41.82384	-71.40863	FALSE	FALSE	Pine Street and Dyer Street, Providence, RI, USA	Med	Raw	NA	FALSE	41.82384	-71.40863	2019	December
824	2019-12-19	808527	16:33:00	Pedestrian	1	NA	FALSE	FALSE	1	BROADWAY	AMERICA ST	2019-12-19	Two-Way , Not Divided	Dry	Dark - Lighted	Clear	Not a Collision Between Two Motor Vehicles in Transport	No	Pavement Markings	3	1	Pain Reported	2	41.82046	-71.42654	FALSE	FALSE	Broadway and America Street, Providence, RI, USA	Med	Raw	NA	FALSE	41.82046	-71.42654	2019	December
822	2019-12-20	808628	10:19:00	Pedestrian	1	NA	FALSE	FALSE	1	PLAINFIELD ST	DIKE ST	2019-12-20	Two-Way , Not Divided	Dry	Daylight	Clear	Not a Collision Between Two Motor Vehicles in Transport	No	No Controls	3	1	Pain Reported	NA	41.81651	-71.44418	FALSE	FALSE	Plainfield Street and Dike Street, Providence, RI, USA	Med High	Raw	NA	FALSE	41.81651	-71.44418	2019	December
819	2019-12-23	808791	16:43:00	Pedestrian	1	NA	FALSE	FALSE	1	LEDGE ST	PETER ST	2019-12-23	Two-Way , Not Divided	Dry	Dark - Lighted	Clear	Not a Collision Between Two Motor Vehicles in Transport	No	No Controls	2	1	Pain Reported	2	41.85338	-71.41955	FALSE	FALSE	Ledge Street and Peter Street, Providence, RI, USA	Med	Raw	NA	FALSE	41.85338	-71.41955	2019	December
820	2019-12-23	808792	16:56:00	Bicycle	NA	1	FALSE	FALSE	1	RICHMOND STREET	EDDY STREET	2019-12-23	Two-Way , Not Divided	Dry	Dark - Not Lighted	Clear	Other	No	No Controls	3	0	No Injury	NA	41.83616	-71.41597	FALSE	FALSE	Richmond Street and Eddy Street, Providence, RI, USA	Med High	Geocoded	distance greater than 100m	TRUE	41.8156786	-71.4065248	2019	December
821	2019-12-23	808799	18:28:00	Pedestrian	1	NA	FALSE	FALSE	1	LORETO ST	TOURO ST	2019-12-23	Two-Way , Not Divided	Dry	Dark - Lighted	Clear	Not a Collision Between Two Motor Vehicles in Transport	Yes	Stop Signs	1	1	Pain Reported	NA	41.84794	-71.41871	FALSE	FALSE	Loreto Street and Touro Street, Providence, RI, USA	Med High	Raw	NA	FALSE	41.84794	-71.41871	2019	December
818	2019-12-25	808930	17:46:00	Bicycle	NA	1	FALSE	FALSE	1	HARTFORD AVE	HARTFORD AVE	2019-12-25	Two-Way , Not Divided	Dry	Dark - Lighted	Clear	Not a Collision Between Two Motor Vehicles in Transport	Yes	No Controls	7	1	Non-Incapacitating	NA	41.81967	-71.46639	FALSE	FALSE	Hartford Ave and Hartford Ave, Providence, RI, USA	Med	Raw	distance greater than 100m	TRUE	41.81967	-71.46639	2019	December
817	2019-12-27	809071	17:13:00	Pedestrian	1	NA	FALSE	FALSE	1	DEAN ST	ATWELLS AVE	2019-12-27	Two-Way , Not Divided	Dry	Dark - Lighted	Clear	Not a Collision Between Two Motor Vehicles in Transport	No	Traffic Control Signal	3	1	Non-Incapacitating	NA	41.82332	-71.42413	FALSE	FALSE	Dean Street and Atwells Ave, Providence, RI, USA	Med High	Raw	NA	FALSE	41.82332	-71.42413	2019	December
816	2019-12-29	809207	13:39:00	Pedestrian	1	NA	FALSE	FALSE	1	Elmwood Avenue	W. Friendship Street	2019-12-29	Two-Way, Divided, Unprotected (painted>4feet) Medium	Dry	Daylight	Clear	Not a Collision Between Two Motor Vehicles in Transport	No	Traffic Control Signal	2	1	Pain Reported	1	NA	NA	FALSE	FALSE	Elmwood Avenue and W. Friendship Street, Providence, RI, USA	Med High	Geocoded	raw coords null but geocoded coords found	TRUE	41.80989	-71.424073	2019	December
815	2019-12-30	809302	22:17:00	Pedestrian	1	NA	FALSE	FALSE	1	BROAD ST	LENOX AVE	2019-12-31	Two-Way , Not Divided	Wet	Dark - Lighted	Rain	Not a Collision Between Two Motor Vehicles in Transport	No	Pavement Markings	2	1	Pain Reported	2	41.79828	-71.41478	FALSE	FALSE	Broad Street and Lenox Ave, Providence, RI, USA	Med	Raw	NA	FALSE	41.79828	-71.41478	2019	December
814	2020-01-01	809378	03:35:00	Pedestrian	1	NA	FALSE	FALSE	1	YALE AVE	LYNCH ST	2020-01-01	Two-Way , Not Divided	Dry	Dark - Lighted	Clear	Unknown	Yes	Stop Signs	1	1	Pain Reported	NA	41.82677	-71.45203	FALSE	FALSE	Yale Ave and Lynch Street, Providence, RI, USA	Med High	Raw	NA	FALSE	41.82677	-71.45203	2020	January
813	2020-01-02	809510	10:47:00	Pedestrian	1	NA	FALSE	FALSE	1	118 DUDLEY ST	NA	2020-01-02	Unknown	Dry	Daylight	Clear	Not a Collision Between Two Motor Vehicles in Transport	No	No Controls	2	1	Pain Reported	NA	NA	NA	TRUE	TRUE	118 Dudley Street, Providence, RI, USA	High	Neither	raw coords null but geocoded coords found	TRUE	41.81016	-71.41189	2020	January
812	2020-01-03	809587	13:27:00	Pedestrian	1	NA	FALSE	FALSE	1	Bucklin Street	Whitmarsh Street	2020-01-03	Two-Way , Not Divided	Dry	Daylight	Clear	Not a Collision Between Two Motor Vehicles in Transport	No	No Controls	2	0	No Injury	1	NA	NA	FALSE	FALSE	Bucklin Street and Whitmarsh Street, Providence, RI, USA	Med High	Geocoded	raw coords null but geocoded coords found	TRUE	41.8059079	-71.4278013	2020	January
811	2020-01-06	809737	15:30:00	Pedestrian	1	NA	FALSE	FALSE	1	PLAINFIELD ST	PLAINFIELD ST	2020-01-06	Two-Way , Not Divided	Dry	Daylight	Clear	Not a Collision Between Two Motor Vehicles in Transport	No	No Controls	3	1	Pain Reported	2	41.81444	-71.447	FALSE	FALSE	Plainfield Street and Plainfield Street, Providence, RI, USA	Med	Raw	distance greater than 100m	TRUE	41.81444	-71.447	2020	January
810	2020-01-08	809880	15:17:00	Pedestrian	1	NA	FALSE	FALSE	1	FRICKER STREET	CRANSTON ST	2020-01-08	One-Way Trafficway	Snow	Daylight	Snow	Not a Collision Between Two Motor Vehicles in Transport	Yes	No Controls	1	1	Pain Reported	NA	41.81657	-71.42176	FALSE	FALSE	Fricker Street and Cranston Street, Providence, RI, USA	Med High	Raw	NA	FALSE	41.81657	-71.42176	2020	January
809	2020-01-11	810317	12:28:00	Bicycle	NA	1	FALSE	FALSE	1	Manton Ave	Aleppo St	2020-01-15	Two-Way , Not Divided	Dry	Daylight	Clear	Other	No	No Controls	3	1	Pain Reported	NA	41.82019	-71.44695	FALSE	FALSE	Manton Ave and Aleppo Street, Providence, RI, USA	Med High	Raw	distance greater than 100m	TRUE	41.82019	-71.44695	2020	January
808	2020-01-16	810423	14:57:00	Pedestrian	1	NA	FALSE	FALSE	1	CHALKSTONE AVE	RIVER AVE	2020-01-16	Two-Way , Not Divided	Dry	Daylight	Clear	Not a Collision Between Two Motor Vehicles in Transport	No	No Controls	5	1	Pain Reported	2	41.83252	-71.43882	FALSE	FALSE	Chalkstone Ave and River Ave, Providence, RI, USA	Med High	Raw	NA	FALSE	41.83252	-71.43882	2020	January
806	2020-01-17	810467	07:40:00	Pedestrian	1	NA	FALSE	FALSE	1	BROAD ST	THURBERS AVE	2020-01-17	Two-Way , Not Divided	Dry	Daylight	Clear	Not a Collision Between Two Motor Vehicles in Transport	No	Pavement Markings	4	1	Pain Reported	NA	41.79811	-71.41456	FALSE	FALSE	Broad Street and Thurbers Ave, Providence, RI, USA	Med	Raw	NA	FALSE	41.79811	-71.41456	2020	January
807	2020-01-17	810505	18:05:00	Pedestrian	1	NA	FALSE	FALSE	1	THURBERS AVE	OCEAN ST	2020-01-17	Two-Way , Not Divided	Dry	Dark - Lighted	Clear	Not a Collision Between Two Motor Vehicles in Transport	No	No Controls	3	1	Pain Reported	NA	41.7993	-71.409	FALSE	FALSE	Thurbers Ave and Ocean Street, Providence, RI, USA	Med High	Raw	NA	FALSE	41.7993	-71.409	2020	January
804	2020-01-18	810614	22:10:00	Pedestrian	1	NA	FALSE	FALSE	1	oakland ave	SMITH ST	2020-01-18	Two-Way , Not Divided	Snow	Dark - Lighted	Snow	Not a Collision Between Two Motor Vehicles in Transport	Yes	No Controls	1	1	Pain Reported	NA	41.83606	-71.43046	FALSE	FALSE	Oakland Ave and Smith Street, Providence, RI, USA	Med High	Raw	NA	FALSE	41.83606	-71.43046	2020	January
805	2020-01-18	810635	23:03:00	Pedestrian	1	NA	FALSE	FALSE	1	Elmwood Ave	CARTER ST	2020-01-19	Two-Way , Not Divided	Snow	Dark - Lighted	Snow	Sideswipe, Same Direction	No	No Controls	3	1	Pain Reported	NA	41.80069	-71.42654	FALSE	FALSE	Elmwood Ave and Carter Street, Providence, RI, USA	Med High	Raw	NA	FALSE	41.80069	-71.42654	2020	January
803	2020-01-21	810849	18:29:00	Pedestrian	1	NA	FALSE	FALSE	1	WILLARD AVE	PLAIN ST	2020-01-21	Two-Way , Not Divided	Dry	Dark - Lighted	Clear	Not a Collision Between Two Motor Vehicles in Transport	No	Stop Signs	3	1	Pain Reported	NA	41.80891	-71.41075	FALSE	FALSE	Willard Ave and Plain Street, Providence, RI, USA	Med High	Raw	NA	FALSE	41.80891	-71.41075	2020	January
802	2020-01-23	810989	19:21:00	Pedestrian	1	NA	FALSE	FALSE	1	POCASSET AVE	MAGNOLIA ST	2020-01-23	Two-Way , Not Divided	Dry	Dark - Lighted	Clear	Not a Collision Between Two Motor Vehicles in Transport	Yes	No Controls	1	1	Pain Reported	2	41.81152	-71.4514	FALSE	FALSE	Pocasset Ave and Magnolia Street, Providence, RI, USA	Med High	Raw	distance greater than 100m	TRUE	41.81152	-71.4514	2020	January
799	2020-01-24	811069	15:59:00	Pedestrian	1	NA	FALSE	FALSE	1	ELMWOOD AVE	POTTERS AVE	2020-01-24	Two-Way , Not Divided	Dry	Daylight	Clear	Not a Collision Between Two Motor Vehicles in Transport	Yes	Traffic Control Signal	2	1	Pain Reported	2	41.80121	-71.42643	FALSE	FALSE	Elmwood Ave and Potters Ave, Providence, RI, USA	Med High	Raw	NA	FALSE	41.80121	-71.42643	2020	January
800	2020-01-24	811082	19:25:00	Bicycle	NA	1	FALSE	FALSE	1	STEEPLE ST	CANAL ST	2020-01-24	Two-Way , Not Divided	Dry	Dark - Lighted	Cloudy	Angle (Front - to - Side) Right Angle (Includes Broadside)	No	Traffic Control Signal	2	1	Pain Reported	NA	41.82718	-71.40991	FALSE	FALSE	Steeple Street and Canal Street, Providence, RI, USA	Med High	Raw	NA	FALSE	41.82718	-71.40991	2020	January
801	2020-01-24	811090	20:48:00	Pedestrian	1	NA	FALSE	FALSE	1	PEARL ST	PINE ST	2020-01-24	Two-Way , Not Divided	Dry	Dark - Lighted	Clear	Not a Collision Between Two Motor Vehicles in Transport	No	No Controls	2	1	Pain Reported	NA	41.81346	-71.41852	FALSE	FALSE	Pearl Street and Pine Street, Providence, RI, USA	Med	Raw	NA	FALSE	41.81346	-71.41852	2020	January
798	2020-01-25	811153	18:04:00	Pedestrian	1	NA	FALSE	FALSE	1	NARRAGANSETT BLVD	OHIO AVE	2020-01-25	Two-Way , Not Divided	Wet	Dark - Lighted	Rain	Not a Collision Between Two Motor Vehicles in Transport	No	No Controls	3	1	Incapacitating	NA	41.78986	-71.39628	FALSE	FALSE	Narragansett Blvd and Ohio Ave, Providence, RI, USA	Med High	Raw	NA	FALSE	41.78986	-71.39628	2020	January
797	2020-01-26	811190	15:34:00	Pedestrian	1	NA	FALSE	FALSE	1	WHIPPLE ST	ADMIRAL ST	2020-01-26	Two-Way , Not Divided	Dry	Daylight	Clear	Not a Collision Between Two Motor Vehicles in Transport	No	Traffic Control Signal	7	1	Incapacitating	NA	41.84068	-71.41897	FALSE	FALSE	Whipple Street and Admiral Street, Providence, RI, USA	Med High	Raw	NA	FALSE	41.84068	-71.41897	2020	January
796	2020-01-27	811272	08:32:00	Pedestrian	1	NA	FALSE	FALSE	1	EXCHANGE TER	EXCHANGE ST	2020-01-28	One-Way Trafficway	Dry	Daylight	Cloudy	Not a Collision Between Two Motor Vehicles in Transport	No	Stop Signs	3	1	Pain Reported	NA	41.82611	-71.4116	FALSE	FALSE	Exchange Ter and Exchange Street, Providence, RI, USA	Med High	Raw	distance greater than 100m	TRUE	41.82611	-71.4116	2020	January
795	2020-01-29	811324	18:37:00	Pedestrian	1	NA	FALSE	FALSE	1	SERVICE ROAD 7	BROAD ST	2020-01-29	One-Way Trafficway	Dry	Dark - Lighted	Clear	Other	Yes	Traffic Control Signal	1	1	Pain Reported	NA	41.81737	-71.41698	FALSE	FALSE	Service Road 7 and Broad Street, Providence, RI, USA	Med High	Raw	NA	FALSE	41.81737	-71.41698	2020	January
793	2020-02-01	811518	10:24:00	Pedestrian	1	NA	FALSE	FALSE	1	CHALKSTONE AVE	FALLON AVE	2020-02-01	Two-Way , Not Divided	Dry	Daylight	Clear	Not a Collision Between Two Motor Vehicles in Transport	Yes	Pavement Markings	1	1	Pain Reported	NA	41.83234	-71.44342	FALSE	FALSE	Chalkstone Ave and Fallon Ave, Providence, RI, USA	Med High	Raw	NA	FALSE	41.83234	-71.44342	2020	February
794	2020-02-01	811556	19:20:00	Bicycle	NA	1	FALSE	FALSE	1	CRANSTON ST	HUNTINGTON AVE	2020-02-01	Two-Way , Not Divided	Dry	Dark - Lighted	Clear	Not a Collision Between Two Motor Vehicles in Transport	No	Traffic Control Signal	2	0	No Injury	NA	41.80406	-71.43888	FALSE	FALSE	Cranston Street and Huntington Ave, Providence, RI, USA	Med High	Raw	NA	FALSE	41.80406	-71.43888	2020	February
792	2020-02-04	811700	23:05:00	Pedestrian	1	NA	FALSE	TRUE	2	460 SMITH ST	CHALKSTONE AVE	2020-02-05	Two-Way , Not Divided	Wet	Dark - Lighted	Rain	Rear End(Front-to-Rear)	No	No Controls	4	1	Pain Reported	NA	41.83541	-71.42612	TRUE	FALSE	460 Smith Street, Providence, RI, USA	High	Raw	NA	FALSE	41.83541	-71.42612	2020	February
791	2020-02-05	811713	09:19:00	Pedestrian	1	NA	FALSE	FALSE	1	100 Butler Drive	100 Butler Drive	2020-02-05	Two-Way , Not Divided	Dry	Daylight	Clear	Not a Collision Between Two Motor Vehicles in Transport	No	No Controls	3	1	Pain Reported	1	NA	NA	TRUE	FALSE	100 Butler Drive, Providence, RI, USA	High	Neither	raw coords null but geocoded coords found	TRUE	41.84173	-71.37979	2020	February
788	2020-02-11	812012	07:56:00	Pedestrian	1	NA	FALSE	FALSE	1	Sabin Street	West Exchange Street	2020-02-11	One-Way Trafficway	Wet	Daylight	Rain	Not a Collision Between Two Motor Vehicles in Transport	No	No Controls	4	1	Pain Reported	1	NA	NA	FALSE	FALSE	Sabin Street and West Exchange Street, Providence, RI, USA	Med High	Geocoded	raw coords null but geocoded coords found	TRUE	41.8248645	-71.4152876	2020	February
789	2020-02-11	812015	08:13:00	Pedestrian	1	NA	FALSE	FALSE	1	BROAD ST	ADELAIDE AVE	2020-02-11	Two-Way , Not Divided	Wet	Daylight	Rain	Not a Collision Between Two Motor Vehicles in Transport	No	Pavement Markings	3	1	Pain Reported	NA	41.79891	-71.41554	FALSE	FALSE	Broad Street and Adelaide Ave, Providence, RI, USA	Med	Raw	NA	FALSE	41.79891	-71.41554	2020	February
790	2020-02-11	812072	19:05:00	Pedestrian	1	NA	FALSE	FALSE	1	FRANCIS ST	FINANCE WAY	2020-02-11	Two-Way , Not Divided	Wet	Dark - Lighted	Rain	Not a Collision Between Two Motor Vehicles in Transport	No	Traffic Control Signal	3	1	Incapacitating	NA	41.82754	-71.41539	FALSE	FALSE	Francis Street and Finance Way, Providence, RI, USA	Med	Raw	NA	FALSE	41.82754	-71.41539	2020	February
786	2020-02-13	812169	06:32:00	Pedestrian	1	NA	FALSE	FALSE	1	Plain Street	Lockwood Street	2020-02-13	Two-Way , Not Divided	Wet	Dark - Unknown Lighting	Rain	Not a Collision Between Two Motor Vehicles in Transport	No	No Controls	3	1	Incapacitating	NA	41.81238	-71.41199	FALSE	FALSE	Plain Street and Lockwood Street, Providence, RI, USA	Med High	Raw	NA	FALSE	41.81238	-71.41199	2020	February
787	2020-02-13	812260	21:09:00	Pedestrian	1	NA	FALSE	FALSE	1	Smith St	Orms St	2020-02-13	Two-Way, Divided, Unprotected (painted>4feet) Medium	Wet	Dark - Lighted	Cloudy	Not a Collision Between Two Motor Vehicles in Transport	Yes	No Controls	1	1	Pain Reported	NA	41.83377	-71.42198	FALSE	FALSE	Smith Street and Orms Street, Providence, RI, USA	Med High	Raw	NA	FALSE	41.83377	-71.42198	2020	February
785	2020-02-17	812530	23:50:00	Pedestrian	1	NA	FALSE	FALSE	1	NA	CRANSTON ST	2020-02-17	Two-Way , Not Divided	Dry	Dark - Lighted	Clear	Not a Collision Between Two Motor Vehicles in Transport	Yes	Traffic Control Signal	1	1	Pain Reported	NA	41.80316	-71.43987	NA	FALSE	NA and Cranston Street, Providence, RI, USA	Med	Raw	distance greater than 100m	TRUE	41.80316	-71.43987	2020	February
784	2020-02-19	812675	15:49:00	Pedestrian	1	NA	FALSE	FALSE	1	ROCHAMBEAU AVE	HOPE ST	2020-02-19	Two-Way , Not Divided	Dry	Daylight	Clear	Not a Collision Between Two Motor Vehicles in Transport	No	Traffic Control Signal	2	1	Pain Reported	NA	41.84691	-71.39599	FALSE	FALSE	Rochambeau Ave and Hope Street, Providence, RI, USA	Med High	Raw	NA	FALSE	41.84691	-71.39599	2020	February
783	2020-02-20	812757	18:49:00	Pedestrian	1	NA	FALSE	FALSE	1	Wayland Ave	Waterman St	2020-02-20	Two-Way , Not Divided	Dry	Dark - Lighted	Clear	Not a Collision Between Two Motor Vehicles in Transport	No	Traffic Control Signal	4	1	Pain Reported	2	41.8286	-71.38838	FALSE	FALSE	Wayland Ave and Waterman Street, Providence, RI, USA	Med High	Raw	NA	FALSE	41.8286	-71.38838	2020	February
782	2020-02-21	812856	16:00:00	Bicycle	NA	1	FALSE	FALSE	1	SERVICE ROAD 3	WESTMINSTER ST	2020-02-22	Two-Way , Not Divided	Dry	Daylight	Clear	Sidwswipe, Opposite Direction	Yes	No Controls	1	1	Pain Reported	NA	41.81632	-71.44059	FALSE	FALSE	Service Road 3 and Westminster Street, Providence, RI, USA	Med High	Raw	distance greater than 100m	TRUE	41.81632	-71.44059	2020	February
779	2020-02-23	812899	00:15:00	Pedestrian	1	NA	FALSE	FALSE	1	987 NORTH MAIN ST	DEXTERDALE RD	2020-02-23	Two-Way, Divided, Positive Median Barrier	Dry	Dark - Lighted	Clear	Not a Collision Between Two Motor Vehicles in Transport	No	No Controls	3	1	Non-Incapacitating	NA	41.84849	-71.40412	TRUE	FALSE	987 North Main Street, Providence, RI, USA	High	Raw	NA	FALSE	41.84849	-71.40412	2020	February
780	2020-02-23	812906	02:19:00	Pedestrian	1	NA	FALSE	FALSE	1	Broad Street	Detroit Avenue	2020-02-23	Two-Way , Not Divided	Dry	Dark - Lighted	Clear	Not a Collision Between Two Motor Vehicles in Transport	Yes	No Controls	2	1	Non-Incapacitating	1	NA	NA	FALSE	FALSE	Broad Street and Detroit Avenue, Providence, RI, USA	Med	Geocoded	raw coords null but geocoded coords found	TRUE	41.794379	-71.4099112	2020	February
781	2020-02-23	812957	21:11:00	Pedestrian	1	NA	FALSE	FALSE	1	BROAD ST	BROAD ST	2020-02-23	Two-Way , Not Divided	Dry	Daylight	Clear	Not a Collision Between Two Motor Vehicles in Transport	No	No Controls	2	1	Pain Reported	NA	41.81434	-71.42119	FALSE	FALSE	Broad Street and Broad Street, Providence, RI, USA	Med	Raw	distance greater than 100m	TRUE	41.81434	-71.42119	2020	February
778	2020-02-26	813200	20:26:00	Pedestrian	1	NA	FALSE	FALSE	1	LIEGE ST	DOUGLAS AVE	2020-02-26	Two-Way, Divided, Unprotected (painted>4feet) Medium	Wet	Dark - Lighted	Clear	Unknown	No	No Controls	5	1	Pain Reported	NA	41.84161	-71.42747	FALSE	FALSE	Liege Street and Douglas Ave, Providence, RI, USA	Med High	Raw	NA	FALSE	41.84161	-71.42747	2020	February
776	2020-02-27	813232	09:11:00	Pedestrian	1	NA	FALSE	FALSE	1	RUGGLES ST	Smith Street	2020-02-27	Two-Way , Not Divided	Wet	Daylight	Rain	Not a Collision Between Two Motor Vehicles in Transport	No	Stop Signs	3	1	Pain Reported	NA	41.83624	-71.42825	FALSE	FALSE	Ruggles Street and Smith Street, Providence, RI, USA	Med High	Raw	NA	FALSE	41.83624	-71.42825	2020	February
777	2020-02-27	813256	19:25:00	Pedestrian	1	NA	FALSE	FALSE	1	4TH ST	HIGHLAND AVE	2020-02-27	Two-Way , Not Divided	Dry	Dark - Lighted	Clear	Not a Collision Between Two Motor Vehicles in Transport	No	Stop Signs	2	0	No Injury	NA	41.85116	-71.4001	FALSE	FALSE	4th Street and Highland Ave, Providence, RI, USA	Med	Raw	NA	FALSE	41.85116	-71.4001	2020	February
775	2020-02-28	813355	16:12:00	Pedestrian	1	NA	FALSE	FALSE	1	douglas ave	DOUGLAS AVE	2020-02-28	Two-Way , Not Divided	Dry	Daylight	Clear	Not a Collision Between Two Motor Vehicles in Transport	No	No Controls	2	1	Pain Reported	NA	41.83605	-71.41962	FALSE	FALSE	Douglas Ave and Douglas Ave, Providence, RI, USA	Med High	Raw	distance greater than 100m	TRUE	41.83605	-71.41962	2020	February
774	2020-02-29	813409	18:40:00	Bicycle	NA	1	FALSE	FALSE	1	MEMORIAL BLVD	FRANCIS ST	2020-02-29	One-Way Trafficway	Dry	Dark - Lighted	Clear	Not a Collision Between Two Motor Vehicles in Transport	No	Traffic Control Signal	4	1	Pain Reported	NA	41.8259	-71.41535	FALSE	FALSE	Memorial Blvd and Francis Street, Providence, RI, USA	Med High	Raw	NA	FALSE	41.8259	-71.41535	2020	February
771	2020-03-02	814513	09:20:00	Pedestrian	1	NA	FALSE	FALSE	1	GEORGE ST	BENEFIT ST	2020-03-02	Two-Way , Not Divided	Dry	Daylight	Clear	Not a Collision Between Two Motor Vehicles in Transport	No	Pavement Markings	2	1	Pain Reported	NA	41.82517	-71.40609	FALSE	FALSE	George Street and Benefit Street, Providence, RI, USA	Med	Raw	NA	FALSE	41.82517	-71.40609	2020	March
772	2020-03-02	814563	16:03:00	Pedestrian	1	NA	FALSE	FALSE	1	George St	Brown St	2020-03-02	Two-Way , Not Divided	Dry	Daylight	Clear	Not a Collision Between Two Motor Vehicles in Transport	No	Pavement Markings	4	1	Pain Reported	2	41.82535	-71.40276	FALSE	FALSE	George Street and Brown Street, Providence, RI, USA	Med	Raw	NA	FALSE	41.82535	-71.40276	2020	March
773	2020-03-02	814571	16:19:00	Pedestrian	1	NA	FALSE	FALSE	1	BARRY RD	BARRY RD	2020-03-02	Two-Way , Not Divided	Dry	Daylight	Clear	Not a Collision Between Two Motor Vehicles in Transport	Yes	No Controls	2	1	Incapacitating	NA	41.81821	-71.4504	FALSE	FALSE	Barry Rd and Barry Rd, Providence, RI, USA	Med	Raw	NA	FALSE	41.81821	-71.4504	2020	March