row_number	crash_date	crash_report_id	crash_time	collision_type	count_pedestrian	count_bicycle	scooter	wheel_chair	number_of_vehicles	street_or_highway	nearest_intersection	report_date	type_of_roadway	road_surface_condition	light_condition	weather_condition	manner_of_impact	hit_and_run	traffic_control	person_count	injury_count	most_serious_injury	number_of_lanes	lat_raw	lon_raw	has_st_number	is_intersection_null	address_sent_to_geocoder	api_coord_conf	best_coordinate_set	reason_for_qa	manually_qaed_record	final_lat	final_lon	year	month
770	2020-03-03	815286	08:30:00	Pedestrian	1	NA	FALSE	FALSE	1	CRANSTON ST	FRICKER ST	2020-03-11	Two-Way , Not Divided	Dry	Daylight	Clear	Not a Collision Between Two Motor Vehicles in Transport	Yes	Traffic Control Signal	1	1	Pain Reported	NA	41.81709	-71.4224	FALSE	FALSE	Cranston Street and Fricker Street, Providence, RI, USA	Med High	Raw	NA	FALSE	41.81709	-71.4224	2020	March
769	2020-03-05	814758	13:42:00	Pedestrian	1	NA	FALSE	FALSE	1	UNION ST	WASHINGTON ST	2020-03-05	Two-Way , Not Divided	Dry	Daylight	Clear	Not a Collision Between Two Motor Vehicles in Transport	Yes	No Controls	1	1	Pain Reported	NA	41.82357	-71.41395	FALSE	FALSE	Union Street and Washington Street, Providence, RI, USA	Med	Raw	NA	FALSE	41.82357	-71.41395	2020	March
768	2020-03-07	815010	16:25:00	Pedestrian	1	NA	FALSE	FALSE	1	Angell St	Hope St	2020-03-07	One-Way Trafficway	Dry	Daylight	Clear	Not a Collision Between Two Motor Vehicles in Transport	No	Traffic Control Signal	4	1	Pain Reported	NA	41.8284	-71.39751	FALSE	FALSE	Angell Street and Hope Street, Providence, RI, USA	Med High	Raw	NA	FALSE	41.8284	-71.39751	2020	March
767	2020-03-08	815092	15:02:00	Pedestrian	1	NA	FALSE	FALSE	1	BROAD ST	ADELAIDE AVE	2020-03-08	Two-Way , Not Divided	Dry	Daylight	Clear	Not a Collision Between Two Motor Vehicles in Transport	No	No Controls	2	1	Pain Reported	NA	41.79837	-71.41488	FALSE	FALSE	Broad Street and Adelaide Ave, Providence, RI, USA	Med	Raw	NA	FALSE	41.79837	-71.41488	2020	March
764	2020-03-09	815171	13:28:00	Pedestrian	1	NA	FALSE	FALSE	1	ROGER WILLIAMS CT	ELMWOOD AVE	2020-03-09	Two-Way, Divided, Positive Median Barrier	Dry	Daylight	Clear	Not a Collision Between Two Motor Vehicles in Transport	No	No Controls	2	1	Non-Incapacitating	NA	41.78912	-71.42138	FALSE	FALSE	Roger Williams Ct and Elmwood Ave, Providence, RI, USA	Med High	Raw	NA	FALSE	41.78912	-71.42138	2020	March
765	2020-03-09	815181	14:41:00	Bicycle	NA	1	FALSE	FALSE	1	FOUNTAIN ST	DORRANCE ST	2020-03-09	One-Way Trafficway	Dry	Daylight	Clear	Not a Collision Between Two Motor Vehicles in Transport	No	Traffic Control Signal	3	1	Pain Reported	NA	41.82482	-71.41422	FALSE	FALSE	Fountain Street and Dorrance Street, Providence, RI, USA	Med High	Raw	NA	FALSE	41.82482	-71.41422	2020	March
766	2020-03-09	815196	17:02:00	Pedestrian	1	NA	FALSE	FALSE	1	ACADEMY AVENUE	ARMINGTON AVE	2020-03-09	Two-Way, Divided, Unprotected (painted>4feet) Medium	Dry	Daylight	Clear	Not a Collision Between Two Motor Vehicles in Transport	No	No Controls	3	1	Pain Reported	NA	41.8274	-71.44374	FALSE	FALSE	Academy Avenue and Armington Ave, Providence, RI, USA	Med High	Raw	NA	FALSE	41.8274	-71.44374	2020	March
762	2020-03-10	815226	10:15:00	Pedestrian	1	NA	FALSE	FALSE	1	WASHINGTON ST	SERVICE ROAD 8	2020-03-10	Two-Way , Not Divided	Dry	Daylight	Clear	Angle (Front - to - Side) Right Angle (Includes Broadside)	No	No Controls	2	1	Pain Reported	NA	41.82021	-71.41885	FALSE	FALSE	Washington Street and Service Road 8, Providence, RI, USA	Med High	Raw	distance greater than 100m	TRUE	41.82021	-71.41885	2020	March
763	2020-03-10	815261	20:12:00	Pedestrian	1	NA	FALSE	FALSE	1	PITMAN ST	BUTLER AVE	2020-03-10	Two-Way , Not Divided	Dry	Dark - Lighted	Cloudy	Not a Collision Between Two Motor Vehicles in Transport	No	Pavement Markings	5	1	Fatal	NA	41.8268	-71.38713	FALSE	FALSE	Pitman Street and Butler Ave, Providence, RI, USA	Med High	Raw	NA	FALSE	41.8268	-71.38713	2020	March
761	2020-03-11	815306	14:42:00	Pedestrian	1	NA	FALSE	FALSE	1	BRANCH AVE	VANDEWATER ST	2020-03-11	Two-Way, Divided, Unprotected (painted>4feet) Medium	Dry	Daylight	Clear	Other	Yes	No Controls	1	1	Pain Reported	NA	41.85364	-71.42871	FALSE	FALSE	Branch Ave and Vandewater Street, Providence, RI, USA	Med High	Raw	NA	FALSE	41.85364	-71.42871	2020	March
760	2020-03-12	815401	16:39:00	Pedestrian	1	NA	FALSE	FALSE	1	MANTON AVE	POPE ST	2020-03-12	Two-Way , Not Divided	Dry	Daylight	Clear	Not a Collision Between Two Motor Vehicles in Transport	Yes	No Controls	1	1	Pain Reported	NA	41.82186	-71.44906	FALSE	FALSE	Manton Ave and Pope Street, Providence, RI, USA	Med High	Raw	NA	FALSE	41.82186	-71.44906	2020	March
759	2020-03-13	815433	07:05:00	Pedestrian	1	NA	FALSE	FALSE	1	STEUBEN ST	ATWELLS AVE	2020-03-13	Two-Way , Not Divided	Wet	Daylight	Rain	Not a Collision Between Two Motor Vehicles in Transport	No	Pavement Markings	5	1	Pain Reported	NA	41.82504	-71.44935	FALSE	FALSE	Steuben Street and Atwells Ave, Providence, RI, USA	Med High	Raw	NA	FALSE	41.82504	-71.44935	2020	March
758	2020-03-14	815555	21:11:00	Bicycle	NA	1	FALSE	FALSE	1	MEMORIAL BLVD	FRANCIS ST	2020-03-14	Two-Way, Divided, Positive Median Barrier	Dry	Dark - Lighted	Clear	Not a Collision Between Two Motor Vehicles in Transport	No	Traffic Control Signal	3	1	Pain Reported	NA	41.8259	-71.41535	FALSE	FALSE	Memorial Blvd and Francis Street, Providence, RI, USA	Med High	Raw	NA	FALSE	41.8259	-71.41535	2020	March
756	2020-03-16	815612	04:18:00	Pedestrian	1	NA	FALSE	FALSE	1	EAST DR	MIDDLE DR	2020-03-16	Two-Way , Not Divided	Dry	Dark - Lighted	Clear	Not a Collision Between Two Motor Vehicles in Transport	Yes	No Controls	2	1	Non-Incapacitating	NA	41.85234	-71.44313	FALSE	FALSE	East Dr and Middle Dr, Providence, RI, USA	Med	Raw	distance greater than 100m	TRUE	41.85234	-71.44313	2020	March
757	2020-03-16	815629	08:06:00	Bicycle	NA	1	FALSE	FALSE	1	Manton Avenue	Chaffee Street	2020-03-16	Two-Way, Divided, Unprotected (painted>4feet) Medium	Dry	Daylight	Clear	Not a Collision Between Two Motor Vehicles in Transport	No	Pavement Markings	3	1	Incapacitating	1	NA	NA	FALSE	FALSE	Manton Avenue and Chaffee Street, Providence, RI, USA	Med High	Geocoded	raw coords null but geocoded coords found	TRUE	41.8187415	-71.4456512	2020	March
755	2020-03-19	815736	18:08:00	Pedestrian	2	NA	FALSE	FALSE	1	MANTON AVE	SHERIDAN ST	2020-03-19	Two-Way , Not Divided	Wet	Daylight	Cloudy	Not a Collision Between Two Motor Vehicles in Transport	No	No Controls	5	2	Non-Incapacitating	NA	41.8237	-71.45158	FALSE	FALSE	Manton Ave and Sheridan Street, Providence, RI, USA	Med High	Raw	NA	FALSE	41.8237	-71.45158	2020	March
753	2020-03-20	815744	06:02:00	Pedestrian	1	NA	FALSE	FALSE	1	N. Main Street	Eight Street	2020-03-20	Two-Way, Divided, Positive Median Barrier	Dry	Dawn	Clear	Not a Collision Between Two Motor Vehicles in Transport	No	No Controls	2	1	Pain Reported	2	NA	NA	FALSE	FALSE	N. Main Street and Eight Street, Providence, RI, USA	Med	Neither	raw coords null but geocoded coords found	TRUE	41.85425	-71.40059	2020	March
754	2020-03-20	815752	15:07:00	Pedestrian	1	NA	FALSE	FALSE	1	BROAD STREET	MARLBOROUGH AVE	2020-03-20	Two-Way , Not Divided	Dry	Daylight	Clear	Not a Collision Between Two Motor Vehicles in Transport	No	No Controls	3	1	Pain Reported	NA	41.80572	-71.41978	FALSE	FALSE	Broad Street and Marlborough Ave, Providence, RI, USA	Med	Raw	NA	FALSE	41.80572	-71.41978	2020	March
752	2020-03-24	815849	17:12:00	Pedestrian	1	NA	FALSE	FALSE	1	POCASSET AVE	MERCY ST	2020-03-24	Two-Way , Not Divided	Dry	Daylight	Cloudy	Not a Collision Between Two Motor Vehicles in Transport	Yes	No Controls	2	1	Pain Reported	NA	41.80862	-71.45557	FALSE	FALSE	Pocasset Ave and Mercy Street, Providence, RI, USA	Med High	Raw	NA	FALSE	41.80862	-71.45557	2020	March
751	2020-03-28	815897	11:51:00	Bicycle	NA	1	FALSE	FALSE	1	POCASSET AVE	LAUREL HILL AVE	2020-03-28	Two-Way, Divided, Unprotected (painted>4feet) Medium	Dry	Daylight	Clear	Angle (Front - to - Side) Right Angle (Includes Broadside)	No	Traffic Control Signal	2	0	No Injury	NA	41.81072	-71.4541	FALSE	FALSE	Pocasset Ave and Laurel Hill Ave, Providence, RI, USA	Med High	Raw	NA	FALSE	41.81072	-71.4541	2020	March
750	2020-04-02	815989	17:06:00	Pedestrian	1	NA	FALSE	FALSE	1	ATWELLS AVE	BRADFORD ST	2020-04-02	Two-Way , Not Divided	Dry	Daylight	Cloudy	Not a Collision Between Two Motor Vehicles in Transport	No	Pavement Markings	3	1	Pain Reported	NA	41.82323	-71.42183	FALSE	FALSE	Atwells Ave and Bradford Street, Providence, RI, USA	Med High	Raw	NA	FALSE	41.82323	-71.42183	2020	April
749	2020-04-03	816018	20:30:00	Pedestrian	1	NA	FALSE	FALSE	1	GLENBRIDGE AVE	LARK ST	2020-04-03	Two-Way , Not Divided	Wet	Dark - Lighted	Rain	Not a Collision Between Two Motor Vehicles in Transport	No	No Controls	2	1	Pain Reported	NA	41.82556	-71.45854	FALSE	FALSE	Glenbridge Ave and Lark Street, Providence, RI, USA	Med High	Raw	NA	FALSE	41.82556	-71.45854	2020	April
748	2020-04-06	816048	20:10:00	Bicycle	NA	1	FALSE	FALSE	1	PLAINFIELD ST EXIT	PLAINFIELD ST	2020-04-06	Two-Way , Not Divided	Dry	Dark - Lighted	Clear	Not a Collision Between Two Motor Vehicles in Transport	No	Pavement Markings	3	1	Pain Reported	NA	41.81539	-71.44587	FALSE	FALSE	Plainfield Street Exit and Plainfield Street, Providence, RI, USA	Med	Raw	distance greater than 100m	TRUE	41.81539	-71.44587	2020	April
747	2020-04-07	816052	11:32:00	Pedestrian	1	NA	FALSE	FALSE	1	110 LOCKWOOD ST	NA	2020-04-07	Unknown	Dry	Daylight	Clear	Not a Collision Between Two Motor Vehicles in Transport	No	No Controls	4	1	Pain Reported	NA	NA	NA	TRUE	TRUE	110 Lockwood Street, Providence, RI, USA	High	Neither	raw coords null but geocoded coords found	TRUE	41.81263	-71.41533	2020	April
746	2020-04-08	816135	01:26:00	Pedestrian	1	NA	FALSE	FALSE	1	ATLANTIC AVE	Broad Street	2020-04-10	Two-Way , Not Divided	Dry	Dark - Lighted	Clear	Not a Collision Between Two Motor Vehicles in Transport	Yes	No Controls	1	1	Pain Reported	NA	41.79934	-71.41632	FALSE	FALSE	Atlantic Ave and Broad Street, Providence, RI, USA	Med High	Raw	NA	FALSE	41.79934	-71.41632	2020	April
745	2020-04-10	816124	07:30:00	Bicycle	NA	1	FALSE	FALSE	1	ORMS ST	SMITH ST	2020-04-10	Two-Way, Divided, Positive Median Barrier	Dry	Daylight	Clear	Not a Collision Between Two Motor Vehicles in Transport	No	Traffic Control Signal	2	0	No Injury	NA	41.83377	-71.42198	FALSE	FALSE	Orms Street and Smith Street, Providence, RI, USA	Med High	Raw	NA	FALSE	41.83377	-71.42198	2020	April
744	2020-04-11	816148	13:06:00	Bicycle	NA	1	FALSE	FALSE	1	NORTH MAIN ST	WHITE ST	2020-04-11	Two-Way , Not Divided	Dry	Daylight	Clear	Not a Collision Between Two Motor Vehicles in Transport	No	Traffic Control Signal	4	1	Pain Reported	NA	41.85548	-71.40015	FALSE	FALSE	North Main Street and White Street, Providence, RI, USA	Med	Raw	NA	FALSE	41.85548	-71.40015	2020	April
743	2020-04-13	816204	14:10:00	Bicycle	NA	1	FALSE	FALSE	1	WESTMINSTER ST	BOUGH ST	2020-04-14	Two-Way, Divided, Positive Median Barrier	Dry	Daylight	Rain	Head-On (Front - to - Front)	Yes	No Controls	2	1	Pain Reported	NA	41.81656	-71.44159	FALSE	FALSE	Westminster Street and Bough Street, Providence, RI, USA	Med High	Raw	NA	FALSE	41.81656	-71.44159	2020	April
742	2020-04-14	816215	21:17:00	Pedestrian	1	NA	FALSE	FALSE	1	CRANSTON STREET	HANOVER ST	2020-04-14	Two-Way , Not Divided	Dry	Dark - Lighted	Clear	Not a Collision Between Two Motor Vehicles in Transport	Yes	No Controls	1	1	Non-Incapacitating	NA	41.80933	-71.43368	FALSE	FALSE	Cranston Street and Hanover Street, Providence, RI, USA	Med High	Raw	NA	FALSE	41.80933	-71.43368	2020	April
741	2020-04-18	816246	09:59:00	Pedestrian	1	NA	FALSE	FALSE	1	NORTH MAIN ST	RANDALL ST	2020-04-18	Two-Way, Divided, Positive Median Barrier	Wet	Daylight	Snow	Not a Collision Between Two Motor Vehicles in Transport	No	Pavement Markings	2	1	Pain Reported	NA	41.83666	-71.40959	FALSE	FALSE	North Main Street and Randall Street, Providence, RI, USA	Med	Raw	distance greater than 100m	TRUE	41.83666	-71.40959	2020	April
740	2020-04-21	816329	17:00:00	Pedestrian	1	NA	FALSE	FALSE	1	broad street	SACKETT ST	2020-04-21	Two-Way , Not Divided	Wet	Daylight	Rain	Not a Collision Between Two Motor Vehicles in Transport	Yes	No Controls	1	1	Pain Reported	NA	41.79614	-71.4121	FALSE	FALSE	Broad Street and Sackett Street, Providence, RI, USA	Med	Raw	NA	FALSE	41.79614	-71.4121	2020	April
738	2020-04-25	816558	00:21:00	Pedestrian	1	NA	FALSE	FALSE	1	BROAD ST	BROAD ST	2020-04-25	Two-Way , Not Divided	Dry	Dark - Lighted	Clear	Not a Collision Between Two Motor Vehicles in Transport	Yes	No Controls	1	0	No Injury	NA	41.81606	-71.41988	FALSE	FALSE	Broad Street and Broad Street, Providence, RI, USA	Med	Raw	distance greater than 100m	TRUE	41.81606	-71.41988	2020	April
739	2020-04-25	817611	20:38:00	Pedestrian	1	NA	FALSE	FALSE	1	ELMWOOD AVENUE	PARKIS AVE	2020-04-25	Two-Way , Not Divided	Dry	Dark - Lighted	Clear	Not a Collision Between Two Motor Vehicles in Transport	No	No Controls	2	1	Incapacitating	NA	41.80892	-71.42459	FALSE	FALSE	Elmwood Avenue and Parkis Ave, Providence, RI, USA	Med High	Raw	NA	FALSE	41.80892	-71.42459	2020	April
737	2020-05-01	817956	08:33:00	Pedestrian	2	NA	FALSE	FALSE	1	CAMP ST	DOYLE AVE	2020-05-01	Two-Way , Not Divided	Wet	Daylight	Sleet, Hail (Freezing Rain or Drizzle)	Not a Collision Between Two Motor Vehicles in Transport	Yes	Stop Signs	8	2	Incapacitating	NA	41.8388	-71.40419	FALSE	FALSE	Camp Street and Doyle Ave, Providence, RI, USA	Med High	Raw	NA	FALSE	41.8388	-71.40419	2020	May
735	2020-05-03	818021	13:17:00	Pedestrian	1	NA	FALSE	FALSE	1	PRESIDENT AVE	ELMGROVE AVE	2020-05-03	Two-Way , Not Divided	Dry	Daylight	Clear	Not a Collision Between Two Motor Vehicles in Transport	No	Stop Signs	2	1	Pain Reported	NA	41.83523	-71.39117	FALSE	FALSE	President Ave and Elmgrove Ave, Providence, RI, USA	Med High	Raw	NA	FALSE	41.83523	-71.39117	2020	May
736	2020-05-03	818037	21:15:00	Pedestrian	1	NA	FALSE	FALSE	1	CRANSTON ST	BRIDGHAM ST	2020-05-03	Two-Way , Not Divided	Dry	Dark - Lighted	Clear	Not a Collision Between Two Motor Vehicles in Transport	Yes	Traffic Control Signal	3	1	Incapacitating	NA	41.81396	-71.42694	FALSE	FALSE	Cranston Street and Bridgham Street, Providence, RI, USA	Med High	Raw	NA	FALSE	41.81396	-71.42694	2020	May
734	2020-05-05	818165	13:46:00	Pedestrian	1	NA	FALSE	FALSE	1	REGENT AVE	ACADEMY AVE	2020-05-05	Two-Way , Not Divided	Dry	Daylight	Clear	Not a Collision Between Two Motor Vehicles in Transport	No	No Controls	2	1	Pain Reported	NA	41.82929	-71.44397	FALSE	FALSE	Regent Ave and Academy Ave, Providence, RI, USA	Med High	Raw	NA	FALSE	41.82929	-71.44397	2020	May
733	2020-05-13	818498	08:58:00	Pedestrian	1	NA	FALSE	FALSE	1	460 SMITH ST	CHALKSTONE AVE	2020-05-13	Two-Way, Divided, Unprotected (painted>4feet) Medium	Dry	Daylight	Clear	Not a Collision Between Two Motor Vehicles in Transport	Yes	No Controls	3	1	Non-Incapacitating	NA	41.83524	-71.42571	TRUE	FALSE	460 Smith Street, Providence, RI, USA	High	Raw	NA	FALSE	41.83524	-71.42571	2020	May
732	2020-05-17	818685	14:00:00	Bicycle	NA	1	FALSE	FALSE	2	CAROLINA AVE	VIRGINIA AVE	2020-05-17	Two-Way , Not Divided	Dry	Daylight	Clear	Angle (Front - to - Side) Right Angle (Includes Broadside)	No	No Controls	4	3	Pain Reported	NA	41.79101	-71.39991	FALSE	FALSE	Carolina Ave and Virginia Ave, Providence, RI, USA	Med High	Raw	NA	FALSE	41.79101	-71.39991	2020	May
731	2020-05-24	819160	16:52:00	Bicycle	NA	1	FALSE	FALSE	1	PLAINFIELD ST	GIFFORD ST	2020-05-24	Two-Way , Not Divided	Dry	Daylight	Clear	Not a Collision Between Two Motor Vehicles in Transport	No	Other	2	1	Pain Reported	NA	41.81378	-71.4485	FALSE	FALSE	Plainfield Street and Gifford Street, Providence, RI, USA	Med High	Raw	NA	FALSE	41.81378	-71.4485	2020	May
730	2020-05-25	819216	16:20:00	Bicycle	NA	1	FALSE	FALSE	1	DOVER ST	PEMBERTON ST	2020-05-25	Two-Way , Not Divided	Dry	Daylight	Cloudy	Not a Collision Between Two Motor Vehicles in Transport	No	No Controls	2	0	No Injury	NA	41.82991	-71.44564	FALSE	FALSE	Dover Street and Pemberton Street, Providence, RI, USA	Med High	Raw	NA	FALSE	41.82991	-71.44564	2020	May
729	2020-05-26	819314	19:21:00	Pedestrian	1	NA	FALSE	FALSE	1	SMITH ST	RUGGLES ST	2020-05-26	Two-Way , Not Divided	Dry	Dusk	Clear	Not a Collision Between Two Motor Vehicles in Transport	No	No Controls	5	1	Pain Reported	NA	41.83616	-71.42831	FALSE	FALSE	Smith Street and Ruggles Street, Providence, RI, USA	Med High	Raw	NA	FALSE	41.83616	-71.42831	2020	May
728	2020-05-27	819369	16:29:00	Pedestrian	1	NA	FALSE	FALSE	1	CHARLES ST	HAWKINS ST	2020-05-27	Two-Way, Divided, Unprotected (painted>4feet) Medium	Dry	Daylight	Clear	Not a Collision Between Two Motor Vehicles in Transport	No	No Controls	2	1	Incapacitating	NA	41.8514	-71.42016	FALSE	FALSE	Charles Street and Hawkins Street, Providence, RI, USA	Med	Raw	NA	FALSE	41.8514	-71.42016	2020	May
727	2020-05-28	819423	16:38:00	Bicycle	NA	1	FALSE	FALSE	1	BROOK ST	WILLIAMS ST	2020-05-28	Two-Way , Not Divided	Dry	Daylight	Cloudy	Angle (Front - to - Side) Right Angle (Includes Broadside)	No	Stop Signs	3	1	Pain Reported	2	41.82248	-71.3986	FALSE	FALSE	Brook Street and Williams Street, Providence, RI, USA	Med	Raw	NA	FALSE	41.82248	-71.3986	2020	May
726	2020-05-31	819586	10:48:00	Pedestrian	1	NA	FALSE	FALSE	1	CRANSTON ST	DEXTER ST	2020-05-31	Two-Way , Not Divided	Dry	Daylight	Clear	Not a Collision Between Two Motor Vehicles in Transport	No	Pavement Markings	2	1	Pain Reported	NA	41.81264	-71.42952	FALSE	FALSE	Cranston Street and Dexter Street, Providence, RI, USA	Med High	Raw	NA	FALSE	41.81264	-71.42952	2020	May
725	2020-06-01	819705	23:30:00	Pedestrian	1	NA	FALSE	FALSE	1	77 Union Ave	SORRENTO ST	2020-06-02	Two-Way , Not Divided	Dry	Dark - Lighted	Clear	Not a Collision Between Two Motor Vehicles in Transport	No	No Controls	2	1	Incapacitating	NA	41.80984	-71.43621	TRUE	FALSE	77 Union Ave, Providence, RI, USA	High	Unknown	distance greater than 100m	TRUE	NA	NA	2020	June
724	2020-06-02	819708	21:25:00	Pedestrian	1	NA	FALSE	FALSE	1	EDDY ST	BROOM ST	2020-06-02	Two-Way , Not Divided	Dry	Dark - Lighted	Clear	Not a Collision Between Two Motor Vehicles in Transport	Yes	No Controls	4	1	Pain Reported	NA	41.79061	-71.40323	FALSE	FALSE	Eddy Street and Broom Street, Providence, RI, USA	Med High	Raw	NA	FALSE	41.79061	-71.40323	2020	June
722	2020-06-05	819863	14:28:00	Bicycle	NA	1	FALSE	FALSE	1	OPPER STREET	SOCIAL STREET	2020-06-05	Two-Way , Not Divided	Dry	Daylight	Clear	Angle (Front - to - Side) Right Angle (Includes Broadside)	No	Stop Signs	3	0	No Injury	NA	41.83465	-71.41632	FALSE	FALSE	Opper Street and Social Street, Providence, RI, USA	Med High	Geocoded	distance greater than 100m	TRUE	41.8538456	-71.4220131	2020	June
723	2020-06-05	819873	21:00:00	Pedestrian	1	NA	FALSE	FALSE	1	ROCHAMBEAU AVE	HOPE ST	2020-06-05	Two-Way, Not Divided With a Continuous Left Turn Lane	Wet	Dusk	Clear	Not a Collision Between Two Motor Vehicles in Transport	Yes	Traffic Control Signal	2	1	Pain Reported	NA	41.84691	-71.39608	FALSE	FALSE	Rochambeau Ave and Hope Street, Providence, RI, USA	Med High	Raw	NA	FALSE	41.84691	-71.39608	2020	June
721	2020-06-07	819963	13:12:00	Bicycle	NA	1	FALSE	FALSE	1	BROAD ST	ALDRICH ST	2020-06-07	Two-Way , Not Divided	Dry	Daylight	Clear	Not a Collision Between Two Motor Vehicles in Transport	No	No Controls	2	0	No Injury	NA	41.79362	-71.40898	FALSE	FALSE	Broad Street and Aldrich Street, Providence, RI, USA	Med	Raw	NA	FALSE	41.79362	-71.40898	2020	June
720	2020-06-09	820038	02:25:00	Pedestrian	1	NA	FALSE	FALSE	1	JEWETT ST	CALVERLY ST	2020-06-09	Two-Way , Not Divided	Dry	Dark - Lighted	Clear	Not a Collision Between Two Motor Vehicles in Transport	Yes	No Controls	2	1	Pain Reported	NA	41.83279	-71.4214	FALSE	FALSE	Jewett Street and Calverly Street, Providence, RI, USA	Med High	Raw	NA	FALSE	41.83279	-71.4214	2020	June
719	2020-06-13	820249	17:55:00	Bicycle	NA	1	FALSE	FALSE	1	CHARLES ST	CORLISS ST	2020-06-13	One-Way Trafficway	Dry	Daylight	Clear	Not a Collision Between Two Motor Vehicles in Transport	No	No Controls	4	1	Pain Reported	NA	41.83867	-71.41526	FALSE	FALSE	Charles Street and Corliss Street, Providence, RI, USA	Med	Raw	NA	FALSE	41.83867	-71.41526	2020	June
716	2020-06-17	820509	13:03:00	Pedestrian	1	NA	TRUE	FALSE	1	501 SILVER SPRING STREET	SMITHFIELD AVE	2020-06-17	Two-Way, Divided, Unprotected (painted>4feet) Medium	Dry	Daylight	Clear	Not a Collision Between Two Motor Vehicles in Transport	No	No Controls	3	1	Pain Reported	NA	41.85619	-71.41091	TRUE	FALSE	501 Silver Spring Street, Providence, RI, USA	High	Raw	NA	FALSE	41.85619	-71.41091	2020	June
717	2020-06-17	820583	12:23:00	Other	1	NA	TRUE	FALSE	1	1271 Broad St	BROAD ST	2020-06-18	Two-Way , Not Divided	Dry	Daylight	Clear	Not a Collision Between Two Motor Vehicles in Transport	Yes	No Controls	2	1	Pain Reported	NA	41.79195	-71.4069	TRUE	FALSE	1271 Broad Street, Providence, RI, USA	High	Raw	NA	FALSE	41.79195	-71.4069	2020	June
718	2020-06-17	820596	16:30:00	Bicycle	NA	1	FALSE	FALSE	1	POTTERS AVE	BROAD ST	2020-06-18	Two-Way , Not Divided	Dry	Daylight	Clear	Not a Collision Between Two Motor Vehicles in Transport	Yes	No Controls	1	1	Pain Reported	NA	41.80297	-71.41891	FALSE	FALSE	Potters Ave and Broad Street, Providence, RI, USA	Med High	Raw	NA	FALSE	41.80297	-71.41891	2020	June
715	2020-06-18	820567	03:29:00	Pedestrian	1	NA	FALSE	FALSE	1	SORRENTO ST	WADSWORTH ST	2020-06-18	Unknown	Dry	Dark - Lighted	Clear	Not a Collision Between Two Motor Vehicles in Transport	Yes	Unknown	1	1	Non-Incapacitating	NA	41.80679	-71.43831	FALSE	FALSE	Sorrento Street and Wadsworth Street, Providence, RI, USA	Med High	Raw	NA	FALSE	41.80679	-71.43831	2020	June
714	2020-06-20	820799	18:29:00	Bicycle	NA	1	FALSE	FALSE	1	LLOYD AVE	ELMGROVE AVE	2020-06-20	Two-Way , Not Divided	Dry	Daylight	Clear	Not a Collision Between Two Motor Vehicles in Transport	No	Stop Signs	6	1	Incapacitating	2	41.83416	-71.3908	FALSE	FALSE	Lloyd Ave and Elmgrove Ave, Providence, RI, USA	Med High	Raw	NA	FALSE	41.83416	-71.3908	2020	June
713	2020-06-24	821099	15:12:00	Pedestrian	1	NA	FALSE	FALSE	1	BORDEN ST	PLAIN ST	2020-06-24	Two-Way , Not Divided	Dry	Daylight	Clear	Not a Collision Between Two Motor Vehicles in Transport	No	No Controls	2	1	Pain Reported	NA	41.81331	-71.412	FALSE	FALSE	Borden Street and Plain Street, Providence, RI, USA	Med High	Raw	NA	FALSE	41.81331	-71.412	2020	June
712	2020-06-26	821230	03:09:00	Pedestrian	1	NA	FALSE	FALSE	1	CASS ST	BROAD ST	2020-06-26	Two-Way , Not Divided	Dry	Dark - Not Lighted	Clear	Not a Collision Between Two Motor Vehicles in Transport	Yes	No Controls	1	1	Incapacitating	NA	41.79331	-71.40795	FALSE	FALSE	Cass Street and Broad Street, Providence, RI, USA	Med High	Raw	NA	FALSE	41.79331	-71.40795	2020	June
708	2020-06-27	821292	12:09:00	Bicycle	NA	1	FALSE	FALSE	1	Valley Street	Hemlock Street	2020-06-27	Two-Way, Divided, Unprotected (painted>4feet) Medium	Dry	Daylight	Clear	Not a Collision Between Two Motor Vehicles in Transport	No	Stop Signs	2	0	No Injury	1	NA	NA	FALSE	FALSE	Valley Street and Hemlock Street, Providence, RI, USA	Med High	Geocoded	raw coords null but geocoded coords found	TRUE	41.8304583	-71.4304933	2020	June
709	2020-06-27	821321	15:25:00	Bicycle	NA	1	FALSE	FALSE	1	GALLATIN ST	EMERSON ST	2020-06-27	Two-Way , Not Divided	Wet	Daylight	Rain	Other	No	No Controls	2	0	No Injury	NA	41.79717	-71.41358	FALSE	FALSE	Gallatin Street and Emerson Street, Providence, RI, USA	Med High	Unknown	distance greater than 100m	TRUE	NA	NA	2020	June
710	2020-06-27	821347	23:16:00	Pedestrian	1	NA	FALSE	FALSE	1	315 BROAD STREET	NA	2020-06-28	Two-Way , Not Divided	Other	Dark - Lighted	Cloudy	Not a Collision Between Two Motor Vehicles in Transport	No	No Controls	3	1	Incapacitating	NA	41.81433	-71.4212	TRUE	TRUE	315 Broad Street, Providence, RI, USA	High	Raw	NA	FALSE	41.81433	-71.4212	2020	June
711	2020-06-27	821352	23:07:00	Pedestrian	1	NA	FALSE	FALSE	1	Webster Ave	Dora Street	2020-06-28	Two-Way , Not Divided	Wet	Dark - Lighted	Rain	Rear End(Front-to-Rear)	No	No Controls	3	1	Incapacitating	NA	41.8081	-71.44815	FALSE	FALSE	Webster Ave and Dora Street, Providence, RI, USA	Med High	Raw	NA	FALSE	41.8081	-71.44815	2020	June