row_number	crash_date	crash_report_id	crash_time	collision_type	count_pedestrian	count_bicycle	scooter	wheel_chair	number_of_vehicles	street_or_highway	nearest_intersection	report_date	type_of_roadway	road_surface_condition	light_condition	weather_condition	manner_of_impact	hit_and_run	traffic_control	person_count	injury_count	most_serious_injury	number_of_lanes	lat_raw	lon_raw	has_st_number	is_intersection_null	address_sent_to_geocoder	api_coord_conf	best_coordinate_set	reason_for_qa	manually_qaed_record	final_lat	final_lon	year	month
644	2020-09-18	829095	23:29:00	Pedestrian	1	NA	FALSE	FALSE	1	GAY ST	DUDLEY ST	2020-09-18	Two-Way , Not Divided	Dry	Dark - Lighted	Clear	Not a Collision Between Two Motor Vehicles in Transport	Yes	Pavement Markings	1	1	Pain Reported	NA	41.81006	-71.4129	FALSE	FALSE	Gay Street and Dudley Street, Providence, RI, USA	Med	Raw	NA	FALSE	41.81006	-71.4129	2020	September
642	2020-09-24	829638	12:40:00	Pedestrian	1	NA	FALSE	FALSE	1	Hope St	Rochambeau Ave	2020-09-24	Two-Way , Not Divided	Dry	Daylight	Clear	Not a Collision Between Two Motor Vehicles in Transport	No	Traffic Control Signal	2	1	Pain Reported	2	NA	NA	FALSE	FALSE	Hope Street and Rochambeau Ave, Providence, RI, USA	Med High	Geocoded	raw coords null but geocoded coords found	TRUE	41.8469319	-71.3960532	2020	September
643	2020-09-24	829641	13:27:00	Pedestrian	1	NA	FALSE	FALSE	1	WHITMARSH ST	UPDIKE ST	2020-09-24	Two-Way , Not Divided	Dry	Daylight	Clear	Not a Collision Between Two Motor Vehicles in Transport	Yes	No Controls	1	1	Pain Reported	NA	41.80605	-71.42101	FALSE	FALSE	Whitmarsh Street and Updike Street, Providence, RI, USA	Med High	Raw	distance greater than 100m	TRUE	41.80605	-71.42101	2020	September
640	2020-09-25	829771	19:31:00	Pedestrian	1	NA	FALSE	FALSE	1	ORMS ST	BATH ST	2020-09-25	Two-Way , Not Divided	Dry	Dark - Lighted	Clear	Head-On (Front - to - Front)	No	Stop Signs	2	0	No Injury	NA	41.83322	-71.42549	FALSE	FALSE	Orms Street and Bath Street, Providence, RI, USA	Med High	Raw	NA	FALSE	41.83322	-71.42549	2020	September
641	2020-09-25	829781	22:45:00	Bicycle	NA	1	FALSE	FALSE	1	CARPENTER ST	KNIGHT ST	2020-09-25	Two-Way , Not Divided	Dry	Dark - Lighted	Clear	Not a Collision Between Two Motor Vehicles in Transport	No	Stop Signs	3	1	Incapacitating	NA	41.81825	-71.42752	FALSE	FALSE	Carpenter Street and Knight Street, Providence, RI, USA	Med High	Raw	NA	FALSE	41.81825	-71.42752	2020	September
639	2020-09-27	829916	19:32:00	Pedestrian	1	NA	FALSE	FALSE	1	ACADEMY AVE	HEALTH AVE	2020-09-27	Two-Way , Not Divided	Dry	Dark - Lighted	Clear	Not a Collision Between Two Motor Vehicles in Transport	No	No Controls	3	1	Incapacitating	NA	41.82759	-71.44377	FALSE	FALSE	Academy Ave and Health Ave, Providence, RI, USA	Med High	Raw	NA	FALSE	41.82759	-71.44377	2020	September
637	2020-09-28	829968	07:26:00	Bicycle	NA	1	FALSE	FALSE	1	HOPE ST	BLACKSTONE BLVD	2020-09-28	One-Way Trafficway	Dry	Daylight	Clear	Not a Collision Between Two Motor Vehicles in Transport	No	Stop Signs	3	1	Pain Reported	NA	41.85605	-71.39132	FALSE	FALSE	Hope Street and Blackstone Blvd, Providence, RI, USA	Med High	Raw	NA	FALSE	41.85605	-71.39132	2020	September
638	2020-09-28	830022	19:31:00	Pedestrian	1	NA	FALSE	FALSE	1	MESSER ST	CRANSTON ST	2020-09-28	Two-Way , Not Divided	Dry	Dark - Lighted	Clear	Not a Collision Between Two Motor Vehicles in Transport	No	No Controls	2	1	Pain Reported	NA	41.80963	-71.43345	FALSE	FALSE	Messer Street and Cranston Street, Providence, RI, USA	Med High	Raw	NA	FALSE	41.80963	-71.43345	2020	September
636	2020-09-29	830080	19:21:00	Pedestrian	1	NA	FALSE	FALSE	1	MEMORIAL BLVD	STEEPLE ST	2020-09-29	Two-Way, Divided, Unprotected (painted>4feet) Medium	Dry	Dark - Lighted	Clear	Not a Collision Between Two Motor Vehicles in Transport	No	Traffic Control Signal	4	1	Pain Reported	NA	41.82677	-71.41063	FALSE	FALSE	Memorial Blvd and Steeple Street, Providence, RI, USA	Med	Raw	distance greater than 100m	TRUE	41.82677	-71.41063	2020	September
634	2020-10-01	830210	09:24:00	Pedestrian	1	NA	FALSE	FALSE	1	314 BROAD ST	BROAD ST	2020-10-01	Two-Way , Not Divided	Dry	Daylight	Clear	Not a Collision Between Two Motor Vehicles in Transport	No	No Controls	2	1	Pain Reported	NA	41.81443	-71.42115	TRUE	FALSE	314 Broad Street, Providence, RI, USA	High	Raw	NA	FALSE	41.81443	-71.42115	2020	October
635	2020-10-01	830241	17:22:00	Other	NA	NA	TRUE	FALSE	2	502 HARTFORD AVE	MELISSA ST	2020-10-01	Two-Way , Not Divided	Dry	Dusk	Clear	Rear End(Front-to-Rear)	No	Pavement Markings	3	1	Non-Incapacitating	2	41.80864	-71.44081	TRUE	FALSE	502 Hartford Ave, Providence, RI, USA	High	Geocoded	distance greater than 100m	TRUE	41.8187363	-71.460615	2020	October
633	2020-10-03	830409	20:40:00	Pedestrian	1	NA	FALSE	FALSE	1	Broad Street	Gallup Street	2020-10-03	Two-Way , Not Divided	Dry	Dark - Lighted	Clear	Not a Collision Between Two Motor Vehicles in Transport	Yes	No Controls	2	1	Pain Reported	NA	41.79929	-71.41603	FALSE	FALSE	Broad Street and Gallup Street, Providence, RI, USA	Med	Raw	NA	FALSE	41.79929	-71.41603	2020	October
631	2020-10-06	830802	17:48:00	Pedestrian	1	NA	FALSE	FALSE	1	WESTMINSTER ST	MESSER ST	2020-10-06	Two-Way , Not Divided	Dry	Daylight	Clear	Not a Collision Between Two Motor Vehicles in Transport	No	No Controls	3	1	Pain Reported	NA	41.81581	-71.43767	FALSE	FALSE	Westminster Street and Messer Street, Providence, RI, USA	Med High	Raw	NA	FALSE	41.81581	-71.43767	2020	October
632	2020-10-06	830812	18:33:00	Pedestrian	1	NA	FALSE	FALSE	1	sackett st	HAMILTON ST	2020-10-06	Two-Way , Not Divided	Dry	Dark - Lighted	Clear	Not a Collision Between Two Motor Vehicles in Transport	No	No Controls	7	1	Non-Incapacitating	NA	41.7943	-71.41808	FALSE	FALSE	Sackett Street and Hamilton Street, Providence, RI, USA	Med High	Raw	NA	FALSE	41.7943	-71.41808	2020	October
629	2020-10-08	830902	10:29:00	Bicycle	NA	1	FALSE	FALSE	1	HEATH ST	EASTWOOD AVE	2020-10-08	Two-Way , Not Divided	Dry	Daylight	Clear	Not a Collision Between Two Motor Vehicles in Transport	No	No Controls	3	1	Pain Reported	NA	41.8158	-71.45011	FALSE	FALSE	Heath Street and Eastwood Ave, Providence, RI, USA	Med High	Raw	NA	FALSE	41.8158	-71.45011	2020	October
630	2020-10-08	831123	11:00:00	Bicycle	NA	1	FALSE	FALSE	1	53 Governor St	ARNOLD ST	2020-10-10	Two-Way , Not Divided	Dry	Daylight	Clear	Not a Collision Between Two Motor Vehicles in Transport	No	No Controls	2	1	Pain Reported	NA	41.82195	-71.39393	TRUE	FALSE	53 Governor Street, Providence, RI, USA	High	Raw	NA	FALSE	41.82195	-71.39393	2020	October
627	2020-10-09	831007	08:37:00	Other	NA	NA	TRUE	FALSE	2	Elmwood Ave	Bellevue Ave	2020-10-09	Two-Way , Not Divided	Dry	Daylight	Clear	Angle (Front - to - Side) Right Angle (Includes Broadside)	No	Traffic Control Signal	2	0	No Injury	2	NA	NA	FALSE	FALSE	Elmwood Ave and Bellevue Ave, Providence, RI, USA	Med High	Geocoded	raw coords null but geocoded coords found	TRUE	41.8071094	-71.4248921	2020	October
628	2020-10-09	831103	22:38:00	Pedestrian	1	NA	FALSE	FALSE	1	575 Broad Street	Dartmouth Ave	2020-10-09	Two-Way , Not Divided	Dry	Dark - Lighted	Clear	Not a Collision Between Two Motor Vehicles in Transport	Yes	No Controls	2	1	Incapacitating	NA	41.80844	-71.42063	TRUE	FALSE	575 Broad Street, Providence, RI, USA	High	Raw	NA	FALSE	41.80844	-71.42063	2020	October
626	2020-10-10	831148	15:02:00	Bicycle	NA	1	FALSE	FALSE	1	GANO ST	PITMAN ST	2020-10-10	Two-Way , Not Divided	Dry	Daylight	Clear	Not a Collision Between Two Motor Vehicles in Transport	No	Traffic Control Signal	4	1	Non-Incapacitating	NA	41.82648	-71.3905	FALSE	FALSE	Gano Street and Pitman Street, Providence, RI, USA	Med High	Raw	NA	FALSE	41.82648	-71.3905	2020	October
625	2020-10-14	831486	12:08:00	Pedestrian	1	NA	FALSE	FALSE	1	WASHINGTON ST	EMPIRE ST	2020-10-14	Two-Way , Not Divided	Dry	Daylight	Clear	Other	No	No Controls	2	1	Incapacitating	NA	41.82182	-71.41645	FALSE	FALSE	Washington Street and Empire Street, Providence, RI, USA	Med	Raw	NA	FALSE	41.82182	-71.41645	2020	October
623	2020-10-17	831798	13:15:00	Other	NA	1	TRUE	FALSE	1	Corinth St	Broad St	2020-10-17	Two-Way , Not Divided	Dry	Daylight	Clear	Not a Collision Between Two Motor Vehicles in Transport	No	Stop Signs	2	0	No Injury	1	NA	NA	FALSE	FALSE	Corinth Street and Broad Street, Providence, RI, USA	Med High	Geocoded	raw coords null but geocoded coords found	TRUE	41.7948181	-71.4104447	2020	October
624	2020-10-17	831806	14:11:00	Bicycle	NA	1	FALSE	FALSE	1	stokes st	WESTMINSTER ST	2020-10-17	Two-Way , Not Divided	Dry	Daylight	Clear	Not a Collision Between Two Motor Vehicles in Transport	No	No Controls	2	1	Non-Incapacitating	NA	41.81673	-71.44282	FALSE	FALSE	Stokes Street and Westminster Street, Providence, RI, USA	Med High	Raw	NA	FALSE	41.81673	-71.44282	2020	October
622	2020-10-18	831949	17:50:00	Other	NA	NA	TRUE	FALSE	2	ELMWOOD AVE	BISSELL ST	2020-10-18	Two-Way, Divided, Positive Median Barrier	Dry	Daylight	Clear	Other	No	No Controls	4	2	Incapacitating	NA	41.77744	-71.42118	FALSE	FALSE	Elmwood Ave and Bissell Street, Providence, RI, USA	Med High	Raw	NA	FALSE	41.77744	-71.42118	2020	October
621	2020-10-19	831971	15:00:00	Bicycle	NA	1	FALSE	FALSE	1	ANGELL ST	BROWN ST	2020-10-19	One-Way Trafficway	Dry	Daylight	Clear	Head-On (Front - to - Front)	No	Stop Signs	3	1	Non-Incapacitating	1	41.8279	-71.40283	FALSE	FALSE	Angell Street and Brown Street, Providence, RI, USA	Med High	Raw	NA	FALSE	41.8279	-71.40283	2020	October
619	2020-10-22	832157	23:22:00	Bicycle	NA	NA	FALSE	FALSE	1	GANO ST	I 195 E	2020-10-22	Two-Way , Not Divided	Dry	Dark - Lighted	Clear	Not a Collision Between Two Motor Vehicles in Transport	No	No Controls	2	0	Unknown	NA	41.81904	-71.38931	FALSE	FALSE	Gano Street and I 195 E, Providence, RI, USA	Med High	Raw	distance greater than 100m	TRUE	41.81904	-71.38931	2020	October
620	2020-10-22	832181	13:00:00	Bicycle	NA	1	FALSE	FALSE	1	SOUTH WATER ST	NA	2020-10-22	One-Way Trafficway	Dry	Daylight	Clear	Sideswipe, Same Direction	No	No Controls	2	1	Non-Incapacitating	NA	41.81771	-71.40083	FALSE	TRUE	South Water Street, Providence, RI, USA	Inaccurate	Unknown	distance greater than 100m	TRUE	NA	NA	2020	October
618	2020-10-24	832302	00:43:00	Pedestrian	1	NA	FALSE	FALSE	1	133 PEMBROKE AVE	EATON ST	2020-10-24	Two-Way , Not Divided	Dry	Dark - Lighted	Clear	Not a Collision Between Two Motor Vehicles in Transport	Yes	No Controls	2	1	Non-Incapacitating	NA	41.8403	-71.42975	TRUE	FALSE	133 Pembroke Ave, Providence, RI, USA	High	Raw	NA	FALSE	41.8403	-71.42975	2020	October
617	2020-10-25	832371	14:02:00	Bicycle	NA	1	FALSE	FALSE	1	207 Wickenden St.	TRAVERSE ST	2020-10-25	Two-Way , Not Divided	Dry	Daylight	Clear	Not a Collision Between Two Motor Vehicles in Transport	No	No Controls	2	1	Pain Reported	NA	41.81943	-71.39905	TRUE	FALSE	207 Wickenden St., Providence, RI, USA	High	Raw	NA	FALSE	41.81943	-71.39905	2020	October
616	2020-10-29	832641	19:56:00	Pedestrian	1	NA	FALSE	FALSE	1	609 ELMWOOD AVE	LENOX AVE	2020-10-29	Two-Way, Divided, Positive Median Barrier	Wet	Dark - Lighted	Rain	Sidwswipe, Opposite Direction	No	No Controls	2	1	Incapacitating	NA	41.79545	-71.42488	TRUE	FALSE	609 Elmwood Ave, Providence, RI, USA	High	Raw	NA	FALSE	41.79545	-71.42488	2020	October
615	2020-10-30	832735	18:17:00	Pedestrian	1	NA	FALSE	FALSE	1	CATHERDAL AVE	SMITH ST	2020-10-30	Two-Way , Not Divided	Wet	Dark - Lighted	Clear	Other	No	No Controls	3	1	Non-Incapacitating	NA	41.8132	-71.45548	FALSE	FALSE	Catherdal Ave and Smith Street, Providence, RI, USA	Med High	Geocoded	distance greater than 100m	TRUE	41.8444122	-71.4491246	2020	October
613	2020-10-31	832761	05:35:00	Pedestrian	1	NA	FALSE	FALSE	1	UNION AVE	WEBSTER AVE	2020-10-31	Unknown	Ice/Frost	Dark - Lighted	Clear	Unknown	Yes	Traffic Control Signal	1	1	Pain Reported	NA	41.80683	-71.44755	FALSE	FALSE	Union Ave and Webster Ave, Providence, RI, USA	Med	Raw	NA	FALSE	41.80683	-71.44755	2020	October
614	2020-10-31	832779	10:24:00	Pedestrian	1	NA	FALSE	FALSE	1	SMITH STREET	PINEHURST AVE	2020-10-31	Two-Way , Not Divided	Wet	Daylight	Clear	Not a Collision Between Two Motor Vehicles in Transport	No	No Controls	2	1	Pain Reported	NA	41.8374	-71.43311	FALSE	FALSE	Smith Street and Pinehurst Ave, Providence, RI, USA	Med High	Raw	NA	FALSE	41.8374	-71.43311	2020	October
611	2020-11-04	833102	07:29:00	Pedestrian	1	NA	FALSE	FALSE	1	ONEIL ST	DOUGLAS AVE	2020-11-04	Two-Way , Not Divided	Dry	Daylight	Clear	Not a Collision Between Two Motor Vehicles in Transport	No	Pavement Markings	2	1	Pain Reported	NA	41.85282	-71.4367	FALSE	FALSE	Oneil Street and Douglas Ave, Providence, RI, USA	Med High	Raw	NA	FALSE	41.85282	-71.4367	2020	November
612	2020-11-04	833155	16:05:00	Pedestrian	1	NA	FALSE	FALSE	1	CRANSTON ST	BRIDGHAM ST	2020-11-04	Two-Way , Not Divided	Dry	Daylight	Clear	Not a Collision Between Two Motor Vehicles in Transport	No	No Controls	3	1	Pain Reported	NA	41.81419	-71.42649	FALSE	FALSE	Cranston Street and Bridgham Street, Providence, RI, USA	Med High	Raw	NA	FALSE	41.81419	-71.42649	2020	November
610	2020-11-06	833322	18:31:00	Pedestrian	1	NA	FALSE	FALSE	1	Academy Ave	NEWARK ST	2020-11-06	Two-Way , Not Divided	Dry	Dark - Lighted	Clear	Not a Collision Between Two Motor Vehicles in Transport	No	No Controls	2	1	Pain Reported	NA	41.82544	-71.4434	FALSE	FALSE	Academy Ave and Newark Street, Providence, RI, USA	Med High	Raw	NA	FALSE	41.82544	-71.4434	2020	November
609	2020-11-07	833364	19:45:00	Pedestrian	1	NA	FALSE	FALSE	1	Broad Street	OXFORD ST	2020-11-07	Two-Way , Not Divided	Dry	Dark - Lighted	Clear	Not a Collision Between Two Motor Vehicles in Transport	No	Traffic Control Signal	3	1	Pain Reported	NA	41.80038	-71.41736	FALSE	FALSE	Broad Street and Oxford Street, Providence, RI, USA	Med	Raw	NA	FALSE	41.80038	-71.41736	2020	November
608	2020-11-12	833750	16:04:00	Bicycle	NA	1	FALSE	FALSE	1	Manton Ave	FRUIT HILL AVE	2020-11-12	Two-Way , Not Divided	Dry	Daylight	Clear	Not a Collision Between Two Motor Vehicles in Transport	No	Traffic Control Signal	3	1	Pain Reported	NA	41.83388	-71.46783	FALSE	FALSE	Manton Ave and Fruit Hill Ave, Providence, RI, USA	Med High	Raw	NA	FALSE	41.83388	-71.46783	2020	November
607	2020-11-15	833975	19:54:00	Pedestrian	1	NA	FALSE	FALSE	1	280 BROAD STREET	NA	2020-11-15	Two-Way , Not Divided	Wet	Dark - Lighted	Rain	Not a Collision Between Two Motor Vehicles in Transport	No	No Controls	3	1	Pain Reported	NA	NA	NA	TRUE	TRUE	280 Broad Street, Providence, RI, USA	High	Neither	raw coords null but geocoded coords found	TRUE	41.81514	-71.42076	2020	November
603	2020-11-17	834055	07:16:00	Pedestrian	1	NA	FALSE	FALSE	1	820 HOPE ST	4TH ST	2020-11-17	Two-Way , Not Divided	Dry	Daylight	Clear	Not a Collision Between Two Motor Vehicles in Transport	No	No Controls	2	1	Pain Reported	NA	41.84949	-71.39479	TRUE	FALSE	820 Hope Street, Providence, RI, USA	High	Raw	NA	FALSE	41.84949	-71.39479	2020	November
604	2020-11-17	834062	08:40:00	Pedestrian	1	NA	FALSE	FALSE	1	WASHINGTON ST	DORRANCE ST	2020-11-17	Two-Way , Not Divided	Dry	Daylight	Clear	Not a Collision Between Two Motor Vehicles in Transport	Yes	Flashing Traffic Control Signal	1	1	Pain Reported	NA	41.82445	-71.41277	FALSE	FALSE	Washington Street and Dorrance Street, Providence, RI, USA	Med High	Raw	NA	FALSE	41.82445	-71.41277	2020	November
605	2020-11-17	834072	11:32:00	Pedestrian	1	NA	FALSE	FALSE	1	ADMIRAL ST	CHAD BROWN ST	2020-11-17	Two-Way , Not Divided	Dry	Daylight	Clear	Not a Collision Between Two Motor Vehicles in Transport	No	Person	4	1	Incapacitating	NA	41.84202	-71.42125	FALSE	FALSE	Admiral Street and Chad Brown Street, Providence, RI, USA	Med High	Raw	NA	FALSE	41.84202	-71.42125	2020	November
606	2020-11-17	834089	17:51:00	Pedestrian	1	NA	TRUE	FALSE	1	WATERMAN ST	PROSPECT ST	2020-11-17	Two-Way , Not Divided	Dry	Dark - Lighted	Clear	Sidwswipe, Opposite Direction	No	Traffic Control Signal	4	1	Pain Reported	2	41.82691	-71.40472	FALSE	FALSE	Waterman Street and Prospect Street, Providence, RI, USA	Med High	Raw	NA	FALSE	41.82691	-71.40472	2020	November
602	2020-11-19	834147	05:43:00	Pedestrian	1	NA	FALSE	FALSE	1	460 Smith St	CHALKSTONE AVE	2020-11-19	Unknown	Dry	Dawn	Clear	Not a Collision Between Two Motor Vehicles in Transport	Yes	No Controls	1	0	No Injury	NA	41.83521	-71.42565	TRUE	FALSE	460 Smith Street, Providence, RI, USA	High	Raw	NA	FALSE	41.83521	-71.42565	2020	November
601	2020-11-20	834229	15:02:00	Other	NA	NA	TRUE	FALSE	1	ANGELL ST	BUTLER AVE	2020-11-20	Two-Way , Not Divided	Dry	Daylight	Clear	Not a Collision Between Two Motor Vehicles in Transport	No	Stop Signs	3	0	Unknown	NA	41.8308	-71.38459	FALSE	FALSE	Angell Street and Butler Ave, Providence, RI, USA	Med High	Raw	NA	FALSE	41.8308	-71.38459	2020	November
600	2020-11-22	834334	16:50:00	Bicycle	NA	1	FALSE	FALSE	1	CHARLESFIELD ST	HOPE ST	2020-11-22	Two-Way , Not Divided	Dry	Dark - Lighted	Clear	Angle (Front - to - Side) Right Angle (Includes Broadside)	No	Stop Signs	3	1	Non-Incapacitating	NA	41.82414	-71.3972	FALSE	FALSE	Charlesfield Street and Hope Street, Providence, RI, USA	Med High	Raw	NA	FALSE	41.82414	-71.3972	2020	November
599	2020-11-23	834347	06:57:00	Pedestrian	1	NA	FALSE	FALSE	1	DUDLEY ST	PRAIRIE AVE	2020-11-23	Two-Way , Not Divided	Wet	Daylight	Rain	Not a Collision Between Two Motor Vehicles in Transport	No	No Controls	2	1	Pain Reported	NA	41.80993	-71.41532	FALSE	FALSE	Dudley Street and Prairie Ave, Providence, RI, USA	Med High	Raw	NA	FALSE	41.80993	-71.41532	2020	November
598	2020-11-24	834470	16:56:00	Pedestrian	1	NA	FALSE	FALSE	1	ORMS ST	JEFFERSON ST	2020-11-24	Two-Way , Not Divided	Dry	Dark - Lighted	Clear	Not a Collision Between Two Motor Vehicles in Transport	Yes	No Controls	3	1	Pain Reported	2	41.83446	-71.41748	FALSE	FALSE	Orms Street and Jefferson Street, Providence, RI, USA	Med High	Raw	NA	FALSE	41.83446	-71.41748	2020	November
596	2020-11-25	834503	16:54:00	Bicycle	NA	1	FALSE	FALSE	1	CAMBRIDGE ST	ACADEMY AVE	2020-11-25	Two-Way , Not Divided	Wet	Dark - Lighted	Rain	Not a Collision Between Two Motor Vehicles in Transport	Yes	Stop Signs	2	1	Pain Reported	NA	41.8255	-71.44342	FALSE	FALSE	Cambridge Street and Academy Ave, Providence, RI, USA	Med High	Raw	NA	FALSE	41.8255	-71.44342	2020	November
597	2020-11-25	835002	16:59:00	Pedestrian	1	NA	FALSE	FALSE	1	EATON ST	SMITH ST	2020-12-04	Two-Way , Not Divided	Wet	Dark - Not Lighted	Cloudy	Not a Collision Between Two Motor Vehicles in Transport	No	No Controls	2	0	No Injury	NA	41.84365	-71.44758	FALSE	FALSE	Eaton Street and Smith Street, Providence, RI, USA	Med High	Raw	NA	FALSE	41.84365	-71.44758	2020	November
595	2020-11-29	834726	15:36:00	Pedestrian	1	NA	FALSE	FALSE	1	BROAD STREET	NA	2020-11-29	Two-Way , Not Divided	Dry	Daylight	Clear	Not a Collision Between Two Motor Vehicles in Transport	Yes	No Controls	3	1	Incapacitating	NA	41.81455	-71.42107	FALSE	TRUE	Broad Street, Providence, RI, USA	Inaccurate	Unknown	distance greater than 100m	TRUE	NA	NA	2020	November
594	2020-12-02	834888	08:26:00	Pedestrian	1	NA	FALSE	FALSE	1	CHALKSTONE AVE	ACADEMY AVE	2020-12-02	Two-Way, Divided, Unprotected (painted>4feet) Medium	Dry	Daylight	Clear	Not a Collision Between Two Motor Vehicles in Transport	No	Traffic Control Signal	3	0	No Injury	NA	41.83245	-71.44453	FALSE	FALSE	Chalkstone Ave and Academy Ave, Providence, RI, USA	Med High	Raw	NA	FALSE	41.83245	-71.44453	2020	December
593	2020-12-04	835050	23:21:00	Pedestrian	1	NA	FALSE	FALSE	1	DOUGLAS AVE	DOUGLAS AVE	2020-12-04	Two-Way , Not Divided	Wet	Dark - Lighted	Rain	Not a Collision Between Two Motor Vehicles in Transport	Yes	No Controls	1	0	Unknown	NA	41.84183	-71.42751	FALSE	FALSE	Douglas Ave and Douglas Ave, Providence, RI, USA	Med High	Raw	distance greater than 100m	TRUE	41.84183	-71.42751	2020	December
591	2020-12-05	835065	06:11:00	Pedestrian	1	NA	FALSE	FALSE	1	HUNTINGTON AVE	CRANSTON ST	2020-12-05	Two-Way, Divided, Positive Median Barrier	Wet	Dawn	Rain	Not a Collision Between Two Motor Vehicles in Transport	Yes	Traffic Control Signal	1	1	Non-Incapacitating	NA	41.80374	-71.43907	FALSE	FALSE	Huntington Ave and Cranston Street, Providence, RI, USA	Med High	Raw	NA	FALSE	41.80374	-71.43907	2020	December
592	2020-12-05	835102	17:00:00	Pedestrian	1	NA	FALSE	FALSE	1	Angell St	Gano St	2020-12-05	Two-Way , Not Divided	Slush	Dark - Lighted	Sleet, Hail (Freezing Rain or Drizzle)	Not a Collision Between Two Motor Vehicles in Transport	Yes	Traffic Control Signal	2	1	Pain Reported	2	NA	NA	FALSE	FALSE	Angell Street and Gano Street, Providence, RI, USA	Med High	Geocoded	raw coords null but geocoded coords found	TRUE	41.8295909	-71.3909687	2020	December
590	2020-12-07	835132	13:42:00	Pedestrian	1	NA	FALSE	FALSE	1	BUTLER AVE	ORIOLE AVE	2020-12-07	Two-Way , Not Divided	Dry	Daylight	Clear	Not a Collision Between Two Motor Vehicles in Transport	No	No Controls	2	1	Pain Reported	NA	41.83158	-71.38433	FALSE	FALSE	Butler Ave and Oriole Ave, Providence, RI, USA	Med High	Raw	NA	FALSE	41.83158	-71.38433	2020	December
589	2020-12-10	835309	12:29:00	Pedestrian	1	NA	FALSE	FALSE	1	395 Admiral St	NA	2020-12-10	Two-Way , Not Divided	Dry	Daylight	Clear	Not a Collision Between Two Motor Vehicles in Transport	No	No Controls	3	1	Pain Reported	NA	NA	NA	TRUE	TRUE	395 Admiral Street, Providence, RI, USA	High	Neither	raw coords null but geocoded coords found	TRUE	41.8462	-71.42968	2020	December
588	2020-12-11	837114	21:06:00	Pedestrian	1	NA	FALSE	FALSE	1	CARTER ST	ELMWOOD AVE	2021-01-10	Two-Way , Not Divided	Dry	Dark - Lighted	Clear	Other	No	No Controls	2	1	Pain Reported	NA	41.8002	-71.42657	FALSE	FALSE	Carter Street and Elmwood Ave, Providence, RI, USA	Med	Raw	NA	FALSE	41.8002	-71.42657	2020	December
587	2020-12-14	835508	17:38:00	Pedestrian	1	NA	FALSE	FALSE	1	broad st	BROAD ST	2020-12-14	Two-Way , Not Divided	Wet	Daylight	Rain	Not a Collision Between Two Motor Vehicles in Transport	Yes	No Controls	1	1	Pain Reported	NA	41.79944	-71.4162	FALSE	FALSE	Broad Street and Broad Street, Providence, RI, USA	Med	Unknown	distance greater than 100m	TRUE	NA	NA	2020	December
586	2020-12-15	835571	09:26:00	Pedestrian	1	NA	FALSE	FALSE	1	OLNEYVILLE SQ	MANTON AVE	2020-12-15	Two-Way, Divided, Unprotected (painted>4feet) Medium	Dry	Daylight	Clear	Head-On (Front - to - Front)	Yes	No Controls	1	1	Pain Reported	NA	41.81698	-71.44358	FALSE	FALSE	Olneyville Sq and Manton Ave, Providence, RI, USA	Med	Raw	NA	FALSE	41.81698	-71.44358	2020	December
585	2020-12-21	836068	12:47:00	Pedestrian	1	NA	FALSE	FALSE	1	spruce st	ACORN ST	2020-12-21	Two-Way , Not Divided	Dry	Daylight	Clear	Other	No	No Controls	3	1	Pain Reported	NA	41.82438	-71.42796	FALSE	FALSE	Spruce Street and Acorn Street, Providence, RI, USA	Med	Raw	NA	FALSE	41.82438	-71.42796	2020	December
584	2020-12-24	836212	06:47:00	Pedestrian	1	NA	FALSE	FALSE	1	DIKE ST	TROY ST	2020-12-24	Two-Way , Not Divided	Dry	Daylight	Clear	Not a Collision Between Two Motor Vehicles in Transport	Yes	No Controls	1	1	Pain Reported	NA	41.81565	-71.44175	FALSE	FALSE	Dike Street and Troy Street, Providence, RI, USA	Med High	Raw	NA	FALSE	41.81565	-71.44175	2020	December
583	2021-01-03	836659	13:36:00	Pedestrian	1	NA	FALSE	TRUE	1	Glenbridge Ave	MANTON AVE	2021-01-03	Two-Way, Divided, Unprotected (painted>4feet) Medium	Dry	Daylight	Clear	Angle (Front - to - Side) Right Angle (Includes Broadside)	No	Traffic Control Signal	3	1	Pain Reported	NA	41.8259	-71.45828	FALSE	FALSE	Glenbridge Ave and Manton Ave, Providence, RI, USA	Med High	Raw	NA	FALSE	41.8259	-71.45828	2021	January
582	2021-01-08	837006	20:19:00	Bicycle	NA	NA	FALSE	FALSE	2	BROADWAY	VINTON ST	2021-01-08	Two-Way , Not Divided	Dry	Dark - Lighted	Clear	Angle (Front - to - Side) Same Direction	No	No Controls	4	1	Non-Incapacitating	NA	41.82007	-71.42819	FALSE	FALSE	Broadway and Vinton Street, Providence, RI, USA	Med	Raw	NA	FALSE	41.82007	-71.42819	2021	January