row_number	crash_date	crash_report_id	crash_time	collision_type	count_pedestrian	count_bicycle	scooter	wheel_chair	number_of_vehicles	street_or_highway	nearest_intersection	report_date	type_of_roadway	road_surface_condition	light_condition	weather_condition	manner_of_impact	hit_and_run	traffic_control	person_count	injury_count	most_serious_injury	number_of_lanes	lat_raw	lon_raw	has_st_number	is_intersection_null	address_sent_to_geocoder	api_coord_conf	best_coordinate_set	reason_for_qa	manually_qaed_record	final_lat	final_lon	year	month
581	2021-01-13	837289	11:48:00	Pedestrian	1	NA	FALSE	TRUE	1	ELMWOOD AVE	LENOX AVE	2021-01-13	Two-Way, Divided, Positive Median Barrier	Dry	Daylight	Clear	Not a Collision Between Two Motor Vehicles in Transport	No	Stop Signs	3	1	Non-Incapacitating	NA	41.7952	-71.42474	FALSE	FALSE	Elmwood Ave and Lenox Ave, Providence, RI, USA	Med High	Raw	NA	FALSE	41.7952	-71.42474	2021	January
580	2021-01-18	838538	03:12:00	Pedestrian	1	NA	FALSE	FALSE	1	Pocasset ave	PLAINFIELD ST	2021-01-18	Unknown	Dry	Dark - Lighted	Clear	Other	Yes	No Controls	1	1	Pain Reported	NA	41.8137	-71.44794	FALSE	FALSE	Pocasset Ave and Plainfield Street, Providence, RI, USA	Med High	Raw	NA	FALSE	41.8137	-71.44794	2021	January
578	2021-01-19	838622	14:28:00	Pedestrian	1	NA	FALSE	FALSE	1	BROAD ST	HARVARD AVE	2021-01-19	Two-Way , Not Divided	Dry	Daylight	Clear	Not a Collision Between Two Motor Vehicles in Transport	No	No Controls	3	1	Pain Reported	NA	41.80856	-71.42067	FALSE	FALSE	Broad Street and Harvard Ave, Providence, RI, USA	Med	Raw	NA	FALSE	41.80856	-71.42067	2021	January
579	2021-01-19	838630	17:55:00	Pedestrian	1	NA	FALSE	FALSE	1	BROAD ST	CHESTNUT ST	2021-01-19	Two-Way , Not Divided	Wet	Dark - Lighted	Cloudy	Not a Collision Between Two Motor Vehicles in Transport	No	Traffic Control Signal	6	1	Pain Reported	NA	41.82003	-71.41432	FALSE	FALSE	Broad Street and Chestnut Street, Providence, RI, USA	Med High	Raw	distance greater than 100m	TRUE	41.82003	-71.41432	2021	January
577	2021-01-20	838746	16:11:00	Pedestrian	1	NA	FALSE	FALSE	1	CUSTOM HOUSE ST	DYER ST	2021-01-21	Two-Way , Not Divided	Dry	Daylight	Clear	Not a Collision Between Two Motor Vehicles in Transport	No	No Controls	3	0	No Injury	NA	41.8242	-71.40843	FALSE	FALSE	Custom House Street and Dyer Street, Providence, RI, USA	Med High	Raw	NA	FALSE	41.8242	-71.40843	2021	January
575	2021-02-02	839629	18:02:00	Pedestrian	1	NA	FALSE	FALSE	1	CYR ST	BROAD STREET	2021-02-02	Two-Way , Not Divided	Dry	Dark - Lighted	Cloudy	Not a Collision Between Two Motor Vehicles in Transport	Yes	No Controls	1	0	No Injury	NA	41.78697	-71.40245	FALSE	FALSE	Cyr Street and Broad Street, Providence, RI, USA	Med High	Raw	NA	FALSE	41.78697	-71.40245	2021	February
576	2021-02-02	839631	19:54:00	Pedestrian	1	NA	FALSE	FALSE	1	BRIDGHAM ST	ELMWOOD AVE	2021-02-02	Two-Way, Not Divided With a Continuous Left Turn Lane	Dry	Dark - Lighted	Clear	Not a Collision Between Two Motor Vehicles in Transport	Yes	Traffic Control Signal	2	1	Pain Reported	NA	41.81277	-71.42219	FALSE	FALSE	Bridgham Street and Elmwood Ave, Providence, RI, USA	Med High	Raw	NA	FALSE	41.81277	-71.42219	2021	February
574	2021-02-03	839700	19:21:00	Pedestrian	1	NA	FALSE	FALSE	1	WESTMINSTER ST	WESTMINSTER ST EXIT	2021-02-03	Two-Way , Not Divided	Sand	Dark - Not Lighted	Cloudy	Not a Collision Between Two Motor Vehicles in Transport	No	No Controls	2	1	Non-Incapacitating	NA	41.81598	-71.43959	FALSE	FALSE	Westminster Street and Westminster St Exit, Providence, RI, USA	Med	Raw	distance greater than 100m	TRUE	41.81598	-71.43959	2021	February
573	2021-02-04	839740	17:46:00	Pedestrian	1	NA	FALSE	FALSE	1	Broadway	KNIGHT ST	2021-02-04	Two-Way , Not Divided	Dry	Dark - Lighted	Clear	Not a Collision Between Two Motor Vehicles in Transport	Yes	Traffic Control Signal	3	1	Incapacitating	NA	41.8198	-71.42936	FALSE	FALSE	Broadway and Knight Street, Providence, RI, USA	Med	Raw	NA	FALSE	41.8198	-71.42936	2021	February
572	2021-02-09	841122	20:03:00	Pedestrian	1	NA	FALSE	FALSE	1	CHARLES ST	CHARLES ST	2021-02-09	One-Way Trafficway	Wet	Dark - Lighted	Sleet, Hail (Freezing Rain or Drizzle)	Not a Collision Between Two Motor Vehicles in Transport	Yes	No Controls	1	1	Pain Reported	NA	41.83673	-71.41283	FALSE	FALSE	Charles Street and Charles Street, Providence, RI, USA	Med	Unknown	distance greater than 100m	TRUE	NA	NA	2021	February
571	2021-02-24	844340	18:58:00	Pedestrian	1	NA	FALSE	FALSE	1	WESTMINSTER ST	HAMMOND ST	2021-02-24	Two-Way , Not Divided	Dry	Dark - Lighted	Clear	Not a Collision Between Two Motor Vehicles in Transport	No	No Controls	2	1	Non-Incapacitating	NA	41.81681	-71.42939	FALSE	FALSE	Westminster Street and Hammond Street, Providence, RI, USA	Med High	Raw	NA	FALSE	41.81681	-71.42939	2021	February
569	2021-02-26	844417	10:02:00	Pedestrian	1	NA	FALSE	FALSE	1	PLAINFIELD ST	MERINO ST	2021-02-26	Two-Way , Not Divided	Dry	Daylight	Clear	Not a Collision Between Two Motor Vehicles in Transport	No	No Controls	3	1	Incapacitating	NA	41.81294	-71.45733	FALSE	FALSE	Plainfield Street and Merino Street, Providence, RI, USA	Med High	Raw	NA	FALSE	41.81294	-71.45733	2021	February
570	2021-02-26	844423	12:34:00	Pedestrian	2	NA	FALSE	FALSE	1	Bridgham St	Westminster St	2021-02-26	Two-Way , Not Divided	Dry	Daylight	Clear	Not a Collision Between Two Motor Vehicles in Transport	Yes	Traffic Control Signal	3	2	Pain Reported	2	NA	NA	FALSE	FALSE	Bridgham Street and Westminster Street, Providence, RI, USA	Med High	Geocoded	raw coords null but geocoded coords found	TRUE	41.8169384	-71.4284038	2021	February
567	2021-02-27	844466	12:44:00	Pedestrian	1	NA	FALSE	FALSE	1	ACADEMY AVE	HEALTH AVE	2021-02-27	Two-Way , Not Divided	Wet	Daylight	Rain	Not a Collision Between Two Motor Vehicles in Transport	Yes	No Controls	2	1	Pain Reported	NA	41.82753	-71.44376	FALSE	FALSE	Academy Ave and Health Ave, Providence, RI, USA	Med High	Raw	NA	FALSE	41.82753	-71.44376	2021	February
568	2021-02-27	844485	17:04:00	Pedestrian	1	NA	FALSE	FALSE	1	WESTMINSTER ST	CAHIR ST	2021-02-27	Two-Way , Not Divided	Wet	Daylight	Cloudy	Not a Collision Between Two Motor Vehicles in Transport	No	Traffic Control Signal	3	1	Pain Reported	NA	41.81822	-71.42018	FALSE	FALSE	Westminster Street and Cahir Street, Providence, RI, USA	Med High	Raw	NA	FALSE	41.81822	-71.42018	2021	February
566	2021-03-01	844595	18:44:00	Pedestrian	1	NA	FALSE	FALSE	1	SMITH ST	NELSON ST	2021-03-01	Two-Way , Not Divided	Dry	Dark - Lighted	Clear	Not a Collision Between Two Motor Vehicles in Transport	No	Pavement Markings	4	1	Non-Incapacitating	NA	41.84214	-71.44412	FALSE	FALSE	Smith Street and Nelson Street, Providence, RI, USA	Med High	Raw	NA	FALSE	41.84214	-71.44412	2021	March
565	2021-03-02	844644	06:32:00	Pedestrian	1	NA	FALSE	FALSE	1	West River St	CHARLES ST	2021-03-02	Two-Way , Not Divided	Dry	Daylight	Clear	Not a Collision Between Two Motor Vehicles in Transport	No	No Controls	3	1	Pain Reported	NA	41.8399	-71.41617	FALSE	FALSE	West River Street and Charles Street, Providence, RI, USA	Med High	Raw	NA	FALSE	41.8399	-71.41617	2021	March
564	2021-03-03	844784	15:23:00	Pedestrian	1	NA	FALSE	FALSE	1	BLACKSTONE ST	CULVER ST	2021-03-03	Two-Way , Not Divided	Dry	Daylight	Clear	Not a Collision Between Two Motor Vehicles in Transport	No	Stop Signs	2	1	Pain Reported	NA	41.80993	-71.4085	FALSE	FALSE	Blackstone Street and Culver Street, Providence, RI, USA	Med High	Raw	NA	FALSE	41.80993	-71.4085	2021	March
561	2021-03-04	844829	08:25:00	Pedestrian	1	NA	FALSE	FALSE	1	BRANCH AVE	TOURO ST	2021-03-04	Two-Way , Not Divided	Dry	Daylight	Clear	Not a Collision Between Two Motor Vehicles in Transport	No	No Controls	3	1	Pain Reported	NA	41.84999	-71.41935	FALSE	FALSE	Branch Ave and Touro Street, Providence, RI, USA	Med High	Raw	NA	FALSE	41.84999	-71.41935	2021	March
562	2021-03-04	844862	16:02:00	Pedestrian	1	NA	FALSE	FALSE	1	Waldo Street	CRANSTON ST	2021-03-04	Two-Way , Not Divided	Dry	Daylight	Clear	Other	No	No Controls	6	1	Pain Reported	NA	41.80635	-71.43632	FALSE	FALSE	Waldo Street and Cranston Street, Providence, RI, USA	Med High	Raw	NA	FALSE	41.80635	-71.43632	2021	March
563	2021-03-04	844867	16:58:00	Pedestrian	1	NA	FALSE	FALSE	1	ANGELL ST	WAYLAND AVE	2021-03-04	Two-Way , Not Divided	Dry	Daylight	Clear	Head-On (Front - to - Front)	Yes	Traffic Control Signal	1	1	Pain Reported	NA	41.83015	-71.38792	FALSE	FALSE	Angell Street and Wayland Ave, Providence, RI, USA	Med High	Raw	NA	FALSE	41.83015	-71.38792	2021	March
560	2021-03-06	845096	17:56:00	Pedestrian	1	NA	FALSE	FALSE	1	BROAD ST	CAHIR ST	2021-03-06	Two-Way , Not Divided	Dry	Dark - Lighted	Clear	Not a Collision Between Two Motor Vehicles in Transport	Yes	Traffic Control Signal	1	1	Non-Incapacitating	NA	41.81692	-71.41795	FALSE	FALSE	Broad Street and Cahir Street, Providence, RI, USA	Med	Raw	NA	FALSE	41.81692	-71.41795	2021	March
559	2021-03-08	845231	12:28:00	Pedestrian	2	NA	FALSE	FALSE	1	MANTON AVE	ALEPPO ST	2021-03-08	Two-Way , Not Divided	Dry	Daylight	Clear	Not a Collision Between Two Motor Vehicles in Transport	Yes	No Controls	2	1	Incapacitating	NA	41.81932	-71.4462	FALSE	FALSE	Manton Ave and Aleppo Street, Providence, RI, USA	Med High	Raw	NA	FALSE	41.81932	-71.4462	2021	March
558	2021-03-12	845577	15:10:00	Pedestrian	1	NA	FALSE	FALSE	1	257 THAYER ST	EUCLID AVE	2021-03-12	One-Way Trafficway	Dry	Daylight	Clear	Not a Collision Between Two Motor Vehicles in Transport	No	No Controls	2	0	No Injury	1	41.82868	-71.40073	TRUE	FALSE	257 Thayer Street, Providence, RI, USA	High	Raw	NA	FALSE	41.82868	-71.40073	2021	March
557	2021-03-19	848085	16:49:00	Pedestrian	1	NA	FALSE	FALSE	1	165 Windmill St	Smart ST	2021-03-19	Two-Way , Not Divided	Dry	Daylight	Clear	Not a Collision Between Two Motor Vehicles in Transport	No	Stop Signs	3	1	Non-Incapacitating	NA	41.85799	-71.41766	TRUE	FALSE	165 Windmill Street, Providence, RI, USA	High	Raw	NA	FALSE	41.85799	-71.41766	2021	March
556	2021-03-21	848228	15:20:00	Bicycle	NA	1	FALSE	FALSE	1	BAKER ST	OCONNOR ST	2021-03-21	Two-Way , Not Divided	Dry	Daylight	Clear	Not a Collision Between Two Motor Vehicles in Transport	Yes	No Controls	1	1	Non-Incapacitating	NA	41.79266	-71.40576	FALSE	FALSE	Baker Street and Oconnor Street, Providence, RI, USA	Med	Raw	NA	FALSE	41.79266	-71.40576	2021	March
555	2021-03-22	848292	16:02:00	Pedestrian	1	NA	FALSE	FALSE	1	CANAL ST	SMITH ST	2021-03-22	One-Way Trafficway	Dry	Daylight	Clear	Not a Collision Between Two Motor Vehicles in Transport	No	No Controls	2	0	No Injury	NA	41.83185	-71.41131	FALSE	FALSE	Canal Street and Smith Street, Providence, RI, USA	Med	Raw	NA	FALSE	41.83185	-71.41131	2021	March
554	2021-03-23	848391	14:19:00	Other	NA	1	FALSE	FALSE	1	N MAIN STREET	7TH ST	2021-03-24	Two-Way, Divided, Positive Median Barrier	Dry	Daylight	Clear	Not a Collision Between Two Motor Vehicles in Transport	No	No Controls	2	0	No Injury	NA	41.85416	-71.40056	FALSE	FALSE	N Main Street and 7th Street, Providence, RI, USA	Med	Raw	NA	FALSE	41.85416	-71.40056	2021	March
553	2021-03-25	848492	20:47:00	Pedestrian	1	NA	FALSE	FALSE	1	MEMORIAL BLVD	FRANCIS ST	2021-03-25	Two-Way , Not Divided	Dry	Dark - Lighted	Clear	Not a Collision Between Two Motor Vehicles in Transport	No	Traffic Control Signal	3	1	Pain Reported	NA	41.82577	-71.41527	FALSE	FALSE	Memorial Blvd and Francis Street, Providence, RI, USA	Med High	Raw	NA	FALSE	41.82577	-71.41527	2021	March
552	2021-03-26	848583	20:30:00	Pedestrian	1	NA	FALSE	FALSE	1	W RIVER ST	BRANCH AVE	2021-03-26	Two-Way , Not Divided	Dry	Dark - Lighted	Clear	Not a Collision Between Two Motor Vehicles in Transport	Yes	No Controls	1	1	Pain Reported	NA	41.84598	-71.41326	FALSE	FALSE	W River Street and Branch Ave, Providence, RI, USA	Med High	Raw	distance greater than 100m	TRUE	41.84598	-71.41326	2021	March
551	2021-03-27	848640	11:53:00	Pedestrian	1	NA	FALSE	FALSE	1	850 Manton Ave	MANTON CT	2021-03-27	Two-Way , Not Divided	Dry	Daylight	Clear	Not a Collision Between Two Motor Vehicles in Transport	Yes	Unknown	1	1	Pain Reported	2	41.83358	-71.46604	TRUE	FALSE	850 Manton Ave, Providence, RI, USA	High	Raw	NA	FALSE	41.83358	-71.46604	2021	March
549	2021-03-29	848788	12:54:00	Pedestrian	1	NA	FALSE	FALSE	1	WASHINGTON ST	DAVE GAVITT WAY	2021-03-29	Two-Way , Not Divided	Dry	Daylight	Clear	Not a Collision Between Two Motor Vehicles in Transport	No	Traffic Control Signal	3	1	Pain Reported	NA	41.82022	-71.41883	FALSE	FALSE	Washington Street and Dave Gavitt Way, Providence, RI, USA	Med High	Raw	NA	FALSE	41.82022	-71.41883	2021	March
550	2021-03-29	848792	12:56:00	Pedestrian	1	NA	FALSE	FALSE	1	ORMS ST	SMITH ST	2021-03-29	Two-Way , Not Divided	Dry	Daylight	Clear	Not a Collision Between Two Motor Vehicles in Transport	Yes	No Controls	1	1	Pain Reported	NA	41.83376	-71.422	FALSE	FALSE	Orms Street and Smith Street, Providence, RI, USA	Med High	Raw	NA	FALSE	41.83376	-71.422	2021	March
547	2021-03-31	848959	15:04:00	Bicycle	NA	1	FALSE	FALSE	1	BROOK ST	WILLIAMS ST	2021-03-31	Two-Way , Not Divided	Dry	Daylight	Clear	Angle (Front - to - Side) Right Angle (Includes Broadside)	No	Stop Signs	3	1	Pain Reported	2	41.82248	-71.3986	FALSE	FALSE	Brook Street and Williams Street, Providence, RI, USA	Med	Raw	NA	FALSE	41.82248	-71.3986	2021	March
548	2021-03-31	848969	19:57:00	Pedestrian	1	NA	FALSE	FALSE	1	PLAINFIELD ST	WEBSTER AVE	2021-03-31	Two-Way, Divided, Unprotected (painted>4feet) Medium	Wet	Dark - Lighted	Rain	Head-On (Front - to - Front)	Yes	Traffic Control Signal	1	1	Pain Reported	NA	41.81366	-71.45081	FALSE	FALSE	Plainfield Street and Webster Ave, Providence, RI, USA	Med High	Raw	NA	FALSE	41.81366	-71.45081	2021	March
546	2021-04-04	849204	16:35:00	Pedestrian	1	NA	FALSE	FALSE	1	ACADEMY AVENUE	NEWARK ST	2021-04-04	Two-Way, Divided, Unprotected (painted>4feet) Medium	Dry	Daylight	Clear	Not a Collision Between Two Motor Vehicles in Transport	No	No Controls	2	1	Pain Reported	NA	41.82544	-71.4434	FALSE	FALSE	Academy Avenue and Newark Street, Providence, RI, USA	Med High	Raw	NA	FALSE	41.82544	-71.4434	2021	April
543	2021-04-06	849334	11:49:00	Bicycle	NA	1	FALSE	FALSE	1	VALLEY ST	HAROLD ST	2021-04-06	Two-Way , Not Divided	Dry	Daylight	Clear	Not a Collision Between Two Motor Vehicles in Transport	No	Stop Signs	2	1	Non-Incapacitating	NA	41.8269	-71.43756	FALSE	FALSE	Valley Street and Harold Street, Providence, RI, USA	Med High	Raw	NA	FALSE	41.8269	-71.43756	2021	April
544	2021-04-06	849373	20:00:00	Bicycle	NA	1	FALSE	FALSE	1	72 Goddard St	CANDACE ST	2021-04-06	Two-Way , Not Divided	Dry	Dark - Lighted	Clear	Not a Collision Between Two Motor Vehicles in Transport	No	No Controls	3	1	Incapacitating	NA	41.83463	-71.42069	TRUE	FALSE	72 Goddard Street, Providence, RI, USA	High	Raw	NA	FALSE	41.83463	-71.42069	2021	April
545	2021-04-06	849381	20:52:00	Pedestrian	1	NA	TRUE	FALSE	1	BROAD ST	FRICKER ST	2021-04-06	Two-Way , Not Divided	Dry	Dark - Lighted	Clear	Not a Collision Between Two Motor Vehicles in Transport	No	Pavement Markings	2	1	Non-Incapacitating	NA	41.81528	-71.42066	FALSE	FALSE	Broad Street and Fricker Street, Providence, RI, USA	Med	Raw	NA	FALSE	41.81528	-71.42066	2021	April
542	2021-04-07	849419	17:38:00	Bicycle	NA	1	FALSE	FALSE	1	NORTH MAIN STREET	CHURCH ST	2021-04-07	One-Way Trafficway	Dry	Daylight	Clear	Not a Collision Between Two Motor Vehicles in Transport	No	No Controls	6	1	Non-Incapacitating	NA	41.83071	-71.41035	FALSE	FALSE	North Main Street and Church Street, Providence, RI, USA	Med High	Raw	distance greater than 100m	TRUE	41.83071	-71.41035	2021	April
541	2021-04-08	849507	17:21:00	Bicycle	NA	1	FALSE	FALSE	1	FLORAL AVE	CLADRASH'S AVE	2021-04-08	Two-Way , Not Divided	Dry	Daylight	Clear	Not a Collision Between Two Motor Vehicles in Transport	Yes	No Controls	2	1	Non-Incapacitating	2	41.78419	-71.40703	FALSE	FALSE	Floral Ave and Cladrash's Ave, Providence, RI, USA	Med	Raw	distance greater than 100m	TRUE	41.78419	-71.40703	2021	April
540	2021-04-12	849644	14:57:00	Bicycle	NA	1	FALSE	FALSE	1	BROAD ST	BROAD ST	2021-04-12	Two-Way , Not Divided	Dry	Daylight	Clear	Not a Collision Between Two Motor Vehicles in Transport	No	Pavement Markings	3	0	No Injury	NA	41.79929	-71.41603	FALSE	FALSE	Broad Street and Broad Street, Providence, RI, USA	Med	Unknown	distance greater than 100m	TRUE	NA	NA	2021	April
538	2021-04-14	849748	16:05:00	Bicycle	NA	1	FALSE	FALSE	1	CLEVELAND ST	LAUREL HILL AVE	2021-04-14	Two-Way , Not Divided	Dry	Daylight	Clear	Not a Collision Between Two Motor Vehicles in Transport	No	No Controls	2	1	Non-Incapacitating	NA	41.81587	-71.45588	FALSE	FALSE	Cleveland Street and Laurel Hill Ave, Providence, RI, USA	Med	Raw	NA	FALSE	41.81587	-71.45588	2021	April
539	2021-04-14	849752	18:07:00	Bicycle	NA	1	FALSE	FALSE	1	VANDEWATER ST	BRANCH AVE	2021-04-14	Two-Way , Not Divided	Dry	Daylight	Clear	Not a Collision Between Two Motor Vehicles in Transport	No	No Controls	4	1	Pain Reported	NA	41.85367	-71.42883	FALSE	FALSE	Vandewater Street and Branch Ave, Providence, RI, USA	Med High	Raw	NA	FALSE	41.85367	-71.42883	2021	April
536	2021-04-15	849775	11:25:00	Pedestrian	1	NA	FALSE	FALSE	1	BLACKSTONE ST	EDDY ST	2021-04-15	Two-Way , Not Divided	Dry	Daylight	Cloudy	Not a Collision Between Two Motor Vehicles in Transport	No	No Controls	2	1	Pain Reported	NA	41.81013	-71.40722	FALSE	FALSE	Blackstone Street and Eddy Street, Providence, RI, USA	Med High	Raw	NA	FALSE	41.81013	-71.40722	2021	April
537	2021-04-15	849821	15:25:00	Pedestrian	1	NA	FALSE	FALSE	1	PUBLIC ST	BROAD ST	2021-04-16	Two-Way , Not Divided	Dry	Daylight	Cloudy	Not a Collision Between Two Motor Vehicles in Transport	Yes	No Controls	1	1	Pain Reported	NA	41.80442	-71.41935	FALSE	FALSE	Public Street and Broad Street, Providence, RI, USA	Med High	Raw	NA	FALSE	41.80442	-71.41935	2021	April
534	2021-04-20	850109	14:43:00	Pedestrian	1	NA	FALSE	FALSE	1	DEXTER ST	CRANSTON ST	2021-04-20	Two-Way , Not Divided	Dry	Daylight	Clear	Not a Collision Between Two Motor Vehicles in Transport	No	No Controls	2	1	Non-Incapacitating	NA	41.81267	-71.42962	FALSE	FALSE	Dexter Street and Cranston Street, Providence, RI, USA	Med High	Raw	NA	FALSE	41.81267	-71.42962	2021	April
535	2021-04-20	850123	12:19:00	Bicycle	NA	1	FALSE	FALSE	1	5 BRANCH AVE	DRYDEN LN	2021-04-20	Two-Way , Not Divided	Dry	Daylight	Clear	Not a Collision Between Two Motor Vehicles in Transport	No	No Controls	3	0	No Injury	2	41.84252	-71.4083	TRUE	FALSE	5 Branch Ave, Providence, RI, USA	High	Raw	distance greater than 100m	TRUE	41.84252	-71.4083	2021	April
533	2021-04-22	850258	12:39:00	Pedestrian	1	NA	FALSE	FALSE	1	LISI LN	LANGDON ST	2021-04-22	Two-Way , Not Divided	Dry	Daylight	Clear	Not a Collision Between Two Motor Vehicles in Transport	No	No Controls	3	1	Pain Reported	NA	41.85832	-71.42405	FALSE	FALSE	Lisi Ln and Langdon Street, Providence, RI, USA	Med High	Raw	NA	FALSE	41.85832	-71.42405	2021	April
532	2021-04-24	850317	14:30:00	Pedestrian	2	NA	FALSE	FALSE	1	WAVERLY ST	KENWOOD ST	2021-04-24	Two-Way , Not Divided	Dry	Daylight	Clear	Not a Collision Between Two Motor Vehicles in Transport	No	No Controls	4	1	Non-Incapacitating	2	41.80888	-71.43569	FALSE	FALSE	Waverly Street and Kenwood Street, Providence, RI, USA	Med High	Raw	NA	FALSE	41.80888	-71.43569	2021	April
531	2021-04-27	850500	14:24:00	Bicycle	NA	1	FALSE	FALSE	1	VALLEY ST	HEMLOCK ST	2021-04-27	Two-Way , Not Divided	Dry	Daylight	Clear	Angle (Front - to - Side) Right Angle (Includes Broadside)	No	Stop Signs	3	1	Pain Reported	NA	41.83044	-71.43051	FALSE	FALSE	Valley Street and Hemlock Street, Providence, RI, USA	Med High	Raw	NA	FALSE	41.83044	-71.43051	2021	April
528	2021-05-04	851034	09:13:00	Pedestrian	1	NA	FALSE	FALSE	1	35 TERMINAL RD	NA	2021-05-04	Two-Way , Not Divided	Wet	Daylight	Rain	Not a Collision Between Two Motor Vehicles in Transport	No	No Controls	2	1	Pain Reported	NA	NA	NA	TRUE	TRUE	35 Terminal Rd, Providence, RI, USA	High	Neither	raw coords null but geocoded coords found	TRUE	41.79618	-71.38915	2021	May
529	2021-05-04	851049	13:28:00	Pedestrian	1	NA	FALSE	FALSE	1	601 N Main St	NA	2021-05-04	Two-Way , Not Divided	Dry	Daylight	Cloudy	Not a Collision Between Two Motor Vehicles in Transport	Yes	No Controls	1	1	Pain Reported	NA	NA	NA	TRUE	TRUE	601 N Main Street, Providence, RI, USA	High	Neither	raw coords null but geocoded coords found	TRUE	41.8373	-71.40944	2021	May
530	2021-05-04	851095	20:59:00	Pedestrian	1	NA	FALSE	FALSE	1	ATWELLS AVE AT DEAN ST	DEAN ST	2021-05-04	Two-Way , Not Divided	Dry	Dark - Lighted	Clear	Not a Collision Between Two Motor Vehicles in Transport	No	Traffic Control Signal	3	1	Incapacitating	NA	41.82339	-71.4242	FALSE	FALSE	Atwells Ave At Dean Street and Dean Street, Providence, RI, USA	Med	Raw	distance greater than 100m	TRUE	41.82339	-71.4242	2021	May
527	2021-05-05	851151	17:10:00	Pedestrian	1	NA	FALSE	FALSE	1	BROADWAY	EMPIRE ST	2021-05-05	Two-Way , Not Divided	Wet	Daylight	Rain	Not a Collision Between Two Motor Vehicles in Transport	No	Pavement Markings	2	1	Pain Reported	NA	41.82257	-71.41747	FALSE	FALSE	Broadway and Empire Street, Providence, RI, USA	Med	Raw	NA	FALSE	41.82257	-71.41747	2021	May
526	2021-05-06	851187	08:12:00	Other	NA	NA	TRUE	FALSE	1	POCASSET AVE	LOWELL AVE	2021-05-06	Two-Way , Not Divided	Dry	Daylight	Clear	Not a Collision Between Two Motor Vehicles in Transport	No	Stop Signs	2	1	Non-Incapacitating	NA	41.80976	-71.45478	FALSE	FALSE	Pocasset Ave and Lowell Ave, Providence, RI, USA	Med High	Raw	NA	FALSE	41.80976	-71.45478	2021	May
525	2021-05-09	851493	23:00:00	Pedestrian	2	NA	FALSE	FALSE	1	160 Benedict St	CRANSTON ST	2021-05-10	Unknown	Wet	Dark - Lighted	Rain	Not a Collision Between Two Motor Vehicles in Transport	Yes	No Controls	2	2	Pain Reported	NA	41.80585	-71.43835	TRUE	FALSE	160 Benedict Street, Providence, RI, USA	High	Raw	NA	FALSE	41.80585	-71.43835	2021	May
523	2021-05-10	851513	14:07:00	Pedestrian	1	NA	FALSE	FALSE	1	POTTERS AVE	BROAD ST	2021-05-10	Two-Way , Not Divided	Dry	Daylight	Clear	Not a Collision Between Two Motor Vehicles in Transport	No	Traffic Control Signal	2	0	No Injury	NA	41.80297	-71.41891	FALSE	FALSE	Potters Ave and Broad Street, Providence, RI, USA	Med High	Raw	NA	FALSE	41.80297	-71.41891	2021	May
524	2021-05-10	851564	17:00:00	Bicycle	1	NA	FALSE	FALSE	1	MERINO ST	EASTWOOD AVE	2021-05-11	Two-Way , Not Divided	Dry	Daylight	Clear	Angle (Front - to - Side) Right Angle (Includes Broadside)	Yes	No Controls	2	1	Pain Reported	NA	41.81504	-71.45787	FALSE	FALSE	Merino Street and Eastwood Ave, Providence, RI, USA	Med High	Raw	NA	FALSE	41.81504	-71.45787	2021	May
522	2021-05-11	851603	15:58:00	Pedestrian	1	NA	FALSE	TRUE	1	SORRENTO ST	WADSWORTH ST	2021-05-11	Two-Way , Not Divided	Dry	Daylight	Clear	Not a Collision Between Two Motor Vehicles in Transport	No	No Controls	2	1	Pain Reported	NA	41.80663	-71.43846	FALSE	FALSE	Sorrento Street and Wadsworth Street, Providence, RI, USA	Med High	Raw	NA	FALSE	41.80663	-71.43846	2021	May
521	2021-05-12	851670	15:26:00	Bicycle	NA	1	FALSE	FALSE	1	Manton ave	TANYARD LN	2021-05-12	Two-Way, Divided, Unprotected (painted>4feet) Medium	Dry	Daylight	Clear	Sideswipe, Same Direction	No	No Controls	3	1	Pain Reported	NA	41.81729	-71.44379	FALSE	FALSE	Manton Ave and Tanyard Ln, Providence, RI, USA	Med High	Raw	NA	FALSE	41.81729	-71.44379	2021	May
520	2021-05-15	852927	19:44:00	Pedestrian	1	NA	FALSE	FALSE	1	Lowell Ave	NYE ST	2021-05-16	Two-Way , Not Divided	Dry	Dark - Lighted	Clear	Not a Collision Between Two Motor Vehicles in Transport	Yes	No Controls	2	0	No Injury	NA	41.81648	-71.46019	FALSE	FALSE	Lowell Ave and Nye Street, Providence, RI, USA	Med High	Raw	NA	FALSE	41.81648	-71.46019	2021	May
519	2021-05-16	852911	13:14:00	Pedestrian	1	NA	FALSE	FALSE	1	325 VALLEY ST	TURNER ST	2021-05-16	Two-Way , Not Divided	Dry	Daylight	Cloudy	Not a Collision Between Two Motor Vehicles in Transport	No	No Controls	3	1	Pain Reported	NA	41.82588	-71.43896	TRUE	FALSE	325 Valley Street, Providence, RI, USA	High	Raw	NA	FALSE	41.82588	-71.43896	2021	May