row_number	crash_date	crash_report_id	crash_time	collision_type	count_pedestrian	count_bicycle	scooter	wheel_chair	number_of_vehicles	street_or_highway	nearest_intersection	report_date	type_of_roadway	road_surface_condition	light_condition	weather_condition	manner_of_impact	hit_and_run	traffic_control	person_count	injury_count	most_serious_injury	number_of_lanes	lat_raw	lon_raw	has_st_number	is_intersection_null	address_sent_to_geocoder	api_coord_conf	best_coordinate_set	reason_for_qa	manually_qaed_record	final_lat	final_lon	year	month
452	2021-08-17	856892	12:38:00	Bicycle	NA	1	FALSE	FALSE	1	355 Reservoir Ave	PONTIAC AVE	2021-08-17	Two-Way , Not Divided	Dry	Daylight	Clear	Not a Collision Between Two Motor Vehicles in Transport	No	Traffic Control Signal	3	1	Pain Reported	3	41.78819	-71.43152	TRUE	FALSE	355 Reservoir Ave, Providence, RI, USA	High	Raw	distance greater than 100m	TRUE	41.78819	-71.43152	2021	August
453	2021-08-17	856893	12:20:00	Pedestrian	1	NA	TRUE	FALSE	1	BARBARA LEONARD WAY	N MAIN ST	2021-08-17	Two-Way , Not Divided	Dry	Daylight	Clear	Not a Collision Between Two Motor Vehicles in Transport	No	Traffic Control Signal	4	0	No Injury	2	41.84063	-71.40879	FALSE	FALSE	Barbara Leonard Way and N Main Street, Providence, RI, USA	Med	Raw	NA	FALSE	41.84063	-71.40879	2021	August
454	2021-08-17	856906	21:58:00	Bicycle	NA	1	FALSE	FALSE	1	BROAD ST	BAKER ST	2021-08-17	Two-Way , Not Divided	Dry	Dark - Lighted	Clear	Not a Collision Between Two Motor Vehicles in Transport	Yes	Traffic Control Signal	4	1	Non-Incapacitating	NA	41.79275	-71.40789	FALSE	FALSE	Broad Street and Baker Street, Providence, RI, USA	Med	Raw	NA	FALSE	41.79275	-71.40789	2021	August
451	2021-08-18	856941	14:53:00	Pedestrian	1	NA	FALSE	FALSE	1	ORMS ST	SMITH ST	2021-08-18	Two-Way , Not Divided	Dry	Daylight	Clear	Not a Collision Between Two Motor Vehicles in Transport	No	Traffic Control Signal	4	1	Pain Reported	NA	41.83372	-71.42229	FALSE	FALSE	Orms Street and Smith Street, Providence, RI, USA	Med High	Raw	NA	FALSE	41.83372	-71.42229	2021	August
450	2021-08-23	857149	12:31:00	Pedestrian	1	NA	FALSE	FALSE	1	274 BENEFIT ST	GEORGE ST	2021-08-23	Two-Way , Not Divided	Dry	Daylight	Clear	Not a Collision Between Two Motor Vehicles in Transport	Yes	No Controls	2	1	Pain Reported	NA	41.8251	-71.40615	TRUE	FALSE	274 Benefit Street, Providence, RI, USA	High	Raw	NA	FALSE	41.8251	-71.40615	2021	August
448	2021-08-26	857265	06:33:00	Pedestrian	1	NA	FALSE	FALSE	1	CHAPIN AVE	PARADE ST	2021-08-26	Two-Way , Not Divided	Dry	Daylight	Clear	Not a Collision Between Two Motor Vehicles in Transport	No	Stop Signs	2	1	Non-Incapacitating	NA	41.81189	-71.43122	FALSE	FALSE	Chapin Ave and Parade Street, Providence, RI, USA	Med High	Raw	NA	FALSE	41.81189	-71.43122	2021	August
449	2021-08-26	857301	19:15:00	Pedestrian	1	NA	FALSE	FALSE	1	BROAD ST	PARKIS AVE	2021-08-26	Two-Way , Not Divided	Dry	Dusk	Clear	Not a Collision Between Two Motor Vehicles in Transport	Yes	No Controls	1	1	Pain Reported	NA	41.80925	-71.42087	FALSE	FALSE	Broad Street and Parkis Ave, Providence, RI, USA	Med	Raw	NA	FALSE	41.80925	-71.42087	2021	August
445	2021-08-30	857475	17:15:00	Pedestrian	1	NA	FALSE	FALSE	1	HOPE STREET	4TH ST	2021-08-30	Two-Way , Not Divided	Dry	Daylight	Clear	Not a Collision Between Two Motor Vehicles in Transport	No	No Controls	3	1	Pain Reported	NA	41.84909	-71.39498	FALSE	FALSE	Hope Street and 4th Street, Providence, RI, USA	Med High	Raw	NA	FALSE	41.84909	-71.39498	2021	August
446	2021-08-30	857480	19:17:00	Bicycle	NA	1	FALSE	FALSE	1	MEMORIAL BLVD	FRANCIS ST	2021-08-30	Two-Way , Not Divided	Dry	Daylight	Clear	Not a Collision Between Two Motor Vehicles in Transport	No	Traffic Control Signal	2	1	Non-Incapacitating	NA	41.82577	-71.41527	FALSE	FALSE	Memorial Blvd and Francis Street, Providence, RI, USA	Med High	Raw	NA	FALSE	41.82577	-71.41527	2021	August
447	2021-08-30	857484	21:28:00	Bicycle	NA	1	FALSE	FALSE	1	Cranston Street	DEXTER ST	2021-08-30	Two-Way , Not Divided	Dry	Dark - Lighted	Clear	Not a Collision Between Two Motor Vehicles in Transport	No	Traffic Control Signal	2	0	No Injury	NA	41.81257	-71.42965	FALSE	FALSE	Cranston Street and Dexter Street, Providence, RI, USA	Med High	Raw	NA	FALSE	41.81257	-71.42965	2021	August
444	2021-08-31	857498	12:45:00	Bicycle	NA	1	FALSE	FALSE	1	BOWDITCH PL	DEAN ST	2021-08-31	Two-Way , Not Divided	Dry	Daylight	Clear	Other	No	No Controls	2	1	Pain Reported	2	41.81988	-71.4213	FALSE	FALSE	Bowditch Pl and Dean Street, Providence, RI, USA	Med High	Raw	NA	FALSE	41.81988	-71.4213	2021	August
443	2021-09-02	857612	11:07:00	Other	NA	NA	FALSE	FALSE	1	391 CHARLES ST	SILVER SPRING ST	2021-09-02	Two-Way , Not Divided	Dry	Daylight	Clear	Not a Collision Between Two Motor Vehicles in Transport	No	No Controls	4	1	Pain Reported	NA	41.84476	-71.41869	TRUE	FALSE	391 Charles Street, Providence, RI, USA	High	Raw	NA	FALSE	41.84476	-71.41869	2021	September
442	2021-09-03	857672	20:52:00	Pedestrian	1	NA	TRUE	FALSE	1	PLEASANT ST	PLEASANT CT	2021-09-03	One-Way Trafficway	Dry	Daylight	Clear	Not a Collision Between Two Motor Vehicles in Transport	Yes	Warning Signs	2	0	No Injury	NA	41.8396	-71.40514	FALSE	FALSE	Pleasant Street and Pleasant Ct, Providence, RI, USA	Med High	Unknown	distance greater than 100m	TRUE	NA	NA	2021	September
441	2021-09-08	857830	17:43:00	Bicycle	NA	1	FALSE	FALSE	1	S WATER ST	NA	2021-09-08	One-Way Trafficway	Dry	Daylight	Clear	Angle - Direction Not Specified	No	Traffic Control Signal	2	1	Pain Reported	NA	41.81877	-71.4019	FALSE	TRUE	S Water Street, Providence, RI, USA	Inaccurate	Raw	distance greater than 100m	TRUE	41.81877	-71.4019	2021	September
439	2021-09-11	857914	10:38:00	Pedestrian	1	NA	FALSE	FALSE	1	ATWELLS AVE	EAGLE ST	2021-09-11	Unknown	Dry	Daylight	Clear	Other	Yes	No Controls	1	0	No Injury	NA	41.82446	-71.4355	FALSE	FALSE	Atwells Ave and Eagle Street, Providence, RI, USA	Med High	Raw	NA	FALSE	41.82446	-71.4355	2021	September
440	2021-09-11	857917	16:36:00	Pedestrian	1	NA	FALSE	FALSE	1	MEMORIAL BLVD	WASHINGTON ST	2021-09-11	Two-Way, Divided, Positive Median Barrier	Dry	Daylight	Clear	Other	No	Traffic Control Signal	3	1	Pain Reported	NA	41.82637	-71.41019	FALSE	FALSE	Memorial Blvd and Washington Street, Providence, RI, USA	Med High	Raw	NA	FALSE	41.82637	-71.41019	2021	September
437	2021-09-12	857938	13:15:00	Bicycle	NA	1	FALSE	FALSE	1	Killingly st	PLAINFIELD ST	2021-09-12	Two-Way, Divided, Unprotected (painted>4feet) Medium	Dry	Daylight	Clear	Not a Collision Between Two Motor Vehicles in Transport	No	No Controls	2	1	Pain Reported	NA	41.81313	-71.459460000000007	FALSE	FALSE	Killingly Street and Plainfield Street, Providence, RI, USA	Med High	Raw	NA	FALSE	41.81313	-71.459460000000007	2021	September
438	2021-09-12	857942	14:43:00	Pedestrian	1	NA	FALSE	FALSE	1	1049 ATWELLS AVENUE	LYNCH ST	2021-09-12	Two-Way, Divided, Unprotected (painted>4feet) Medium	Dry	Daylight	Clear	Not a Collision Between Two Motor Vehicles in Transport	No	No Controls	3	1	Incapacitating	NA	41.82525	-71.45239	TRUE	FALSE	1049 Atwells Avenue, Providence, RI, USA	High	Raw	NA	FALSE	41.82525	-71.45239	2021	September
435	2021-09-13	858004	21:57:00	Pedestrian	1	NA	FALSE	FALSE	1	Douglas Ave	Fillmore St	2021-09-13	Two-Way , Not Divided	Dry	Dark - Lighted	Clear	Other	No	No Controls	2	1	Pain Reported	NA	NA	NA	FALSE	FALSE	Douglas Ave and Fillmore Street, Providence, RI, USA	Med High	Geocoded	raw coords null but geocoded coords found	TRUE	41.8371944	-71.422311	2021	September
436	2021-09-13	858005	21:43:00	Pedestrian	1	NA	FALSE	FALSE	1	N MAIN ST	CEMETERY ST	2021-09-13	Two-Way, Divided, Positive Median Barrier	Dry	Dark - Lighted	Clear	Other	Yes	No Controls	1	1	Pain Reported	NA	41.84859	-71.40405	FALSE	FALSE	N Main Street and Cemetery Street, Providence, RI, USA	Med	Raw	NA	FALSE	41.84859	-71.40405	2021	September
433	2021-09-15	858083	18:42:00	Pedestrian	1	NA	FALSE	FALSE	1	CHARLES ST	W RIVER ST	2021-09-15	Two-Way, Divided, Unprotected (painted>4feet) Medium	Dry	Dark - Lighted	Clear	Not a Collision Between Two Motor Vehicles in Transport	No	Stop Signs	5	1	Incapacitating	NA	41.83961	-71.4164	FALSE	FALSE	Charles Street and W River Street, Providence, RI, USA	Med	Raw	NA	FALSE	41.83961	-71.4164	2021	September
434	2021-09-15	858208	15:49:00	Bicycle	NA	1	FALSE	FALSE	1	STEEPLE ST	CANAL ST	2021-09-19	One-Way Trafficway	Dry	Daylight	Clear	Not a Collision Between Two Motor Vehicles in Transport	Yes	Traffic Control Signal	1	0	No Injury	NA	41.82718	-71.40991	FALSE	FALSE	Steeple Street and Canal Street, Providence, RI, USA	Med High	Raw	NA	FALSE	41.82718	-71.40991	2021	September
432	2021-09-16	858115	23:32:00	Bicycle	NA	1	FALSE	FALSE	1	BENEVOLENT ST	BROOK ST	2021-09-17	Two-Way , Not Divided	Dry	Dark - Lighted	Clear	Not a Collision Between Two Motor Vehicles in Transport	Yes	Stop Signs	1	1	Pain Reported	NA	41.8249	-71.39892	FALSE	FALSE	Benevolent Street and Brook Street, Providence, RI, USA	Med High	Raw	NA	FALSE	41.8249	-71.39892	2021	September
431	2021-09-18	858172	21:15:00	Bicycle	NA	1	FALSE	FALSE	1	THURBERS AVE	PRAIRIE AVE	2021-09-18	Two-Way , Not Divided	Dry	Dark - Lighted	Clear	Angle (Front - to - Side) Right Angle (Includes Broadside)	No	Traffic Control Signal	2	0	No Injury	NA	41.79873	-71.41191	FALSE	FALSE	Thurbers Ave and Prairie Ave, Providence, RI, USA	Med High	Raw	NA	FALSE	41.79873	-71.41191	2021	September
430	2021-09-19	858210	18:00:00	Bicycle	NA	1	FALSE	FALSE	1	NORTH MAIN ST	DOYLE AVE	2021-09-19	Two-Way, Divided, Positive Median Barrier	Dry	Daylight	Clear	Angle (Front - to - Side) Right Angle (Includes Broadside)	No	Traffic Control Signal	9	1	Non-Incapacitating	NA	41.83835	-71.40923	FALSE	FALSE	North Main Street and Doyle Ave, Providence, RI, USA	Med	Raw	NA	FALSE	41.83835	-71.40923	2021	September
429	2021-09-20	858283	19:16:00	Pedestrian	1	NA	FALSE	FALSE	1	BROAD ST	COLFAX ST	2021-09-20	Two-Way , Not Divided	Dry	Daylight	Clear	Not a Collision Between Two Motor Vehicles in Transport	Yes	No Controls	1	1	Pain Reported	NA	41.79888	-71.4155	FALSE	FALSE	Broad Street and Colfax Street, Providence, RI, USA	Med	Raw	NA	FALSE	41.79888	-71.4155	2021	September
428	2021-09-21	858324	12:19:00	Other	NA	NA	FALSE	FALSE	1	CHALKSTONE AVE	ROSEBANK AVE	2021-09-21	Two-Way , Not Divided	Dry	Daylight	Clear	Not a Collision Between Two Motor Vehicles in Transport	Yes	Stop Signs	3	1	Non-Incapacitating	NA	41.8339	-71.43335	FALSE	FALSE	Chalkstone Ave and Rosebank Ave, Providence, RI, USA	Med High	Raw	NA	FALSE	41.8339	-71.43335	2021	September
427	2021-09-23	858444	05:43:00	Pedestrian	1	NA	FALSE	FALSE	1	Grosvenor Ave	Chalkstone Ave	2021-09-23	Two-Way , Not Divided	Dry	Dark - Lighted	Clear	Not a Collision Between Two Motor Vehicles in Transport	No	Stop Signs	3	1	Pain Reported	NA	41.83239	-71.43954	FALSE	FALSE	Grosvenor Ave and Chalkstone Ave, Providence, RI, USA	Med High	Raw	NA	FALSE	41.83239	-71.43954	2021	September
425	2021-09-27	860540	07:26:00	Pedestrian	1	NA	FALSE	FALSE	1	ATWELLS AVE	BRADFORD ST	2021-09-27	Two-Way , Not Divided	Dry	Daylight	Clear	Not a Collision Between Two Motor Vehicles in Transport	No	Flashing Traffic Control Signal	4	1	Incapacitating	NA	41.82324	-71.42195	FALSE	FALSE	Atwells Ave and Bradford Street, Providence, RI, USA	Med High	Raw	NA	FALSE	41.82324	-71.42195	2021	September
426	2021-09-27	860604	22:22:00	Pedestrian	1	NA	FALSE	FALSE	1	Plain St	PUBLIC ST	2021-09-27	Two-Way , Not Divided	Dry	Dark - Lighted	Clear	Unknown	Yes	Stop Signs	1	1	Non-Incapacitating	NA	41.80666	-71.40998	FALSE	FALSE	Plain Street and Public Street, Providence, RI, USA	Med High	Raw	NA	FALSE	41.80666	-71.40998	2021	September
421	2021-10-01	860829	16:53:00	Pedestrian	1	NA	FALSE	FALSE	1	FRANCIS ST	GASPEE ST	2021-10-01	Two-Way, Divided, Positive Median Barrier	Dry	Daylight	Clear	Not a Collision Between Two Motor Vehicles in Transport	No	Traffic Control Signal	2	0	No Injury	NA	41.82897	-71.4153	FALSE	FALSE	Francis Street and Gaspee Street, Providence, RI, USA	Med	Raw	distance greater than 100m	TRUE	41.82897	-71.4153	2021	October
422	2021-10-01	860830	16:48:00	Pedestrian	1	NA	FALSE	FALSE	1	EXIT 22A (RT )	FRANCIS ST	2021-10-01	Two-Way, Divided, Positive Median Barrier	Dry	Daylight	Clear	Not a Collision Between Two Motor Vehicles in Transport	Yes	Traffic Control Signal	1	1	Pain Reported	NA	41.82577	-71.41527	FALSE	FALSE	Exit 22a (Rt ) and Francis Street, Providence, RI, USA	Med	Raw	distance greater than 100m	TRUE	41.82577	-71.41527	2021	October
423	2021-10-01	860837	20:40:00	Bicycle	NA	1	FALSE	FALSE	1	WESTMINSTER ST	BATTEY ST	2021-10-01	Two-Way , Not Divided	Dry	Dark - Lighted	Clear	Not a Collision Between Two Motor Vehicles in Transport	Yes	No Controls	2	1	Incapacitating	NA	41.81724	-71.42463	FALSE	FALSE	Westminster Street and Battey Street, Providence, RI, USA	Med High	Raw	NA	FALSE	41.81724	-71.42463	2021	October
424	2021-10-01	860842	22:36:00	Pedestrian	1	NA	FALSE	FALSE	1	Smith st	CHALKSTONE AVE	2021-10-02	Two-Way , Not Divided	Dry	Dark - Lighted	Clear	Not a Collision Between Two Motor Vehicles in Transport	No	Traffic Control Signal	2	1	Pain Reported	NA	41.83521	-71.42565	FALSE	FALSE	Smith Street and Chalkstone Ave, Providence, RI, USA	Med High	Raw	NA	FALSE	41.83521	-71.42565	2021	October
420	2021-10-02	860857	15:46:00	Pedestrian	1	NA	FALSE	FALSE	1	DOUGLAS AVE	WHIPPLE ST	2021-10-02	Two-Way , Not Divided	Dry	Daylight	Clear	Not a Collision Between Two Motor Vehicles in Transport	No	Pavement Markings	2	1	Non-Incapacitating	NA	41.83685	-71.42154	FALSE	FALSE	Douglas Ave and Whipple Street, Providence, RI, USA	Med High	Raw	NA	FALSE	41.83685	-71.42154	2021	October
419	2021-10-05	861020	19:09:00	Bicycle	NA	1	FALSE	FALSE	1	VALLEY ST	RIVER AVE	2021-10-05	Two-Way, Divided, Unprotected (painted>4feet) Medium	Dry	Dark - Lighted	Clear	Not a Collision Between Two Motor Vehicles in Transport	Yes	No Controls	1	1	Pain Reported	NA	41.82796	-71.43516	FALSE	FALSE	Valley Street and River Ave, Providence, RI, USA	Med High	Raw	NA	FALSE	41.82796	-71.43516	2021	October
418	2021-10-08	861146	18:32:00	Pedestrian	1	NA	TRUE	FALSE	2	COLLEGE ST	SOUTH MAIN ST	2021-10-08	Two-Way , Not Divided	Dry	Daylight	Clear	Sideswipe, Same Direction	Yes	Pavement Markings	6	1	Non-Incapacitating	NA	41.82564	-71.40785	FALSE	FALSE	College Street and South Main Street, Providence, RI, USA	Med	Raw	NA	FALSE	41.82564	-71.40785	2021	October
417	2021-10-12	861288	19:02:00	Pedestrian	1	NA	FALSE	FALSE	1	ELMWOOD AVE	DARTMOUTH AVE	2021-10-12	Two-Way , Not Divided	Dry	Dark - Lighted	Clear	Not a Collision Between Two Motor Vehicles in Transport	No	No Controls	2	0	No Injury	NA	41.80839	-71.42469	FALSE	FALSE	Elmwood Ave and Dartmouth Ave, Providence, RI, USA	Med High	Raw	NA	FALSE	41.80839	-71.42469	2021	October
415	2021-10-13	861308	13:33:00	Pedestrian	1	NA	FALSE	FALSE	1	WICKHAM ST	BROAD ST	2021-10-13	Two-Way , Not Divided	Dry	Daylight	Clear	Not a Collision Between Two Motor Vehicles in Transport	No	Stop Signs	3	1	Pain Reported	NA	41.81579	-71.41998	FALSE	FALSE	Wickham Street and Broad Street, Providence, RI, USA	Med High	Raw	NA	FALSE	41.81579	-71.41998	2021	October
416	2021-10-13	861328	16:39:00	Other	NA	1	TRUE	FALSE	1	PUBLIC ST	TAYLOR ST	2021-10-13	Two-Way , Not Divided	Dry	Daylight	Clear	Not a Collision Between Two Motor Vehicles in Transport	No	No Controls	2	1	Pain Reported	NA	41.80503	-71.41708	FALSE	FALSE	Public Street and Taylor Street, Providence, RI, USA	Med High	Raw	NA	FALSE	41.80503	-71.41708	2021	October
414	2021-10-14	861388	18:24:00	Bicycle	NA	1	FALSE	FALSE	1	CRANSTON ST	WAVERLY ST	2021-10-14	Two-Way , Not Divided	Dry	Dark - Lighted	Clear	Not a Collision Between Two Motor Vehicles in Transport	No	Pavement Markings	4	1	Non-Incapacitating	NA	41.80845	-71.43444	FALSE	FALSE	Cranston Street and Waverly Street, Providence, RI, USA	Med High	Raw	NA	FALSE	41.80845	-71.43444	2021	October
413	2021-10-16	861449	17:49:00	Pedestrian	1	NA	FALSE	FALSE	1	74 CONCORD ST	CONCORD ST	2021-10-16	Two-Way , Not Divided	Dry	Daylight	Cloudy	Not a Collision Between Two Motor Vehicles in Transport	No	No Controls	2	1	Non-Incapacitating	NA	41.85337	-71.40322	TRUE	FALSE	74 Concord Street, Providence, RI, USA	High	Raw	NA	FALSE	41.85337	-71.40322	2021	October
412	2021-10-17	861508	21:39:00	Pedestrian	1	NA	FALSE	FALSE	1	Dexter Street	SPRAGUE ST	2021-10-17	Two-Way , Not Divided	Dry	Dark - Lighted	Clear	Not a Collision Between Two Motor Vehicles in Transport	Yes	No Controls	1	1	Pain Reported	NA	41.80977	-71.42834	FALSE	FALSE	Dexter Street and Sprague Street, Providence, RI, USA	Med High	Raw	NA	FALSE	41.80977	-71.42834	2021	October
409	2021-10-18	861534	13:05:00	Pedestrian	1	NA	FALSE	TRUE	1	ELMWOOD AVE	ROGER WILLIAMS AVE	2021-10-18	Two-Way, Divided, Positive Median Barrier	Dry	Daylight	Clear	Not a Collision Between Two Motor Vehicles in Transport	No	Traffic Control Signal	3	1	Pain Reported	NA	41.78878	-71.42116	FALSE	FALSE	Elmwood Ave and Roger Williams Ave, Providence, RI, USA	Med High	Raw	NA	FALSE	41.78878	-71.42116	2021	October
410	2021-10-18	861536	14:24:00	Bicycle	NA	1	FALSE	FALSE	1	ELMWOOD AVE	PRINCETON AVE	2021-10-18	Two-Way , Not Divided	Dry	Daylight	Clear	Not a Collision Between Two Motor Vehicles in Transport	No	No Controls	3	1	Pain Reported	NA	41.80556	-71.42517	FALSE	FALSE	Elmwood Ave and Princeton Ave, Providence, RI, USA	Med High	Raw	NA	FALSE	41.80556	-71.42517	2021	October
411	2021-10-18	861566	18:01:00	Pedestrian	1	NA	FALSE	FALSE	1	ROGER WILLIAMS AVE	ELMWOOD AVE	2021-10-18	Two-Way , Not Divided	Dry	Dusk	Clear	Not a Collision Between Two Motor Vehicles in Transport	Yes	Traffic Control Signal	1	1	Pain Reported	NA	41.78851	-71.42102	FALSE	FALSE	Roger Williams Ave and Elmwood Ave, Providence, RI, USA	Med High	Raw	NA	FALSE	41.78851	-71.42102	2021	October
408	2021-10-20	861659	17:51:00	Pedestrian	1	NA	FALSE	FALSE	1	WASHINGTON ST	EMPIRE ST	2021-10-20	Two-Way , Not Divided	Dry	Dark - Lighted	Clear	Sideswipe, Same Direction	No	Traffic Control Signal	2	1	Pain Reported	NA	41.82198	-71.41623	FALSE	FALSE	Washington Street and Empire Street, Providence, RI, USA	Med	Raw	NA	FALSE	41.82198	-71.41623	2021	October
407	2021-10-22	861720	21:03:00	Pedestrian	1	NA	FALSE	FALSE	1	THAYER ST	ANGELL ST	2021-10-22	One-Way Trafficway	Dry	Dark - Lighted	Clear	Not a Collision Between Two Motor Vehicles in Transport	Yes	Traffic Control Signal	1	1	Pain Reported	NA	41.82812	-71.40066	FALSE	FALSE	Thayer Street and Angell Street, Providence, RI, USA	Med High	Raw	NA	FALSE	41.82812	-71.40066	2021	October
406	2021-10-23	861454	20:14:00	Bicycle	NA	1	FALSE	FALSE	1	WESTMINSTER ST	DEXTER ST	2021-10-16	Two-Way , Not Divided	Dry	Dark - Lighted	Clear	Not a Collision Between Two Motor Vehicles in Transport	No	Other	2	1	Non-Incapacitating	NA	41.81659	-71.43134	FALSE	FALSE	Westminster Street and Dexter Street, Providence, RI, USA	Med High	Raw	NA	FALSE	41.81659	-71.43134	2021	October
405	2021-10-29	863666	13:00:00	Pedestrian	1	NA	FALSE	FALSE	1	BRANCH AVE	SILVER SPRING ST	2021-11-25	Two-Way , Not Divided	Dry	Daylight	Clear	Other	Yes	No Controls	2	1	Pain Reported	NA	41.84782	-71.41467	FALSE	FALSE	Branch Ave and Silver Spring Street, Providence, RI, USA	Med High	Raw	NA	FALSE	41.84782	-71.41467	2021	October
403	2021-10-30	862064	18:33:00	Pedestrian	1	NA	FALSE	FALSE	1	OAKLAND AVE	SMITH ST	2021-10-30	Two-Way , Not Divided	Wet	Dark - Lighted	Rain	Not a Collision Between Two Motor Vehicles in Transport	No	Traffic Control Signal	2	1	Pain Reported	NA	41.83623	-71.43046	FALSE	FALSE	Oakland Ave and Smith Street, Providence, RI, USA	Med High	Raw	NA	FALSE	41.83623	-71.43046	2021	October
404	2021-10-30	862096	22:54:00	Pedestrian	1	NA	FALSE	FALSE	1	SMITHFIELD AVE	SMITHFIELD AVE	2021-10-31	One-Way Trafficway	Wet	Dark - Lighted	Rain	Not a Collision Between Two Motor Vehicles in Transport	Yes	Traffic Control Signal	1	1	Pain Reported	NA	41.8558	-71.40766	FALSE	FALSE	Smithfield Ave and Smithfield Ave, Providence, RI, USA	Med High	Unknown	distance greater than 100m	TRUE	NA	NA	2021	October
401	2021-11-01	862162	15:18:00	Pedestrian	1	NA	FALSE	FALSE	1	KILLINGLY ST	HARTFORD AVE	2021-11-01	Two-Way , Not Divided	Dry	Daylight	Clear	Not a Collision Between Two Motor Vehicles in Transport	No	No Controls	3	0	No Injury	NA	41.81984	-71.46884	FALSE	FALSE	Killingly Street and Hartford Ave, Providence, RI, USA	Med High	Raw	NA	FALSE	41.81984	-71.46884	2021	November
402	2021-11-01	862164	16:01:00	Pedestrian	1	NA	FALSE	FALSE	1	HARVARD AVE	TAYLOR ST	2021-11-01	Two-Way , Not Divided	Dry	Daylight	Clear	Not a Collision Between Two Motor Vehicles in Transport	Yes	No Controls	3	1	Non-Incapacitating	NA	41.80862	-71.4188	FALSE	FALSE	Harvard Ave and Taylor Street, Providence, RI, USA	Med High	Raw	NA	FALSE	41.80862	-71.4188	2021	November
400	2021-11-03	862247	11:29:00	Pedestrian	1	NA	FALSE	FALSE	1	HOPKINS ST	BENEFIT ST	2021-11-03	Two-Way , Not Divided	Dry	Daylight	Clear	Not a Collision Between Two Motor Vehicles in Transport	No	No Controls	3	1	Pain Reported	NA	41.82533	-71.40635	FALSE	FALSE	Hopkins Street and Benefit Street, Providence, RI, USA	Med High	Raw	NA	FALSE	41.82533	-71.40635	2021	November
399	2021-11-05	862376	21:06:00	Pedestrian	1	NA	FALSE	FALSE	1	SAYLES ST	PRAIRIE AVE	2021-11-05	Two-Way , Not Divided	Dry	Dark - Lighted	Clear	Not a Collision Between Two Motor Vehicles in Transport	No	No Controls	3	1	Pain Reported	NA	41.80264	-71.41358	FALSE	FALSE	Sayles Street and Prairie Ave, Providence, RI, USA	Med High	Raw	NA	FALSE	41.80264	-71.41358	2021	November
398	2021-11-06	862395	15:40:00	Pedestrian	1	NA	FALSE	FALSE	1	EDGEHILL RD	SUMMIT AVE	2021-11-06	Two-Way , Not Divided	Dry	Daylight	Clear	Angle (Front - to - Side) Right Angle (Includes Broadside)	No	No Controls	3	1	Pain Reported	NA	41.84876	-71.39794	FALSE	FALSE	Edgehill Rd and Summit Ave, Providence, RI, USA	Med High	Raw	NA	FALSE	41.84876	-71.39794	2021	November
397	2021-11-07	862410	08:29:00	Pedestrian	1	NA	FALSE	FALSE	1	ATWELLS AVE	DEAN ST	2021-11-07	Two-Way , Not Divided	Dry	Daylight	Clear	Not a Collision Between Two Motor Vehicles in Transport	No	Traffic Control Signal	2	1	Incapacitating	NA	41.82339	-71.4242	FALSE	FALSE	Atwells Ave and Dean Street, Providence, RI, USA	Med High	Raw	NA	FALSE	41.82339	-71.4242	2021	November
396	2021-11-08	862467	08:10:00	Pedestrian	1	NA	FALSE	FALSE	1	BLACKSTONE BLVD	EAST AVE	2021-11-08	Two-Way, Divided, Positive Median Barrier	Dry	Daylight	Clear	Not a Collision Between Two Motor Vehicles in Transport	No	No Controls	3	1	Pain Reported	NA	41.85657	-71.39103	FALSE	FALSE	Blackstone Blvd and East Ave, Providence, RI, USA	Med	Raw	distance greater than 100m	TRUE	41.85657	-71.39103	2021	November
392	2021-11-09	862511	06:04:00	Other	1	NA	TRUE	FALSE	1	Hartford Ave	Plainfield Street	2021-11-09	Two-Way , Not Divided	Dry	Dawn	Clear	Not a Collision Between Two Motor Vehicles in Transport	No	No Controls	3	1	Pain Reported	NA	41.81668	-71.44385	FALSE	FALSE	Hartford Ave and Plainfield Street, Providence, RI, USA	Med High	Raw	NA	FALSE	41.81668	-71.44385	2021	November
393	2021-11-09	862555	17:47:00	Pedestrian	1	NA	FALSE	FALSE	1	ADELAIDE AVE	HAMILTON ST	2021-11-09	Two-Way , Not Divided	Dry	Dark - Not Lighted	Clear	Not a Collision Between Two Motor Vehicles in Transport	No	Stop Signs	3	1	Pain Reported	NA	41.80357	-71.42571	FALSE	FALSE	Adelaide Ave and Hamilton Street, Providence, RI, USA	Med High	Geocoded	distance greater than 100m	TRUE	41.7973969	-71.4201379	2021	November
394	2021-11-09	862561	20:51:00	Pedestrian	1	NA	FALSE	FALSE	1	7 Pemberton St.	Roanoke St.	2021-11-09	Two-Way , Not Divided	Dry	Dark - Lighted	Clear	Not a Collision Between Two Motor Vehicles in Transport	Yes	No Controls	2	1	Pain Reported	NA	41.83136	-71.44589	TRUE	FALSE	7 Pemberton St., Providence, RI, USA	High	Raw	NA	FALSE	41.83136	-71.44589	2021	November
395	2021-11-09	862566	21:45:00	Pedestrian	1	NA	FALSE	FALSE	1	HAGAN ST	MENDON ST	2021-11-09	Two-Way , Not Divided	Dry	Dark - Lighted	Clear	Not a Collision Between Two Motor Vehicles in Transport	Yes	No Controls	1	1	Pain Reported	NA	41.85692	-71.4224	FALSE	FALSE	Hagan Street and Mendon Street, Providence, RI, USA	Med	Raw	distance greater than 100m	TRUE	41.85692	-71.4224	2021	November