row_number	crash_date	crash_report_id	crash_time	collision_type	count_pedestrian	count_bicycle	scooter	wheel_chair	number_of_vehicles	street_or_highway	nearest_intersection	report_date	type_of_roadway	road_surface_condition	light_condition	weather_condition	manner_of_impact	hit_and_run	traffic_control	person_count	injury_count	most_serious_injury	number_of_lanes	lat_raw	lon_raw	has_st_number	is_intersection_null	address_sent_to_geocoder	api_coord_conf	best_coordinate_set	reason_for_qa	manually_qaed_record	final_lat	final_lon	year	month
391	2021-11-10	862644	17:22:00	Pedestrian	1	NA	FALSE	FALSE	1	Waterman St	WAYLAND AVE	2021-11-10	Two-Way , Not Divided	Dry	Dark - Lighted	Clear	Not a Collision Between Two Motor Vehicles in Transport	Yes	Traffic Control Signal	1	1	Non-Incapacitating	NA	41.8286	-71.38838	FALSE	FALSE	Waterman Street and Wayland Ave, Providence, RI, USA	Med High	Raw	NA	FALSE	41.8286	-71.38838	2021	November
388	2021-11-17	863090	08:53:00	Pedestrian	1	NA	FALSE	FALSE	1	POINT ST	CHESTNUT ST	2021-11-17	Two-Way , Not Divided	Dry	Daylight	Clear	Not a Collision Between Two Motor Vehicles in Transport	No	Stop Signs	3	1	Pain Reported	NA	41.81626	-71.408	FALSE	FALSE	Point Street and Chestnut Street, Providence, RI, USA	Med High	Raw	NA	FALSE	41.81626	-71.408	2021	November
389	2021-11-17	863106	09:52:00	Pedestrian	1	NA	FALSE	FALSE	1	Empire St	Broad St	2021-11-17	Two-Way , Not Divided	Dry	Daylight	Clear	Not a Collision Between Two Motor Vehicles in Transport	No	Traffic Control Signal	3	1	Pain Reported	2	NA	NA	FALSE	FALSE	Empire Street and Broad Street, Providence, RI, USA	Med High	Geocoded	raw coords null but geocoded coords found	TRUE	41.8200721	-71.4143573	2021	November
390	2021-11-17	863136	19:24:00	Pedestrian	1	NA	FALSE	FALSE	1	ELMWOOD AVE	ARCH ST	2021-11-18	Two-Way , Not Divided	Dry	Dark - Lighted	Clear	Not a Collision Between Two Motor Vehicles in Transport	Yes	No Controls	1	1	Pain Reported	2	41.81206	-71.42258	FALSE	FALSE	Elmwood Ave and Arch Street, Providence, RI, USA	Med High	Raw	NA	FALSE	41.81206	-71.42258	2021	November
387	2021-11-18	863175	08:28:00	Pedestrian	1	NA	FALSE	FALSE	1	POWER ST	THAYER ST	2021-11-18	Two-Way , Not Divided	Dry	Daylight	Clear	Not a Collision Between Two Motor Vehicles in Transport	No	Stop Signs	3	1	Pain Reported	NA	41.82295	-71.40009	FALSE	FALSE	Power Street and Thayer Street, Providence, RI, USA	Med High	Raw	NA	FALSE	41.82295	-71.40009	2021	November
386	2021-11-19	863301	22:40:00	Pedestrian	1	NA	FALSE	FALSE	1	Broad Street	Central Street	2021-11-19	Two-Way, Divided, Positive Median Barrier	Dry	Dark - Lighted	Clear	Not a Collision Between Two Motor Vehicles in Transport	No	No Controls	5	1	Incapacitating	2	NA	NA	FALSE	FALSE	Broad Street and Central Street, Providence, RI, USA	Med High	Geocoded	raw coords null but geocoded coords found	TRUE	41.8858281	-71.3870525	2021	November
385	2021-11-20	863341	14:05:00	Pedestrian	1	NA	FALSE	FALSE	1	ACADEMY AVE	LINTON ST	2021-11-20	Two-Way , Not Divided	Dry	Daylight	Clear	Not a Collision Between Two Motor Vehicles in Transport	No	No Controls	3	1	Pain Reported	NA	41.83114	-71.44434	FALSE	FALSE	Academy Ave and Linton Street, Providence, RI, USA	Med High	Raw	NA	FALSE	41.83114	-71.44434	2021	November
384	2021-11-22	863478	08:28:00	Pedestrian	1	NA	FALSE	FALSE	1	Broadway	Knight St	2021-11-22	Two-Way , Not Divided	Wet	Daylight	Rain	Not a Collision Between Two Motor Vehicles in Transport	No	No Controls	2	1	Pain Reported	2	NA	NA	FALSE	FALSE	Broadway and Knight Street, Providence, RI, USA	Med	Geocoded	raw coords null but geocoded coords found	TRUE	41.8198212	-71.4293417	2021	November
381	2021-11-24	863608	14:12:00	Pedestrian	1	NA	FALSE	FALSE	1	DORRANCE ST	EXCHANGE TER	2021-11-24	Two-Way , Not Divided	Dry	Daylight	Clear	Other	Yes	Traffic Control Signal	2	1	Pain Reported	NA	41.82482	-71.41415	FALSE	FALSE	Dorrance Street and Exchange Ter, Providence, RI, USA	Med	Raw	distance greater than 100m	TRUE	41.82482	-71.41415	2021	November
382	2021-11-24	863626	15:37:00	Pedestrian	1	NA	FALSE	FALSE	1	Broad St	FENNER ST	2021-11-24	Two-Way , Not Divided	Dry	Daylight	Clear	Not a Collision Between Two Motor Vehicles in Transport	No	No Controls	4	1	Pain Reported	NA	41.81816	-71.41608	FALSE	FALSE	Broad Street and Fenner Street, Providence, RI, USA	Med	Raw	NA	FALSE	41.81816	-71.41608	2021	November
383	2021-11-24	863655	20:15:00	Pedestrian	1	NA	FALSE	FALSE	1	POINT ST	CHESTNUT ST	2021-11-24	Two-Way , Not Divided	Dry	Dark - Lighted	Clear	Not a Collision Between Two Motor Vehicles in Transport	No	Traffic Control Signal	2	1	Pain Reported	2	41.81655	-71.40729	FALSE	FALSE	Point Street and Chestnut Street, Providence, RI, USA	Med High	Raw	NA	FALSE	41.81655	-71.40729	2021	November
380	2021-11-26	863720	20:56:00	Bicycle	NA	2	FALSE	FALSE	1	PUBLIC ST	BROAD ST	2021-11-26	Two-Way , Not Divided	Dry	Dark - Lighted	Clear	Not a Collision Between Two Motor Vehicles in Transport	Yes	Traffic Control Signal	2	2	Pain Reported	NA	41.80442	-71.41935	FALSE	FALSE	Public Street and Broad Street, Providence, RI, USA	Med High	Raw	NA	FALSE	41.80442	-71.41935	2021	November
379	2021-11-30	863985	17:21:00	Pedestrian	1	NA	FALSE	FALSE	1	CHARLES ST	EXIT  (RT 146N )	2021-11-30	Two-Way , Not Divided	Dry	Dark - Lighted	Clear	Not a Collision Between Two Motor Vehicles in Transport	No	Pavement Markings	3	1	Non-Incapacitating	NA	41.8422	-71.41799	FALSE	FALSE	Charles Street and Exit  (Rt 146n ), Providence, RI, USA	Med	Raw	distance greater than 100m	TRUE	41.8422	-71.41799	2021	November
378	2021-12-01	864037	15:23:00	Pedestrian	1	NA	FALSE	FALSE	1	HARTFORD AVE	LAUREL HILL AVE	2021-12-01	Two-Way , Not Divided	Dry	Daylight	Clear	Not a Collision Between Two Motor Vehicles in Transport	No	School Zone Signs	3	1	Pain Reported	NA	41.81795	-71.45532	FALSE	FALSE	Hartford Ave and Laurel Hill Ave, Providence, RI, USA	Med High	Raw	NA	FALSE	41.81795	-71.45532	2021	December
376	2021-12-03	864151	18:26:00	Pedestrian	1	NA	FALSE	FALSE	1	1 AVENUE OF THE ARTS	NA	2021-12-03	Two-Way , Not Divided	Dry	Dark - Lighted	Clear	Not a Collision Between Two Motor Vehicles in Transport	No	No Controls	2	1	Pain Reported	NA	NA	NA	TRUE	TRUE	1 Avenue Of The Arts, Providence, RI, USA	High	Neither	raw coords null but geocoded coords found	TRUE	41.83028	-71.41707	2021	December
377	2021-12-03	864160	16:16:00	Pedestrian	1	NA	FALSE	FALSE	1	Atwells Ave/ Valley Street	NA	2021-12-03	Two-Way , Not Divided	Dry	Dark - Lighted	Clear	Other	No	Unknown	2	0	No Injury	NA	NA	NA	FALSE	TRUE	Atwells Ave/ Valley Street, Providence, RI, USA	Inaccurate	Geocoded	raw coords null but geocoded coords found	TRUE	41.8245768	-71.4394736	2021	December
375	2021-12-06	864350	21:37:00	Pedestrian	1	NA	FALSE	FALSE	1	ANGELL ST	BROOK ST	2021-12-06	Two-Way , Not Divided	Wet	Dark - Lighted	Rain	Not a Collision Between Two Motor Vehicles in Transport	Yes	Pavement Markings	1	1	Non-Incapacitating	NA	41.82823	-71.39931	FALSE	FALSE	Angell Street and Brook Street, Providence, RI, USA	Med High	Raw	NA	FALSE	41.82823	-71.39931	2021	December
374	2021-12-07	864372	14:06:00	Pedestrian	1	NA	FALSE	FALSE	1	ELMWOOD AVE	ADELAIDE AVE	2021-12-07	Two-Way, Divided, Positive Median Barrier	Dry	Daylight	Clear	Not a Collision Between Two Motor Vehicles in Transport	No	Traffic Control Signal	2	1	Pain Reported	NA	41.79583	-71.42508	FALSE	FALSE	Elmwood Ave and Adelaide Ave, Providence, RI, USA	Med High	Raw	NA	FALSE	41.79583	-71.42508	2021	December
373	2021-12-08	864434	16:55:00	Pedestrian	1	NA	FALSE	FALSE	1	FRUIT HILL AVE	EDENDALE AVE	2021-12-08	Two-Way, Divided, Unprotected (painted>4feet) Medium	Dry	Dark - Lighted	Clear	Not a Collision Between Two Motor Vehicles in Transport	No	Pavement Markings	3	1	Pain Reported	NA	41.83672	-71.46839	FALSE	FALSE	Fruit Hill Ave and Edendale Ave, Providence, RI, USA	Med High	Raw	NA	FALSE	41.83672	-71.46839	2021	December
371	2021-12-10	864553	14:56:00	Bicycle	NA	1	FALSE	FALSE	1	BAINBRIDGE AVE	BROADWAY	2021-12-10	Two-Way, Divided, Unprotected (painted>4feet) Medium	Dry	Daylight	Clear	Not a Collision Between Two Motor Vehicles in Transport	No	No Controls	3	1	Pain Reported	NA	41.81824	-71.43594	FALSE	FALSE	Bainbridge Ave and Broadway, Providence, RI, USA	Med High	Raw	NA	FALSE	41.81824	-71.43594	2021	December
372	2021-12-10	864567	18:07:00	Pedestrian	1	NA	TRUE	FALSE	1	GEORGE ST	BROOK ST	2021-12-10	Two-Way, Divided, Unprotected (painted>4feet) Medium	Dry	Dark - Lighted	Clear	Not a Collision Between Two Motor Vehicles in Transport	No	Stop Signs	3	1	Pain Reported	NA	41.82561	-71.39906	FALSE	FALSE	George Street and Brook Street, Providence, RI, USA	Med	Raw	NA	FALSE	41.82561	-71.39906	2021	December
370	2021-12-11	864693	22:49:00	Pedestrian	1	NA	FALSE	FALSE	1	Atwells Avenue	DEAN ST	2021-12-12	Two-Way , Not Divided	Wet	Dark - Lighted	Rain	Other	No	Flashing Traffic Control Signal	5	1	Incapacitating	NA	41.82339	-71.4242	FALSE	FALSE	Atwells Avenue and Dean Street, Providence, RI, USA	Med High	Raw	NA	FALSE	41.82339	-71.4242	2021	December
369	2021-12-14	864850	17:20:00	Pedestrian	1	NA	FALSE	FALSE	1	WESTMINSTER ST	STOKES ST	2021-12-14	Two-Way , Not Divided	Dry	Dark - Lighted	Clear	Not a Collision Between Two Motor Vehicles in Transport	No	No Controls	2	0	No Injury	NA	41.81671	-71.44262	FALSE	FALSE	Westminster Street and Stokes Street, Providence, RI, USA	Med High	Raw	NA	FALSE	41.81671	-71.44262	2021	December
368	2021-12-17	869745	09:48:00	Bicycle	NA	1	FALSE	FALSE	1	BROADWAY	VALLEY ST	2022-03-01	Unknown	Dry	Daylight	Clear	Not a Collision Between Two Motor Vehicles in Transport	No	Traffic Control Signal	2	1	Pain Reported	NA	41.81684	-71.441	FALSE	FALSE	Broadway and Valley Street, Providence, RI, USA	Med	Raw	NA	FALSE	41.81684	-71.441	2021	December
366	2021-12-18	865034	01:15:00	Pedestrian	1	NA	FALSE	FALSE	1	WASHINGTON ST	DORRANCE ST	2021-12-18	One-Way Trafficway	Dry	Dark - Lighted	Clear	Not a Collision Between Two Motor Vehicles in Transport	Yes	Unknown	1	1	Pain Reported	NA	41.82447	-71.41274	FALSE	FALSE	Washington Street and Dorrance Street, Providence, RI, USA	Med High	Raw	NA	FALSE	41.82447	-71.41274	2021	December
367	2021-12-18	865091	18:47:00	Pedestrian	1	NA	FALSE	FALSE	1	PUBLIC ST	BROAD ST	2021-12-18	Two-Way , Not Divided	Wet	Dark - Lighted	Rain	Other	No	No Controls	2	1	Pain Reported	NA	41.8044	-71.41939	FALSE	FALSE	Public Street and Broad Street, Providence, RI, USA	Med High	Raw	NA	FALSE	41.8044	-71.41939	2021	December
363	2021-12-20	865167	10:15:00	Pedestrian	2	NA	FALSE	FALSE	1	GREENWICH ST	BUCKLIN ST	2021-12-20	Two-Way , Not Divided	Dry	Daylight	Clear	Not a Collision Between Two Motor Vehicles in Transport	No	Stop Signs	3	2	Pain Reported	NA	41.80232	-71.42765	FALSE	FALSE	Greenwich Street and Bucklin Street, Providence, RI, USA	Med High	Raw	NA	FALSE	41.80232	-71.42765	2021	December
364	2021-12-20	865191	19:04:00	Pedestrian	1	NA	FALSE	FALSE	1	academy ave	HEALTH AVE	2021-12-20	Two-Way, Divided, Unprotected (painted>4feet) Medium	Dry	Dark - Lighted	Clear	Other	Yes	No Controls	1	1	Pain Reported	NA	41.82775	-71.4438	FALSE	FALSE	Academy Ave and Health Ave, Providence, RI, USA	Med High	Raw	NA	FALSE	41.82775	-71.4438	2021	December
365	2021-12-20	865202	21:48:00	Pedestrian	1	NA	FALSE	FALSE	1	BELLEVUE AVE	CRANSTON ST	2021-12-20	Two-Way, Divided, Unprotected (painted>4feet) Medium	Dry	Dark - Lighted	Clear	Not a Collision Between Two Motor Vehicles in Transport	Yes	No Controls	1	1	Pain Reported	NA	41.8088	-71.43373	FALSE	FALSE	Bellevue Ave and Cranston Street, Providence, RI, USA	Med High	Raw	NA	FALSE	41.8088	-71.43373	2021	December
362	2021-12-21	865229	13:04:00	Pedestrian	1	NA	FALSE	FALSE	1	BROAD ST	BROAD ST	2021-12-21	Two-Way , Not Divided	Dry	Daylight	Cloudy	Not a Collision Between Two Motor Vehicles in Transport	Yes	Pavement Markings	1	1	Non-Incapacitating	NA	41.78805	-71.40335	FALSE	FALSE	Broad Street and Broad Street, Providence, RI, USA	Med	Unknown	distance greater than 100m	TRUE	NA	NA	2021	December
359	2021-12-22	865261	06:43:00	Pedestrian	1	NA	FALSE	FALSE	1	elmwood ave	CADILLAC DR	2021-12-22	Two-Way , Not Divided	Dry	Dawn	Clear	Other	No	No Controls	2	1	Pain Reported	NA	41.78916	-71.42126	FALSE	FALSE	Elmwood Ave and Cadillac Dr, Providence, RI, USA	Med High	Raw	NA	FALSE	41.78916	-71.42126	2021	December
360	2021-12-22	865287	17:38:00	Pedestrian	1	NA	FALSE	FALSE	1	90 Westminster Street	WEYBOSSET ST	2021-12-22	One-Way Trafficway	Dry	Dark - Lighted	Clear	Not a Collision Between Two Motor Vehicles in Transport	No	No Controls	2	1	Pain Reported	NA	41.82516	-71.40953	TRUE	FALSE	90 Westminster Street, Providence, RI, USA	High	Raw	NA	FALSE	41.82516	-71.40953	2021	December
361	2021-12-22	865295	17:54:00	Pedestrian	1	NA	FALSE	FALSE	1	51 SILVER SPRING ST	CHATHAM ST	2021-12-22	Two-Way , Not Divided	Dry	Dark - Lighted	Clear	Not a Collision Between Two Motor Vehicles in Transport	No	No Controls	2	1	Pain Reported	NA	41.84618	-71.41688	TRUE	FALSE	51 Silver Spring Street, Providence, RI, USA	High	Raw	NA	FALSE	41.84618	-71.41688	2021	December
357	2021-12-24	865378	23:42:00	Pedestrian	1	NA	FALSE	FALSE	1	SILVER LAKE AVE	UNION AVE	2021-12-24	Two-Way , Not Divided	Wet	Daylight	Cloudy	Not a Collision Between Two Motor Vehicles in Transport	No	Stop Signs	3	1	Non-Incapacitating	NA	41.80746	-71.45974	FALSE	FALSE	Silver Lake Ave and Union Ave, Providence, RI, USA	Med High	Raw	NA	FALSE	41.80746	-71.45974	2021	December
358	2021-12-24	865397	16:49:00	Pedestrian	1	NA	FALSE	FALSE	1	HAYES ST	FRANCIS ST	2021-12-24	Two-Way , Not Divided	Snow	Daylight	Snow	Not a Collision Between Two Motor Vehicles in Transport	No	Traffic Control Signal	2	0	No Injury	NA	41.8293	-71.41559	FALSE	FALSE	Hayes Street and Francis Street, Providence, RI, USA	Med High	Raw	NA	FALSE	41.8293	-71.41559	2021	December
356	2022-01-01	865747	01:24:00	Pedestrian	1	NA	FALSE	FALSE	1	ACORN ST	SPRUCE ST	2022-01-01	Two-Way , Not Divided	Wet	Dark - Lighted	Clear	Not a Collision Between Two Motor Vehicles in Transport	Yes	No Controls	1	1	Pain Reported	NA	41.82435	-71.42796	FALSE	FALSE	Acorn Street and Spruce Street, Providence, RI, USA	Med High	Raw	NA	FALSE	41.82435	-71.42796	2022	January
355	2022-01-05	865966	16:53:00	Pedestrian	1	NA	FALSE	FALSE	1	N MAIN ST	3RD ST	2022-01-05	Two-Way , Not Divided	Wet	Dark - Lighted	Sleet, Hail (Freezing Rain or Drizzle)	Not a Collision Between Two Motor Vehicles in Transport	Yes	Traffic Control Signal	1	0	No Injury	NA	41.85119	-71.40231	FALSE	FALSE	N Main Street and 3rd Street, Providence, RI, USA	Med	Raw	NA	FALSE	41.85119	-71.40231	2022	January
354	2022-01-10	866350	22:26:00	Pedestrian	1	NA	FALSE	FALSE	1	PLAINFIELD ST	PLAINFIELD ST	2022-01-10	Two-Way , Not Divided	Dry	Dark - Lighted	Clear	Not a Collision Between Two Motor Vehicles in Transport	No	No Controls	2	1	Pain Reported	NA	41.8146	-71.44679	FALSE	FALSE	Plainfield Street and Plainfield Street, Providence, RI, USA	Med	Unknown	distance greater than 100m	TRUE	NA	NA	2022	January
353	2022-01-14	866501	16:07:00	Pedestrian	1	NA	FALSE	FALSE	1	CAMBRIDGE ST	ACADEMY AVE	2022-01-14	Two-Way, Divided, Unprotected (painted>4feet) Medium	Dry	Daylight	Clear	Not a Collision Between Two Motor Vehicles in Transport	Yes	No Controls	2	1	Pain Reported	NA	41.8255	-71.44342	FALSE	FALSE	Cambridge Street and Academy Ave, Providence, RI, USA	Med High	Raw	NA	FALSE	41.8255	-71.44342	2022	January
352	2022-01-19	866716	17:42:00	Pedestrian	1	NA	FALSE	FALSE	1	BROADWAY	DEAN ST	2022-01-19	Two-Way , Not Divided	Dry	Dark - Lighted	Clear	Not a Collision Between Two Motor Vehicles in Transport	No	Traffic Control Signal	3	1	Pain Reported	NA	41.8214	-71.42253	FALSE	FALSE	Broadway and Dean Street, Providence, RI, USA	Med	Raw	NA	FALSE	41.8214	-71.42253	2022	January
350	2022-01-20	866738	14:40:00	Pedestrian	1	NA	FALSE	FALSE	1	CHARLES ST	BRANCH AVE	2022-01-20	Two-Way , Not Divided	Wet	Daylight	Cloudy	Not a Collision Between Two Motor Vehicles in Transport	No	No Controls	4	0	No Injury	NA	41.85069	-71.42004	FALSE	FALSE	Charles Street and Branch Ave, Providence, RI, USA	Med	Raw	NA	FALSE	41.85069	-71.42004	2022	January
351	2022-01-20	866740	15:44:00	Pedestrian	1	NA	FALSE	FALSE	1	36 POTTERS AVE	TEMPLE ST	2022-01-20	Two-Way , Not Divided	Wet	Daylight	Clear	Other	No	No Controls	3	1	Pain Reported	NA	41.80545	-71.40852	TRUE	FALSE	36 Potters Ave, Providence, RI, USA	High	Raw	NA	FALSE	41.80545	-71.40852	2022	January
349	2022-01-25	868006	21:18:00	Pedestrian	1	NA	FALSE	FALSE	1	STEEPLE ST	N MAIN ST	2022-01-25	One-Way Trafficway	Dry	Dark - Lighted	Clear	Not a Collision Between Two Motor Vehicles in Transport	No	Traffic Control Signal	3	1	Pain Reported	NA	41.82748	-71.40907	FALSE	FALSE	Steeple Street and N Main Street, Providence, RI, USA	Med	Raw	NA	FALSE	41.82748	-71.40907	2022	January
347	2022-01-27	868050	07:44:00	Pedestrian	1	NA	FALSE	FALSE	1	SMITH ST	CALVERLY ST	2022-01-27	Two-Way , Not Divided	Dry	Daylight	Clear	Not a Collision Between Two Motor Vehicles in Transport	No	No Controls	2	1	Pain Reported	NA	41.833	-71.42006	FALSE	FALSE	Smith Street and Calverly Street, Providence, RI, USA	Med High	Raw	NA	FALSE	41.833	-71.42006	2022	January
348	2022-01-27	868061	11:26:00	Other	NA	1	TRUE	FALSE	1	LLOYD AVE	TABER AVE	2022-01-27	Two-Way, Divided, Unprotected (painted>4feet) Medium	Dry	Daylight	Clear	Head-On (Front - to - Front)	No	Stop Signs	3	1	Pain Reported	NA	41.83385	-71.39245	FALSE	FALSE	Lloyd Ave and Taber Ave, Providence, RI, USA	Med High	Raw	NA	FALSE	41.83385	-71.39245	2022	January
346	2022-02-06	868664	15:53:00	Pedestrian	1	NA	FALSE	FALSE	1	375 RESERVOIR AVE	NA	2022-02-06	Unknown	Dry	Daylight	Clear	Not a Collision Between Two Motor Vehicles in Transport	No	No Controls	2	1	Pain Reported	NA	41.78809	-71.43165	TRUE	TRUE	375 Reservoir Ave, Providence, RI, USA	High	Raw	distance greater than 100m	TRUE	41.78809	-71.43165	2022	February
345	2022-02-07	868690	09:53:00	Pedestrian	1	NA	FALSE	FALSE	1	Harvest St	rIVER aVE	2022-02-07	Two-Way , Not Divided	Ice/Frost	Daylight	Cloudy	Not a Collision Between Two Motor Vehicles in Transport	Yes	Stop Signs	1	1	Pain Reported	2	NA	NA	FALSE	FALSE	Harvest Street and River Ave, Providence, RI, USA	Med High	Geocoded	raw coords null but geocoded coords found	TRUE	41.830978	-71.4373567	2022	February
344	2022-02-10	868807	14:05:00	Pedestrian	1	NA	FALSE	FALSE	1	POWER ST	HOPE ST	2022-02-10	Two-Way , Not Divided	Dry	Daylight	Clear	Not a Collision Between Two Motor Vehicles in Transport	No	Stop Signs	3	1	Pain Reported	NA	41.82318	-71.39705	FALSE	FALSE	Power Street and Hope Street, Providence, RI, USA	Med High	Raw	NA	FALSE	41.82318	-71.39705	2022	February
342	2022-02-11	868867	10:15:00	Pedestrian	1	NA	FALSE	FALSE	1	PLAIN ST	BLACKSTONE ST	2022-02-11	Unknown	Dry	Daylight	Clear	Not a Collision Between Two Motor Vehicles in Transport	No	No Controls	3	1	Pain Reported	NA	41.80939	-71.4109	FALSE	FALSE	Plain Street and Blackstone Street, Providence, RI, USA	Med High	Raw	NA	FALSE	41.80939	-71.4109	2022	February
343	2022-02-11	868901	19:31:00	Pedestrian	1	NA	FALSE	FALSE	1	WEYBOSSET ST	GREENE ST	2022-02-11	Two-Way , Not Divided	Dry	Dark - Not Lighted	Clear	Not a Collision Between Two Motor Vehicles in Transport	Yes	Pavement Markings	1	1	Pain Reported	NA	41.81936	-71.41495	FALSE	FALSE	Weybosset Street and Greene Street, Providence, RI, USA	Med	Raw	distance greater than 100m	TRUE	41.81936	-71.41495	2022	February
341	2022-02-12	868935	16:17:00	Bicycle	NA	1	FALSE	FALSE	1	CRANSTON ST	WAVERLY ST	2022-02-12	Two-Way , Not Divided	Dry	Daylight	Clear	Not a Collision Between Two Motor Vehicles in Transport	No	Pavement Markings	2	1	Pain Reported	NA	41.80832	-71.43454	FALSE	FALSE	Cranston Street and Waverly Street, Providence, RI, USA	Med High	Raw	NA	FALSE	41.80832	-71.43454	2022	February
339	2022-02-16	869166	00:25:00	Pedestrian	1	NA	FALSE	FALSE	1	Hope St	Olney St	2022-02-16	Two-Way , Not Divided	Dry	Dark - Lighted	Clear	Not a Collision Between Two Motor Vehicles in Transport	Yes	No Controls	4	1	Pain Reported	NA	NA	NA	FALSE	FALSE	Hope Street and Olney Street, Providence, RI, USA	Med High	Geocoded	raw coords null but geocoded coords found	TRUE	41.8357179	-71.4015677	2022	February
340	2022-02-16	869187	12:19:00	Pedestrian	1	NA	FALSE	FALSE	1	DOUGLAS AVE	VANDEWATER ST	2022-02-16	Two-Way , Not Divided	Dry	Daylight	Clear	Not a Collision Between Two Motor Vehicles in Transport	No	No Controls	2	1	Pain Reported	NA	41.849850000000004	-71.43339	FALSE	FALSE	Douglas Ave and Vandewater Street, Providence, RI, USA	Med High	Raw	NA	FALSE	41.849850000000004	-71.43339	2022	February
337	2022-02-17	869231	02:38:00	Pedestrian	1	NA	FALSE	FALSE	1	CRANSTON ST	ALTHEA ST	2022-02-17	Two-Way , Not Divided	Wet	Dark - Lighted	Clear	Not a Collision Between Two Motor Vehicles in Transport	Yes	No Controls	2	1	Incapacitating	NA	41.80742	-71.43535	FALSE	FALSE	Cranston Street and Althea Street, Providence, RI, USA	Med High	Raw	NA	FALSE	41.80742	-71.43535	2022	February
338	2022-02-17	869239	12:05:00	Pedestrian	1	NA	FALSE	FALSE	1	579 ATWELLS AVE	ATWELLS AVE	2022-02-17	Two-Way , Not Divided	Dry	Daylight	Clear	Not a Collision Between Two Motor Vehicles in Transport	No	No Controls	3	0	No Injury	NA	41.82447	-71.43641	TRUE	FALSE	579 Atwells Ave, Providence, RI, USA	High	Raw	NA	FALSE	41.82447	-71.43641	2022	February
336	2022-02-21	869360	13:01:00	Bicycle	NA	1	FALSE	FALSE	1	IRVING AVE	BLACKSTONE BLVD	2022-02-21	Two-Way , Not Divided	Dry	Daylight	Clear	Not a Collision Between Two Motor Vehicles in Transport	No	No Controls	2	0	No Injury	NA	41.83413	-71.3842	FALSE	FALSE	Irving Ave and Blackstone Blvd, Providence, RI, USA	Med High	Raw	NA	FALSE	41.83413	-71.3842	2022	February
335	2022-02-22	869403	20:00:00	Bicycle	NA	1	FALSE	FALSE	1	CHAD BROWN ST	ADMIRAL ST	2022-02-22	Two-Way , Not Divided	Wet	Dark - Lighted	Rain	Not a Collision Between Two Motor Vehicles in Transport	No	No Controls	3	0	No Injury	NA	41.84213	-71.42138	FALSE	FALSE	Chad Brown Street and Admiral Street, Providence, RI, USA	Med High	Raw	NA	FALSE	41.84213	-71.42138	2022	February
333	2022-02-23	869422	13:51:00	Pedestrian	1	NA	FALSE	FALSE	1	SMITH ST	RUGGLES ST	2022-02-23	Two-Way , Not Divided	Dry	Daylight	Clear	Not a Collision Between Two Motor Vehicles in Transport	No	Stop Signs	2	1	Non-Incapacitating	NA	41.83616	-71.42827	FALSE	FALSE	Smith Street and Ruggles Street, Providence, RI, USA	Med High	Raw	NA	FALSE	41.83616	-71.42827	2022	February
334	2022-02-23	869438	14:45:00	Bicycle	NA	1	FALSE	FALSE	1	393 Prarie Avenue	NA	2022-02-23	Two-Way , Not Divided	Dry	Daylight	Clear	Sidwswipe, Opposite Direction	Yes	No Controls	1	1	Pain Reported	NA	41.81403	-71.40623	TRUE	TRUE	393 Prarie Avenue, Providence, RI, USA	High	Geocoded	distance greater than 100m	TRUE	41.8034309	-71.4141359	2022	February
331	2022-02-26	869570	13:41:00	Pedestrian	1	NA	FALSE	FALSE	1	Brown St	Angel St	2022-02-26	Two-Way , Not Divided	Wet	Daylight	Clear	Not a Collision Between Two Motor Vehicles in Transport	Yes	Stop Signs	1	1	Pain Reported	2	NA	NA	FALSE	FALSE	Brown Street and Angel Street, Providence, RI, USA	Med High	Neither	raw coords null but geocoded coords found	TRUE	41.82791	-71.40318	2022	February
332	2022-02-26	869580	20:55:00	Pedestrian	1	NA	FALSE	FALSE	1	MEMORIAL BLVD	FRANCIS ST	2022-02-26	Two-Way , Not Divided	Dry	Dark - Lighted	Clear	Not a Collision Between Two Motor Vehicles in Transport	Yes	Traffic Control Signal	2	1	Pain Reported	NA	41.8259	-71.41535	FALSE	FALSE	Memorial Blvd and Francis Street, Providence, RI, USA	Med High	Raw	NA	FALSE	41.8259	-71.41535	2022	February
330	2022-02-28	869677	19:03:00	Pedestrian	1	NA	FALSE	FALSE	1	NORTH MAIN STREET	CYPRESS ST	2022-02-28	Two-Way, Divided, Positive Median Barrier	Dry	Dark - Lighted	Clear	Not a Collision Between Two Motor Vehicles in Transport	No	Traffic Control Signal	3	0	No Injury	NA	41.84197	-71.40783	FALSE	FALSE	North Main Street and Cypress Street, Providence, RI, USA	Med	Raw	NA	FALSE	41.84197	-71.40783	2022	February