row_number	crash_date	crash_report_id	crash_time	collision_type	count_pedestrian	count_bicycle	scooter	wheel_chair	number_of_vehicles	street_or_highway	nearest_intersection	report_date	type_of_roadway	road_surface_condition	light_condition	weather_condition	manner_of_impact	hit_and_run	traffic_control	person_count	injury_count	most_serious_injury	number_of_lanes	lat_raw	lon_raw	has_st_number	is_intersection_null	address_sent_to_geocoder	api_coord_conf	best_coordinate_set	reason_for_qa	manually_qaed_record	final_lat	final_lon	year	month
266	2022-06-10	876998	15:38:00	Bicycle	NA	1	FALSE	FALSE	1	Smith and Canal St	SMITH ST	2022-06-10	Two-Way , Not Divided	Dry	Daylight	Clear	Angle (Front - to - Side) Opposite Direction	No	No Controls	2	1	Non-Incapacitating	NA	41.83108	-71.4113	FALSE	FALSE	Smith And Canal Street and Smith Street, Providence, RI, USA	Med	Raw	NA	FALSE	41.83108	-71.4113	2022	June
264	2022-06-11	877034	12:55:00	Bicycle	NA	1	FALSE	FALSE	1	POINT ST	PRAIRIE AVE	2022-06-11	One-Way Trafficway	Dry	Daylight	Clear	Not a Collision Between Two Motor Vehicles in Transport	Yes	No Controls	1	1	Pain Reported	NA	41.81457	-71.41507	FALSE	FALSE	Point Street and Prairie Ave, Providence, RI, USA	Med High	Raw	NA	FALSE	41.81457	-71.41507	2022	June
262	2022-06-12	877060	09:48:00	Pedestrian	1	NA	FALSE	FALSE	1	981 BROAD ST	SUMTER ST	2022-06-12	Two-Way , Not Divided	Dry	Daylight	Clear	Not a Collision Between Two Motor Vehicles in Transport	No	No Controls	2	1	Pain Reported	NA	41.79776	-71.41414	TRUE	FALSE	981 Broad Street, Providence, RI, USA	High	Raw	NA	FALSE	41.79776	-71.41414	2022	June
263	2022-06-12	877069	16:32:00	Bicycle	NA	1	FALSE	FALSE	1	MURRAY ST	SIBYL ST	2022-06-12	Two-Way , Not Divided	Dry	Daylight	Clear	Not a Collision Between Two Motor Vehicles in Transport	No	No Controls	2	1	Pain Reported	NA	41.80873	-71.45947	FALSE	FALSE	Murray Street and Sibyl Street, Providence, RI, USA	Med High	Raw	NA	FALSE	41.80873	-71.45947	2022	June
261	2022-06-13	877114	19:35:00	Bicycle	NA	1	FALSE	FALSE	1	NORTH AVE	BLACKSTONE BLVD	2022-06-13	One-Way Trafficway	Dry	Daylight	Clear	Not a Collision Between Two Motor Vehicles in Transport	No	No Controls	4	1	Non-Incapacitating	NA	41.85415	-71.39026	FALSE	FALSE	North Ave and Blackstone Blvd, Providence, RI, USA	Med High	Raw	NA	FALSE	41.85415	-71.39026	2022	June
258	2022-06-14	877136	08:43:00	Pedestrian	1	NA	FALSE	FALSE	1	CHALKSTONE AVENUE	ACADEMY AVENUE	2022-06-14	Two-Way , Not Divided	Dry	Daylight	Clear	Not a Collision Between Two Motor Vehicles in Transport	No	Traffic Control Signal	2	0	No Injury	NA	41.82422	-71.43364	FALSE	FALSE	Chalkstone Avenue and Academy Avenue, Providence, RI, USA	Med High	Geocoded	distance greater than 100m	TRUE	41.8324538	-71.4445249	2022	June
259	2022-06-14	877137	11:30:00	Pedestrian	1	NA	FALSE	FALSE	1	PLAIN ST	BLACKSTONE ST	2022-06-14	Unknown	Dry	Daylight	Clear	Not a Collision Between Two Motor Vehicles in Transport	No	No Controls	3	1	Non-Incapacitating	NA	41.80942	-71.41091	FALSE	FALSE	Plain Street and Blackstone Street, Providence, RI, USA	Med High	Raw	NA	FALSE	41.80942	-71.41091	2022	June
260	2022-06-14	877144	15:34:00	Pedestrian	1	NA	FALSE	FALSE	1	HANNAH ST	ATWELLS AVE	2022-06-14	Unknown	Dry	Daylight	Clear	Other	Yes	No Controls	1	1	Pain Reported	NA	41.82506	-71.44863	FALSE	FALSE	Hannah Street and Atwells Ave, Providence, RI, USA	Med High	Raw	NA	FALSE	41.82506	-71.44863	2022	June
256	2022-06-20	877362	16:42:00	Bicycle	NA	1	FALSE	FALSE	1	NORTH MAIN ST	EVERGREEN ST	2022-06-20	Two-Way , Not Divided	Dry	Daylight	Clear	Not a Collision Between Two Motor Vehicles in Transport	No	Pavement Markings	2	1	Non-Incapacitating	NA	41.84488	-71.40615	FALSE	FALSE	North Main Street and Evergreen Street, Providence, RI, USA	Med	Raw	NA	FALSE	41.84488	-71.40615	2022	June
257	2022-06-20	877364	18:01:00	Bicycle	NA	1	TRUE	FALSE	1	HOPE ST	WILLIAMS ST	2022-06-20	Two-Way, Divided, Unprotected (painted>4feet) Medium	Dry	Daylight	Clear	Not a Collision Between Two Motor Vehicles in Transport	No	Stop Signs	3	1	Pain Reported	NA	41.82254	-71.39682	FALSE	FALSE	Hope Street and Williams Street, Providence, RI, USA	Med High	Raw	NA	FALSE	41.82254	-71.39682	2022	June
255	2022-06-22	877418	12:49:00	Pedestrian	1	NA	FALSE	FALSE	1	81 WASHINGTON ST	CLEMENCE ST	2022-06-22	Two-Way , Not Divided	Dry	Daylight	Clear	Not a Collision Between Two Motor Vehicles in Transport	Yes	Pavement Markings	1	1	Pain Reported	NA	41.82346	-71.4142	TRUE	FALSE	81 Washington Street, Providence, RI, USA	High	Raw	NA	FALSE	41.82346	-71.4142	2022	June
254	2022-06-23	877447	11:12:00	Bicycle	NA	1	FALSE	FALSE	1	Congress Ave	HAMILTON ST	2022-06-23	Two-Way , Not Divided	Dry	Daylight	Clear	Not a Collision Between Two Motor Vehicles in Transport	No	Stop Signs	2	1	Pain Reported	NA	41.79994	-71.42156	FALSE	FALSE	Congress Ave and Hamilton Street, Providence, RI, USA	Med High	Raw	NA	FALSE	41.79994	-71.42156	2022	June
253	2022-06-24	877485	01:41:00	Pedestrian	1	NA	FALSE	FALSE	1	Steeple St	CANAL ST	2022-06-24	One-Way Trafficway	Dry	Dark - Lighted	Clear	Not a Collision Between Two Motor Vehicles in Transport	No	Traffic Control Signal	2	0	No Injury	NA	41.82715	-71.40997	FALSE	FALSE	Steeple Street and Canal Street, Providence, RI, USA	Med High	Raw	NA	FALSE	41.82715	-71.40997	2022	June
252	2022-06-25	877546	13:48:00	Bicycle	NA	1	FALSE	FALSE	1	VALLEY STREET	NEWARK ST	2022-06-25	Two-Way, Divided, Unprotected (painted>4feet) Medium	Dry	Daylight	Clear	Not a Collision Between Two Motor Vehicles in Transport	Yes	No Controls	1	1	Pain Reported	NA	41.82531	-71.43927	FALSE	FALSE	Valley Street and Newark Street, Providence, RI, USA	Med High	Raw	NA	FALSE	41.82531	-71.43927	2022	June
251	2022-06-27	877627	20:56:00	Pedestrian	1	NA	FALSE	FALSE	1	CRANSTON ST	DEXTER ST	2022-06-27	Two-Way , Not Divided	Wet	Dark - Lighted	Clear	Not a Collision Between Two Motor Vehicles in Transport	Yes	No Controls	1	1	Pain Reported	NA	41.81284	-71.42912	FALSE	FALSE	Cranston Street and Dexter Street, Providence, RI, USA	Med High	Raw	NA	FALSE	41.81284	-71.42912	2022	June
250	2022-06-28	877641	11:36:00	Pedestrian	3	NA	FALSE	FALSE	1	Atwells Ave	Valley St	2022-06-28	Two-Way , Not Divided	Dry	Daylight	Clear	Not a Collision Between Two Motor Vehicles in Transport	No	Traffic Control Signal	6	1	Pain Reported	2	NA	NA	FALSE	FALSE	Atwells Ave and Valley Street, Providence, RI, USA	Med High	Geocoded	raw coords null but geocoded coords found	TRUE	41.8245768	-71.4394736	2022	June
248	2022-07-01	877794	14:22:00	Pedestrian	1	NA	FALSE	FALSE	1	HARTFORD AVE	HARTFORD AVE	2022-07-01	Two-Way, Divided, Unprotected (painted>4feet) Medium	Dry	Daylight	Clear	Not a Collision Between Two Motor Vehicles in Transport	No	No Controls	2	1	Pain Reported	NA	41.81889	-71.46093	FALSE	FALSE	Hartford Ave and Hartford Ave, Providence, RI, USA	Med	Unknown	distance greater than 100m	TRUE	NA	NA	2022	July
249	2022-07-01	877799	18:15:00	Pedestrian	1	NA	TRUE	FALSE	1	DEXTER ST	SPRAGUE ST	2022-07-01	Two-Way , Not Divided	Dry	Daylight	Clear	Not a Collision Between Two Motor Vehicles in Transport	No	No Controls	2	1	Pain Reported	NA	41.80987	-71.42838	FALSE	FALSE	Dexter Street and Sprague Street, Providence, RI, USA	Med High	Raw	NA	FALSE	41.80987	-71.42838	2022	July
246	2022-07-03	878869	18:47:00	Pedestrian	1	NA	FALSE	FALSE	1	ELMWOOD AVE	DABOLL ST	2022-07-03	Two-Way , Not Divided	Dry	Daylight	Clear	Not a Collision Between Two Motor Vehicles in Transport	Yes	No Controls	3	1	Pain Reported	NA	41.80409	-71.42558	FALSE	FALSE	Elmwood Ave and Daboll Street, Providence, RI, USA	Med High	Raw	NA	FALSE	41.80409	-71.42558	2022	July
247	2022-07-03	878930	15:43:00	Other	NA	NA	TRUE	FALSE	2	CUSTOM HOUSE ST	DYER ST	2022-07-05	One-Way Trafficway	Dry	Daylight	Clear	Not a Collision Between Two Motor Vehicles in Transport	Yes	No Controls	1	0	No Injury	1	41.82425	-71.40894	FALSE	FALSE	Custom House Street and Dyer Street, Providence, RI, USA	Med High	Raw	NA	FALSE	41.82425	-71.40894	2022	July
244	2022-07-05	878925	14:10:00	Bicycle	NA	1	FALSE	FALSE	1	Broadway	KNIGHT ST	2022-07-05	Two-Way, Divided, Unprotected (painted>4feet) Medium	Dry	Daylight	Clear	Not a Collision Between Two Motor Vehicles in Transport	No	No Controls	3	1	Pain Reported	NA	41.81991	-71.42888	FALSE	FALSE	Broadway and Knight Street, Providence, RI, USA	Med	Raw	NA	FALSE	41.81991	-71.42888	2022	July
245	2022-07-05	878927	15:57:00	Bicycle	NA	1	FALSE	FALSE	1	BUCKLIN ST	BELLEVUE AVE	2022-07-05	Two-Way , Not Divided	Dry	Daylight	Cloudy	Not a Collision Between Two Motor Vehicles in Transport	No	Pavement Markings	3	1	Pain Reported	NA	41.80724	-71.42787	FALSE	FALSE	Bucklin Street and Bellevue Ave, Providence, RI, USA	Med High	Raw	NA	FALSE	41.80724	-71.42787	2022	July
241	2022-07-06	878944	17:30:00	Bicycle	NA	1	FALSE	FALSE	1	WESTMINSTER ST	COURTLAND ST	2022-07-06	Two-Way , Not Divided	Dry	Daylight	Clear	Sideswipe, Same Direction	No	No Controls	2	1	Pain Reported	NA	41.81669	-71.43043	FALSE	FALSE	Westminster Street and Courtland Street, Providence, RI, USA	Med High	Raw	NA	FALSE	41.81669	-71.43043	2022	July
242	2022-07-06	878953	14:48:00	Bicycle	NA	1	FALSE	FALSE	1	EAGLE ST	VALLEY ST	2022-07-06	Two-Way , Not Divided	Dry	Daylight	Clear	Not a Collision Between Two Motor Vehicles in Transport	No	No Controls	2	1	Pain Reported	NA	41.82703	-71.43611	FALSE	FALSE	Eagle Street and Valley Street, Providence, RI, USA	Med High	Raw	NA	FALSE	41.82703	-71.43611	2022	July
243	2022-07-06	881461	19:41:00	Other	NA	NA	TRUE	FALSE	2	HARTFORD AVE	HARTFORD AVE	2022-09-26	Two-Way, Divided, Unprotected (painted>4feet) Medium	Dry	Daylight	Clear	Sideswipe, Same Direction	No	Stop Signs	4	0	No Injury	NA	41.81835	-71.45738	FALSE	FALSE	Hartford Ave and Hartford Ave, Providence, RI, USA	Med	Unknown	distance greater than 100m	TRUE	NA	NA	2022	July
240	2022-07-12	879080	06:33:00	Other	1	NA	TRUE	FALSE	1	Canal St/ Steeple St	CANAL ST	2022-07-12	One-Way Trafficway	Dry	Daylight	Clear	Not a Collision Between Two Motor Vehicles in Transport	No	Traffic Control Signal	2	1	Incapacitating	NA	41.82718	-71.40991	FALSE	FALSE	Canal St/ Steeple Street and Canal Street, Providence, RI, USA	Med High	Raw	NA	FALSE	41.82718	-71.40991	2022	July
239	2022-07-13	879112	01:41:00	Pedestrian	1	NA	FALSE	FALSE	1	COMMODORE ST	BRANCH AVE	2022-07-13	Two-Way, Divided, Unprotected (painted>4feet) Medium	Wet	Dark - Lighted	Cloudy	Not a Collision Between Two Motor Vehicles in Transport	Yes	Pavement Markings	2	1	Pain Reported	NA	41.84955	-71.41837	FALSE	FALSE	Commodore Street and Branch Ave, Providence, RI, USA	Med High	Raw	NA	FALSE	41.84955	-71.41837	2022	July
237	2022-07-14	879154	16:26:00	Pedestrian	1	NA	TRUE	FALSE	1	WICKENDEN ST	Wickenden St	2022-07-14	Two-Way , Not Divided	Dry	Daylight	Clear	Not a Collision Between Two Motor Vehicles in Transport	No	Traffic Control Signal	2	0	No Injury	NA	41.81893	-71.40082	FALSE	FALSE	Wickenden Street and Wickenden Street, Providence, RI, USA	Med	Unknown	distance greater than 100m	TRUE	NA	NA	2022	July
238	2022-07-14	879158	15:55:00	Bicycle	NA	1	FALSE	FALSE	1	INDUSTRIAL DR	N MAIN ST	2022-07-14	Two-Way, Divided, Positive Median Barrier	Dry	Daylight	Clear	Not a Collision Between Two Motor Vehicles in Transport	No	Traffic Control Signal	2	1	Pain Reported	NA	41.84063	-71.40872	FALSE	FALSE	Industrial Dr and N Main Street, Providence, RI, USA	Med	Raw	NA	FALSE	41.84063	-71.40872	2022	July
235	2022-07-15	879206	18:04:00	Bicycle	NA	1	FALSE	FALSE	1	PUBLIC ST	GORDON AVE	2022-07-15	Two-Way , Not Divided	Dry	Daylight	Clear	Not a Collision Between Two Motor Vehicles in Transport	No	No Controls	4	1	Pain Reported	NA	41.80519	-71.41634	FALSE	FALSE	Public Street and Gordon Ave, Providence, RI, USA	Med High	Raw	NA	FALSE	41.80519	-71.41634	2022	July
236	2022-07-15	879219	21:53:00	Pedestrian	1	NA	FALSE	FALSE	1	WARRINGTON ST	BROAD STREET	2022-07-15	Two-Way, Divided, Unprotected (painted>4feet) Medium	Dry	Dark - Lighted	Cloudy	Not a Collision Between Two Motor Vehicles in Transport	Yes	No Controls	6	1	Incapacitating	NA	41.79667	-71.41277	FALSE	FALSE	Warrington Street and Broad Street, Providence, RI, USA	Med High	Raw	NA	FALSE	41.79667	-71.41277	2022	July
233	2022-07-16	879257	21:23:00	Pedestrian	1	NA	FALSE	FALSE	1	ATWELLS AVE	CUTLER ST	2022-07-16	Two-Way, Divided, Positive Median Barrier	Dry	Dark - Lighted	Cloudy	Not a Collision Between Two Motor Vehicles in Transport	No	No Controls	4	1	Incapacitating	NA	41.82468	-71.44157	FALSE	FALSE	Atwells Ave and Cutler Street, Providence, RI, USA	Med High	Raw	NA	FALSE	41.82468	-71.44157	2022	July
234	2022-07-16	879259	01:41:00	Pedestrian	1	NA	FALSE	FALSE	1	UNION AVE	CUMERFORD ST	2022-07-16	Two-Way , Not Divided	Dry	Dark - Lighted	Clear	Not a Collision Between Two Motor Vehicles in Transport	Yes	Traffic Control Signal	2	1	Pain Reported	NA	41.80796	-71.44322	FALSE	FALSE	Union Ave and Cumerford Street, Providence, RI, USA	Med High	Raw	NA	FALSE	41.80796	-71.44322	2022	July
232	2022-07-18	879312	09:55:00	Pedestrian	1	NA	FALSE	FALSE	1	BRANCH AVE	HAWKINS ST	2022-07-18	Two-Way , Not Divided	Dry	Daylight	Clear	Not a Collision Between Two Motor Vehicles in Transport	Yes	Traffic Control Signal	1	1	Pain Reported	NA	41.85096	-71.42157	FALSE	FALSE	Branch Ave and Hawkins Street, Providence, RI, USA	Med High	Raw	NA	FALSE	41.85096	-71.42157	2022	July
230	2022-07-22	879425	13:01:00	Pedestrian	1	NA	FALSE	FALSE	1	280 Atwells Ave	CROUT ST	2022-07-22	Unknown	Dry	Daylight	Clear	Not a Collision Between Two Motor Vehicles in Transport	Yes	No Controls	1	1	Pain Reported	NA	41.82364	-71.42752	TRUE	FALSE	280 Atwells Ave, Providence, RI, USA	High	Raw	NA	FALSE	41.82364	-71.42752	2022	July
231	2022-07-22	879450	23:55:00	Pedestrian	1	NA	FALSE	FALSE	1	Oxford Street	FRENCH ST	2022-07-23	Two-Way, Divided, Positive Median Barrier	Dry	Dark - Lighted	Clear	Not a Collision Between Two Motor Vehicles in Transport	Yes	No Controls	2	1	Pain Reported	NA	41.80261	-71.40879	FALSE	FALSE	Oxford Street and French Street, Providence, RI, USA	Med High	Raw	NA	FALSE	41.80261	-71.40879	2022	July
229	2022-07-24	879505	21:24:00	Pedestrian	1	NA	TRUE	FALSE	1	DETROIT AVE	Broad Street	2022-07-24	Two-Way , Not Divided	Dry	Dark - Lighted	Clear	Not a Collision Between Two Motor Vehicles in Transport	No	Stop Signs	3	1	Pain Reported	NA	41.79439	-71.40993	FALSE	FALSE	Detroit Ave and Broad Street, Providence, RI, USA	Med High	Raw	NA	FALSE	41.79439	-71.40993	2022	July
228	2022-07-27	879609	16:36:00	Pedestrian	1	NA	FALSE	FALSE	1	WICKENDEN ST	BROOK ST	2022-07-27	Two-Way , Not Divided	Dry	Daylight	Clear	Not a Collision Between Two Motor Vehicles in Transport	Yes	Traffic Control Signal	2	0	No Injury	NA	41.81947	-71.3984	FALSE	FALSE	Wickenden Street and Brook Street, Providence, RI, USA	Med High	Raw	NA	FALSE	41.81947	-71.3984	2022	July
227	2022-07-28	879638	19:26:00	Bicycle	NA	1	FALSE	FALSE	1	HOPE ST	STIMSON AVE	2022-07-28	Two-Way , Not Divided	Dry	Dusk	Clear	Not a Collision Between Two Motor Vehicles in Transport	No	No Controls	2	0	No Injury	NA	41.82942	-71.3982	FALSE	FALSE	Hope Street and Stimson Ave, Providence, RI, USA	Med High	Raw	NA	FALSE	41.82942	-71.3982	2022	July
226	2022-07-29	879658	14:58:00	Pedestrian	1	NA	FALSE	FALSE	1	CORLISS ST	CHARLES ST	2022-07-29	Two-Way , Not Divided	Dry	Daylight	Clear	Not a Collision Between Two Motor Vehicles in Transport	No	No Controls	4	1	Pain Reported	NA	41.83813	-71.41443	FALSE	FALSE	Corliss Street and Charles Street, Providence, RI, USA	Med High	Raw	NA	FALSE	41.83813	-71.41443	2022	July
225	2022-07-30	879688	19:13:00	Bicycle	NA	1	TRUE	FALSE	1	TABER AVE	VILLA AVE	2022-07-30	Two-Way, Divided, Unprotected (painted>4feet) Medium	Dry	Daylight	Clear	Not a Collision Between Two Motor Vehicles in Transport	No	No Controls	2	1	Pain Reported	NA	41.8301	-71.39115	FALSE	FALSE	Taber Ave and Villa Ave, Providence, RI, USA	Med High	Raw	NA	FALSE	41.8301	-71.39115	2022	July
224	2022-08-01	879744	22:42:00	Bicycle	NA	1	FALSE	FALSE	1	DOVER ST	CARLETON ST	2022-08-01	Two-Way , Not Divided	Dry	Dark - Lighted	Clear	Not a Collision Between Two Motor Vehicles in Transport	No	Stop Signs	3	1	Pain Reported	NA	41.82974	-71.44763	FALSE	FALSE	Dover Street and Carleton Street, Providence, RI, USA	Med High	Raw	NA	FALSE	41.82974	-71.44763	2022	August
223	2022-08-02	879750	11:42:00	Pedestrian	1	NA	FALSE	FALSE	1	HARTFORD AVE	EDNA ST	2022-08-02	Two-Way , Not Divided	Dry	Daylight	Clear	Not a Collision Between Two Motor Vehicles in Transport	No	Pavement Markings	2	1	Pain Reported	NA	41.81686	-71.44563	FALSE	FALSE	Hartford Ave and Edna Street, Providence, RI, USA	Med High	Raw	NA	FALSE	41.81686	-71.44563	2022	August
220	2022-08-05	879811	06:19:00	Pedestrian	1	NA	FALSE	FALSE	1	GRIMWOOD ST	OPHELIA ST	2022-08-05	Two-Way , Not Divided	Dry	Daylight	Clear	Not a Collision Between Two Motor Vehicles in Transport	Yes	No Controls	1	1	Pain Reported	NA	41.82281	-71.46316	FALSE	FALSE	Grimwood Street and Ophelia Street, Providence, RI, USA	Med High	Raw	NA	FALSE	41.82281	-71.46316	2022	August
221	2022-08-05	879831	18:02:00	Other	NA	NA	TRUE	FALSE	2	Washington St	UNION ST	2022-08-05	Two-Way , Not Divided	Dry	Daylight	Clear	Sideswipe, Same Direction	No	No Controls	2	1	Non-Incapacitating	NA	41.8236	-71.414	FALSE	FALSE	Washington Street and Union Street, Providence, RI, USA	Med	Raw	NA	FALSE	41.8236	-71.414	2022	August
222	2022-08-05	879838	22:40:00	Pedestrian	1	NA	FALSE	FALSE	1	Charles Street	HAWKINS ST	2022-08-05	Two-Way , Not Divided	Dry	Dark - Lighted	Clear	Not a Collision Between Two Motor Vehicles in Transport	Yes	Stop Signs	3	1	Pain Reported	NA	41.8514	-71.42016	FALSE	FALSE	Charles Street and Hawkins Street, Providence, RI, USA	Med	Raw	NA	FALSE	41.8514	-71.42016	2022	August
219	2022-08-06	879852	13:33:00	Pedestrian	1	NA	FALSE	FALSE	1	POTTERS AVE	BAXTER ST	2022-08-06	Two-Way , Not Divided	Dry	Daylight	Clear	Not a Collision Between Two Motor Vehicles in Transport	No	Stop Signs	4	1	Non-Incapacitating	NA	41.80352	-71.41662	FALSE	FALSE	Potters Ave and Baxter Street, Providence, RI, USA	Med High	Raw	NA	FALSE	41.80352	-71.41662	2022	August
218	2022-08-07	879875	10:23:00	Pedestrian	1	NA	FALSE	TRUE	1	993 Manton Avenue	993 Manton Avenue	2022-08-07	Two-Way , Not Divided	Dry	Daylight	Clear	Not a Collision Between Two Motor Vehicles in Transport	No	No Controls	2	1	Pain Reported	1	NA	NA	TRUE	FALSE	993 Manton Avenue, Providence, RI, USA	High	Neither	raw coords null but geocoded coords found	TRUE	41.83305	-71.47026	2022	August
217	2022-08-08	879899	01:42:00	Pedestrian	1	NA	FALSE	FALSE	1	257 ALLENS AVE	ALLENS AVE	2022-08-08	Two-Way, Divided, Positive Median Barrier	Dry	Dark - Lighted	Clear	Not a Collision Between Two Motor Vehicles in Transport	Yes	No Controls	3	1	Incapacitating	NA	41.80613	-71.40278	TRUE	FALSE	257 Allens Ave, Providence, RI, USA	High	Raw	NA	FALSE	41.80613	-71.40278	2022	August
216	2022-08-10	879964	15:05:00	Pedestrian	1	NA	FALSE	FALSE	1	BURLINGTON ST	HOPE ST	2022-08-10	Two-Way , Not Divided	Dry	Daylight	Clear	Not a Collision Between Two Motor Vehicles in Transport	Yes	Pavement Markings	1	1	Pain Reported	NA	41.84803	-71.3955	FALSE	FALSE	Burlington Street and Hope Street, Providence, RI, USA	Med High	Raw	NA	FALSE	41.84803	-71.3955	2022	August
215	2022-08-12	880209	17:34:00	Other	NA	1	TRUE	FALSE	1	584 SMITH ST	OAKLAND AVE	2022-08-18	Two-Way, Divided, Unprotected (painted>4feet) Medium	Dry	Daylight	Clear	Not a Collision Between Two Motor Vehicles in Transport	No	Traffic Control Signal	2	0	No Injury	NA	41.83624	-71.43048	TRUE	FALSE	584 Smith Street, Providence, RI, USA	High	Raw	NA	FALSE	41.83624	-71.43048	2022	August
214	2022-08-13	880051	16:08:00	Pedestrian	2	NA	TRUE	FALSE	1	EXCHANGE ST	WASHINGTON ST	2022-08-13	One-Way Trafficway	Dry	Daylight	Clear	Not a Collision Between Two Motor Vehicles in Transport	No	No Controls	4	0	No Injury	NA	41.82573	-71.41105	FALSE	FALSE	Exchange Street and Washington Street, Providence, RI, USA	Med High	Raw	NA	FALSE	41.82573	-71.41105	2022	August
212	2022-08-16	880161	19:51:00	Bicycle	NA	1	FALSE	FALSE	1	ELMWOOD AVE	ATLANTIC AVE	2022-08-16	Two-Way, Divided, Positive Median Barrier	Dry	Daylight	Clear	Not a Collision Between Two Motor Vehicles in Transport	No	No Controls	2	1	Pain Reported	NA	41.79653	-71.42535	FALSE	FALSE	Elmwood Ave and Atlantic Ave, Providence, RI, USA	Med High	Raw	NA	FALSE	41.79653	-71.42535	2022	August
213	2022-08-16	880162	17:48:00	Pedestrian	1	NA	FALSE	FALSE	1	NA	NA	2022-08-16	Two-Way , Not Divided	Dry	Daylight	Clear	Not a Collision Between Two Motor Vehicles in Transport	No	No Controls	3	1	Pain Reported	NA	NA	NA	NA	TRUE	NA, Providence, RI, USA	Med	Unknown	raw coords null but geocoded coords found	TRUE	NA	NA	2022	August
211	2022-08-17	880165	23:13:00	Pedestrian	1	NA	FALSE	FALSE	1	Cranston st	BENEDICT ST	2022-08-17	Two-Way , Not Divided	Dry	Dark - Lighted	Clear	Not a Collision Between Two Motor Vehicles in Transport	Yes	No Controls	1	0	No Injury	NA	41.8054	-71.43733	FALSE	FALSE	Cranston Street and Benedict Street, Providence, RI, USA	Med High	Raw	NA	FALSE	41.8054	-71.43733	2022	August
210	2022-08-18	880233	23:03:00	Pedestrian	1	NA	FALSE	FALSE	1	Broad Street	SERVICE ROAD 7	2022-08-19	Two-Way , Not Divided	Dry	Dark - Lighted	Clear	Not a Collision Between Two Motor Vehicles in Transport	Yes	Traffic Control Signal	2	1	Fatal	NA	41.81736	-71.41696	FALSE	FALSE	Broad Street and Service Road 7, Providence, RI, USA	Med	Raw	NA	FALSE	41.81736	-71.41696	2022	August
209	2022-08-19	880263	22:48:00	Bicycle	NA	1	FALSE	FALSE	1	S COURT ST	BENEFIT ST	2022-08-19	Two-Way , Not Divided	Dry	Dark - Lighted	Cloudy	Not a Collision Between Two Motor Vehicles in Transport	No	Stop Signs	2	1	Non-Incapacitating	NA	41.82904	-71.40838	FALSE	FALSE	S Court Street and Benefit Street, Providence, RI, USA	Med High	Raw	NA	FALSE	41.82904	-71.40838	2022	August
208	2022-08-23	880345	09:42:00	Pedestrian	1	NA	FALSE	FALSE	1	RIVER AVE	ADMIRAL ST	2022-08-23	Two-Way, Divided, Unprotected (painted>4feet) Medium	Dry	Daylight	Clear	Not a Collision Between Two Motor Vehicles in Transport	No	Traffic Control Signal	4	1	Non-Incapacitating	2	41.8492	-71.43894	FALSE	FALSE	River Ave and Admiral Street, Providence, RI, USA	Med High	Raw	distance greater than 100m	TRUE	41.8492	-71.43894	2022	August
207	2022-08-24	880389	12:35:00	Bicycle	NA	1	FALSE	FALSE	1	Francis St	Memorial Blvd	2022-08-24	Two-Way , Not Divided	Dry	Daylight	Clear	Not a Collision Between Two Motor Vehicles in Transport	No	Traffic Control Signal	3	0	No Injury	3	NA	NA	FALSE	FALSE	Francis Street and Memorial Blvd, Providence, RI, USA	Med	Geocoded	raw coords null but geocoded coords found	TRUE	41.8258972	-71.4153893	2022	August
204	2022-08-25	880431	18:51:00	Pedestrian	1	NA	FALSE	FALSE	1	890 Douglas Ave	RIVER AVE	2022-08-25	Unknown	Dry	Daylight	Clear	Not a Collision Between Two Motor Vehicles in Transport	No	No Controls	2	1	Pain Reported	NA	41.8527	-71.43707	TRUE	FALSE	890 Douglas Ave, Providence, RI, USA	High	Raw	NA	FALSE	41.8527	-71.43707	2022	August
205	2022-08-25	880432	18:26:00	Bicycle	NA	1	FALSE	FALSE	1	Westminster St.	BAINBRIDGE AVE	2022-08-25	Two-Way , Not Divided	Dry	Daylight	Clear	Not a Collision Between Two Motor Vehicles in Transport	No	No Controls	2	1	Pain Reported	NA	41.81608	-71.43539	FALSE	FALSE	Westminster St. and Bainbridge Ave, Providence, RI, USA	Med High	Raw	NA	FALSE	41.81608	-71.43539	2022	August
206	2022-08-25	880442	22:50:00	Pedestrian	1	NA	FALSE	FALSE	1	955 Atwells Ave	HANNAH ST	2022-08-25	Two-Way , Not Divided	Dry	Dark - Lighted	Clear	Not a Collision Between Two Motor Vehicles in Transport	Yes	Unknown	1	1	Pain Reported	NA	41.82507	-71.44878	TRUE	FALSE	955 Atwells Ave, Providence, RI, USA	High	Raw	NA	FALSE	41.82507	-71.44878	2022	August
203	2022-08-26	880458	15:44:00	Other	NA	1	TRUE	FALSE	1	BROAD ST	BROAD ST	2022-08-26	Two-Way , Not Divided	Dry	Daylight	Cloudy	Not a Collision Between Two Motor Vehicles in Transport	No	No Controls	2	1	Pain Reported	NA	41.80263	-71.41881	FALSE	FALSE	Broad Street and Broad Street, Providence, RI, USA	Med	Unknown	distance greater than 100m	TRUE	NA	NA	2022	August