row_number	crash_date	crash_report_id	crash_time	collision_type	count_pedestrian	count_bicycle	scooter	wheel_chair	number_of_vehicles	street_or_highway	nearest_intersection	report_date	type_of_roadway	road_surface_condition	light_condition	weather_condition	manner_of_impact	hit_and_run	traffic_control	person_count	injury_count	most_serious_injury	number_of_lanes	lat_raw	lon_raw	has_st_number	is_intersection_null	address_sent_to_geocoder	api_coord_conf	best_coordinate_set	reason_for_qa	manually_qaed_record	final_lat	final_lon	year	month
16	2023-03-27	892318	12:51:00	Bicycle	NA	1	FALSE	FALSE	1	8TH ST	SUMMIT AVE	2023-03-27	Two-Way , Not Divided	Dry	Daylight	Clear	Other	No	Stop Signs	2	1	Non-Incapacitating	NA	41.85973	-71.47173	FALSE	FALSE	8th Street and Summit Ave, Providence, RI, USA	Med	Geocoded	distance greater than 100m	TRUE	41.8529519	-71.396806	2023	March
14	2023-03-28	892328	23:39:00	Pedestrian	1	NA	FALSE	FALSE	1	ATWELLS AVE	ACADEMY AVE	2023-03-28	Two-Way, Divided, Unprotected (painted>4feet) Medium	Wet	Dark - Lighted	Rain	Not a Collision Between Two Motor Vehicles in Transport	No	Traffic Control Signal	3	1	Incapacitating	NA	41.82478	-71.44342	FALSE	FALSE	Atwells Ave and Academy Ave, Providence, RI, USA	Med High	Raw	NA	FALSE	41.82478	-71.44342	2023	March
15	2023-03-28	892346	17:06:00	Other	1	NA	TRUE	FALSE	1	WESTMINSTER ST	WEYBOSSET ST	2023-03-28	Two-Way , Not Divided	Dry	Daylight	Clear	Not a Collision Between Two Motor Vehicles in Transport	No	No Controls	3	1	Pain Reported	NA	41.82509	-71.40964	FALSE	FALSE	Westminster Street and Weybosset Street, Providence, RI, USA	Med High	Raw	NA	FALSE	41.82509	-71.40964	2023	March
1	2023-04-01	892461	22:28:00	Pedestrian	1	NA	FALSE	FALSE	1	Providence Place	Harris Ave	2023-04-01	One-Way Trafficway	Dry	Dark - Not Lighted	Clear	Not a Collision Between Two Motor Vehicles in Transport	No	No Controls	2	1	Pain Reported	NA	41.82779	-71.41904	FALSE	FALSE	Providence Place and Harris Ave, Providence, RI, USA	NA	Raw	NA	FALSE	41.82779	-71.41904	2023	April
2	2023-04-04	892611	15:37:00	Pedestrian	1	NA	FALSE	FALSE	1	GANO ST	ANGELL ST	2023-04-04	Two-Way , Not Divided	Dry	Daylight	Clear	Not a Collision Between Two Motor Vehicles in Transport	No	Traffic Control Signal	2	1	Non-Incapacitating	NA	41.82957	-71.39097	FALSE	FALSE	Gano Street and Angell Street, Providence, RI, USA	NA	Raw	NA	FALSE	41.82957	-71.39097	2023	April
3	2023-04-06	892716	13:12:00	Pedestrian	1	NA	FALSE	FALSE	1	PLEASANT ST	DAGGETT CT	2023-04-06	Two-Way , Not Divided	Dry	Daylight	Clear	Not a Collision Between Two Motor Vehicles in Transport	Yes	No Controls	1	1	Pain Reported	NA	41.83923	-71.40849	FALSE	FALSE	Pleasant Street and Daggett Ct, Providence, RI, USA	NA	Raw	NA	FALSE	41.83923	-71.40849	2023	April
4	2023-04-08	892777	02:07:00	Pedestrian	1	NA	FALSE	FALSE	1	BROAD ST	BROAD ST	2023-04-08	Two-Way, Divided, Unprotected (painted>4feet) Medium	Dry	Dark - Lighted	Clear	Not a Collision Between Two Motor Vehicles in Transport	Yes	No Controls	3	1	Pain Reported	NA	41.79151	-71.40636	FALSE	FALSE	Broad Street and Broad Street, Providence, RI, USA	NA	Unknown	distance greater than 100m	TRUE	NA	NA	2023	April
5	2023-04-10	892838	16:07:00	Bicycle	NA	1	FALSE	FALSE	1	CHARLES ST.	CHARLES ST	2023-04-10	Two-Way , Not Divided	Dry	Daylight	Clear	Not a Collision Between Two Motor Vehicles in Transport	No	No Controls	3	1	Pain Reported	NA	41.85302	-71.42041	FALSE	FALSE	Charles St. and Charles Street, Providence, RI, USA	NA	Unknown	distance greater than 100m	TRUE	NA	NA	2023	April
6	2023-04-11	892862	22:31:00	Pedestrian	1	NA	FALSE	FALSE	1	BROADWAY	KNIGHT ST	2023-04-11	Two-Way , Not Divided	Dry	Dark - Lighted	Clear	Not a Collision Between Two Motor Vehicles in Transport	No	Traffic Control Signal	2	1	Pain Reported	NA	41.81979	-71.42938	FALSE	FALSE	Broadway and Knight Street, Providence, RI, USA	NA	Raw	NA	FALSE	41.81979	-71.42938	2023	April
7	2023-04-12	892888	09:43:00	Pedestrian	1	NA	FALSE	FALSE	1	880 BROAD ST	OXFORD ST	2023-04-12	Two-Way , Not Divided	Dry	Daylight	Clear	Not a Collision Between Two Motor Vehicles in Transport	No	No Controls	5	1	Pain Reported	NA	41.80019	-71.41713	TRUE	FALSE	880 Broad Street, Providence, RI, USA	NA	Raw	NA	FALSE	41.80019	-71.41713	2023	April
8	2023-04-12	892906	18:53:00	Pedestrian	1	NA	FALSE	FALSE	2	Broad St	Byfield St	2023-04-12	Two-Way , Not Divided	Dry	Daylight	Clear	Not a Collision Between Two Motor Vehicles in Transport	No	No Controls	5	3	Non-Incapacitating	NA	41.79442	-71.40988	FALSE	FALSE	Broad Street and Byfield Street, Providence, RI, USA	NA	Raw	NA	FALSE	41.79442	-71.40988	2023	April
9	2023-04-14	893000	23:06:00	Pedestrian	1	NA	FALSE	FALSE	1	FILLMORE ST	ADMIRAL ST	2023-04-15	Two-Way, Divided, Unprotected (painted>4feet) Medium	Dry	Dark - Lighted	Clear	Not a Collision Between Two Motor Vehicles in Transport	Yes	No Controls	2	1	Non-Incapacitating	NA	41.84081	-71.41986	FALSE	FALSE	Fillmore Street and Admiral Street, Providence, RI, USA	NA	Raw	NA	FALSE	41.84081	-71.41986	2023	April
10	2023-04-15	893010	13:44:00	Pedestrian	1	NA	TRUE	FALSE	1	FOREST ST	CAMP ST	2023-04-15	Two-Way , Not Divided	Dry	Daylight	Clear	Not a Collision Between Two Motor Vehicles in Transport	No	No Controls	3	1	Non-Incapacitating	NA	41.84377	-71.40141	FALSE	FALSE	Forest Street and Camp Street, Providence, RI, USA	NA	Raw	NA	FALSE	41.84377	-71.40141	2023	April
11	2023-04-17	893070	13:07:00	Bicycle	NA	1	FALSE	FALSE	1	COLLEGE ST	S MAIN ST	2023-04-17	Two-Way , Not Divided	Wet	Daylight	Rain	Not a Collision Between Two Motor Vehicles in Transport	No	Pavement Markings	4	1	Pain Reported	NA	41.82578	-71.40745	FALSE	FALSE	College Street and S Main Street, Providence, RI, USA	NA	Raw	NA	FALSE	41.82578	-71.40745	2023	April
12	2023-04-18	893107	16:46:00	Pedestrian	1	NA	FALSE	FALSE	1	705 ELMWOOD AVE	LONGFELLOW ST	2023-04-18	Two-Way, Divided, Positive Median Barrier	Dry	Daylight	Clear	Not a Collision Between Two Motor Vehicles in Transport	No	No Controls	3	1	Pain Reported	NA	41.79067	-71.42219	TRUE	FALSE	705 Elmwood Ave, Providence, RI, USA	NA	Raw	distance greater than 100m	TRUE	41.79067	-71.42219	2023	April
13	2023-04-20	893182	19:33:00	Bicycle	NA	1	FALSE	FALSE	1	DABOLL ST	UPDIKE ST	2023-04-20	Two-Way , Not Divided	Dry	Dusk	Clear	Not a Collision Between Two Motor Vehicles in Transport	No	No Controls	2	1	Pain Reported	NA	41.80416	-71.42418	FALSE	FALSE	Daboll Street and Updike Street, Providence, RI, USA	NA	Geocoded	distance greater than 100m	TRUE	41.804229	-71.4224174	2023	April
14	2023-04-20	893158	12:05:00	Pedestrian	1	NA	FALSE	FALSE	1	W RIVER ST	CHARLES ST	2023-04-20	Two-Way , Not Divided	Dry	Daylight	Clear	Not a Collision Between Two Motor Vehicles in Transport	Yes	No Controls	1	1	Pain Reported	NA	41.83975	-71.41628	FALSE	FALSE	W River Street and Charles Street, Providence, RI, USA	NA	Raw	NA	FALSE	41.83975	-71.41628	2023	April
15	2023-04-21	893219	20:43:00	Bicycle	NA	1	FALSE	FALSE	1	FOREST ST	IVY ST	2023-04-21	Two-Way , Not Divided	Dry	Dark - Lighted	Clear	Not a Collision Between Two Motor Vehicles in Transport	No	Stop Signs	2	1	Non-Incapacitating	NA	41.84334	-71.39996	FALSE	FALSE	Forest Street and Ivy Street, Providence, RI, USA	NA	Raw	NA	FALSE	41.84334	-71.39996	2023	April
16	2023-04-27	893404	18:37:00	Pedestrian	1	NA	FALSE	FALSE	1	ADMIRAL STREET	HAWKINS ST	2023-04-27	Two-Way, Divided, Unprotected (painted>4feet) Medium	Dry	Daylight	Clear	Not a Collision Between Two Motor Vehicles in Transport	No	No Controls	2	0	No Injury	NA	41.84591	-71.42835	FALSE	FALSE	Admiral Street and Hawkins Street, Providence, RI, USA	NA	Raw	NA	FALSE	41.84591	-71.42835	2023	April
17	2023-04-28	893437	17:41:00	Pedestrian	1	NA	FALSE	FALSE	1	Academy Ave.	CHALKSTONE AVE	2023-04-28	Two-Way , Not Divided	Dry	Daylight	Clear	Not a Collision Between Two Motor Vehicles in Transport	No	Traffic Control Signal	3	1	Pain Reported	NA	41.8324	-71.44452	FALSE	FALSE	Academy Ave. and Chalkstone Ave, Providence, RI, USA	NA	Raw	NA	FALSE	41.8324	-71.44452	2023	April
18	2023-04-28	893429	17:12:00	Bicycle	NA	1	FALSE	FALSE	1	NORTH MAIN ST.	STEEPLE ST	2023-04-28	One-Way Trafficway	Dry	Daylight	Clear	Not a Collision Between Two Motor Vehicles in Transport	Yes	Traffic Control Signal	2	1	Pain Reported	NA	41.82749	-71.40907	FALSE	FALSE	North Main St. and Steeple Street, Providence, RI, USA	NA	Raw	NA	FALSE	41.82749	-71.40907	2023	April
19	2023-04-28	893425	10:06:00	Pedestrian	1	NA	TRUE	FALSE	1	WOODMAN ST	BUCKLIN ST	2023-04-28	Two-Way , Not Divided	Dry	Daylight	Clear	Not a Collision Between Two Motor Vehicles in Transport	No	Stop Signs	3	1	Pain Reported	NA	41.80846	-71.42772	FALSE	FALSE	Woodman Street and Bucklin Street, Providence, RI, USA	NA	Raw	NA	FALSE	41.80846	-71.42772	2023	April
20	2023-04-28	893435	20:06:00	Pedestrian	1	NA	FALSE	FALSE	1	ADMIRAL ST	CRANDALL ST	2023-04-28	Two-Way, Divided, Unprotected (painted>4feet) Medium	Dry	Dark - Lighted	Clear	Not a Collision Between Two Motor Vehicles in Transport	Yes	No Controls	2	1	Non-Incapacitating	NA	41.84957	-71.43987	FALSE	FALSE	Admiral Street and Crandall Street, Providence, RI, USA	NA	Raw	NA	FALSE	41.84957	-71.43987	2023	April
21	2023-04-29	893449	00:53:00	Pedestrian	1	NA	FALSE	FALSE	1	289 Atwells Avenue	CROUT ST	2023-04-29	Two-Way , Not Divided	Dry	Dark - Lighted	Clear	Not a Collision Between Two Motor Vehicles in Transport	No	No Controls	5	1	Incapacitating	NA	41.82364	-71.42753	TRUE	FALSE	289 Atwells Avenue, Providence, RI, USA	NA	Raw	NA	FALSE	41.82364	-71.42753	2023	April
22	2023-04-29	893472	21:53:00	Pedestrian	1	NA	FALSE	FALSE	1	EXCHANGE TERR	DORRANCE STREET	2023-04-29	Two-Way, Divided, Unprotected (painted>4feet) Medium	Wet	Dark - Lighted	Rain	Not a Collision Between Two Motor Vehicles in Transport	No	Traffic Control Signal	2	1	Incapacitating	NA	41.8248	-71.41439	FALSE	FALSE	Exchange Terr and Dorrance Street, Providence, RI, USA	NA	Raw	distance greater than 100m	TRUE	41.8248	-71.41439	2023	April
23	2023-04-29	893464	17:33:00	Pedestrian	1	NA	FALSE	FALSE	1	BROAD ST	CAHIR ST	2023-04-29	Two-Way , Not Divided	Dry	Daylight	Cloudy	Not a Collision Between Two Motor Vehicles in Transport	No	Traffic Control Signal	6	1	Pain Reported	NA	41.81692	-71.41795	FALSE	FALSE	Broad Street and Cahir Street, Providence, RI, USA	NA	Raw	NA	FALSE	41.81692	-71.41795	2023	April
24	2023-04-30	893480	01:51:00	Pedestrian	1	NA	FALSE	FALSE	1	OAKLAND AVE	SMITH ST	2023-04-30	Two-Way, Divided, Unprotected (painted>4feet) Medium	Wet	Dark - Lighted	Rain	Not a Collision Between Two Motor Vehicles in Transport	No	Traffic Control Signal	3	1	Non-Incapacitating	NA	41.83621	-71.43046	FALSE	FALSE	Oakland Ave and Smith Street, Providence, RI, USA	NA	Raw	NA	FALSE	41.83621	-71.43046	2023	April
25	2023-05-05	893692	17:15:00	Bicycle	1	NA	FALSE	FALSE	1	Weybosset Street	PECK ST	2023-05-07	One-Way Trafficway	Dry	Daylight	Clear	Not a Collision Between Two Motor Vehicles in Transport	Yes	No Controls	3	1	Non-Incapacitating	NA	41.823480000000004	-71.4104	FALSE	FALSE	Weybosset Street and Peck Street, Providence, RI, USA	NA	Raw	NA	FALSE	41.823480000000004	-71.4104	2023	May
26	2023-05-06	893668	16:47:00	Bicycle	NA	NA	FALSE	FALSE	3	POINT ST	EDDY ST	2023-05-06	Two-Way, Divided, Positive Median Barrier	Dry	Daylight	Clear	Rear End(Front-to-Rear)	No	No Controls	5	4	Pain Reported	NA	41.81719	-71.40548	FALSE	FALSE	Point Street and Eddy Street, Providence, RI, USA	NA	Raw	NA	FALSE	41.81719	-71.40548	2023	May
27	2023-05-06	893676	00:46:00	Pedestrian	1	NA	FALSE	FALSE	1	BROAD STREET	CAHIR ST	2023-05-07	Two-Way , Not Divided	Dry	Dark - Not Lighted	Clear	Not a Collision Between Two Motor Vehicles in Transport	Yes	Traffic Control Signal	1	1	Pain Reported	NA	41.81662	-71.41861	FALSE	FALSE	Broad Street and Cahir Street, Providence, RI, USA	NA	Raw	NA	FALSE	41.81662	-71.41861	2023	May
28	2023-05-08	893737	11:56:00	Bicycle	NA	1	FALSE	FALSE	1	583 BROAD STREET	DARTMOUTH AVE	2023-05-08	One-Way Trafficway	Dry	Daylight	Clear	Other	Yes	No Controls	2	1	Non-Incapacitating	NA	41.80838	-71.42061	TRUE	FALSE	583 Broad Street, Providence, RI, USA	NA	Raw	NA	FALSE	41.80838	-71.42061	2023	May
29	2023-05-10	893784	12:09:00	Pedestrian	2	NA	FALSE	FALSE	1	DUDLEY ST	DUDLEY ST EXIT 19	2023-05-10	Two-Way , Not Divided	Dry	Daylight	Clear	Not a Collision Between Two Motor Vehicles in Transport	Yes	No Controls	3	2	Pain Reported	NA	41.8108	-71.40727	FALSE	FALSE	Dudley Street and Dudley St Exit 19, Providence, RI, USA	NA	Raw	distance greater than 100m	TRUE	41.8108	-71.40727	2023	May
30	2023-05-10	893798	21:10:00	Bicycle	NA	1	FALSE	FALSE	1	Atwells Ave	Marcello Street	2023-05-10	Two-Way , Not Divided	Dry	Dark - Lighted	Clear	Not a Collision Between Two Motor Vehicles in Transport	No	No Controls	3	1	Non-Incapacitating	NA	41.82393	-71.43161	FALSE	FALSE	Atwells Ave and Marcello Street, Providence, RI, USA	NA	Raw	NA	FALSE	41.82393	-71.43161	2023	May
31	2023-05-12	893835	01:47:00	Other	NA	NA	TRUE	FALSE	1	CHARLES ST	CHARLES ST	2023-05-12	Two-Way, Divided, Unprotected (painted>4feet) Medium	Dry	Dark - Lighted	Clear	Rear End(Front-to-Rear)	Yes	Pavement Markings	2	1	Pain Reported	NA	41.83672	-71.41282	FALSE	FALSE	Charles Street and Charles Street, Providence, RI, USA	NA	Raw	distance greater than 100m	TRUE	41.83672	-71.41282	2023	May
32	2023-05-13	893907	18:39:00	Bicycle	NA	1	FALSE	FALSE	1	CHALKSTONE AVE	BERLIN ST	2023-05-13	Two-Way , Not Divided	Dry	Daylight	Clear	Not a Collision Between Two Motor Vehicles in Transport	Yes	Stop Signs	1	1	Non-Incapacitating	NA	41.83228	-71.44197	FALSE	FALSE	Chalkstone Ave and Berlin Street, Providence, RI, USA	NA	Raw	NA	FALSE	41.83228	-71.44197	2023	May
33	2023-05-16	893983	20:45:00	Bicycle	NA	1	FALSE	FALSE	1	SOUTH MAIN STREET	WILLIAMS	2023-05-16	One-Way Trafficway	Dry	Dark - Lighted	Clear	Not a Collision Between Two Motor Vehicles in Transport	Yes	No Controls	1	1	Non-Incapacitating	NA	41.82157	-71.40438	FALSE	FALSE	South Main Street and Williams, Providence, RI, USA	NA	Raw	NA	FALSE	41.82157	-71.40438	2023	May
34	2023-05-17	893990	07:33:00	Pedestrian	1	NA	FALSE	FALSE	1	BROAD ST	FOSTER ST	2023-05-17	Two-Way , Not Divided	Dry	Daylight	Clear	Not a Collision Between Two Motor Vehicles in Transport	Yes	No Controls	1	1	Pain Reported	NA	41.81862	-71.41564	FALSE	FALSE	Broad Street and Foster Street, Providence, RI, USA	NA	Raw	NA	FALSE	41.81862	-71.41564	2023	May
35	2023-05-17	893992	09:22:00	Pedestrian	1	NA	FALSE	FALSE	1	SARATOGA ST	PLAIN ST	2023-05-17	Two-Way , Not Divided	Dry	Daylight	Clear	Not a Collision Between Two Motor Vehicles in Transport	Yes	No Controls	1	1	Pain Reported	NA	41.80569	-71.41044	FALSE	FALSE	Saratoga Street and Plain Street, Providence, RI, USA	NA	Raw	NA	FALSE	41.80569	-71.41044	2023	May
36	2023-05-18	894031	08:16:00	Pedestrian	1	NA	FALSE	FALSE	1	PUTNAM ST	HALE ST	2023-05-18	Two-Way , Not Divided	Dry	Daylight	Clear	Not a Collision Between Two Motor Vehicles in Transport	No	No Controls	3	1	Pain Reported	NA	41.82432	-71.44381	FALSE	FALSE	Putnam Street and Hale Street, Providence, RI, USA	NA	Raw	NA	FALSE	41.82432	-71.44381	2023	May
37	2023-05-23	895210	18:15:00	Bicycle	NA	1	TRUE	FALSE	1	COURTLAND ST	CARPENTER ST	2023-05-23	One-Way Trafficway	Dry	Daylight	Clear	Not a Collision Between Two Motor Vehicles in Transport	No	No Controls	2	1	Pain Reported	NA	41.81739	-71.43062	FALSE	FALSE	Courtland Street and Carpenter Street, Providence, RI, USA	NA	Raw	NA	FALSE	41.81739	-71.43062	2023	May
38	2023-05-24	895226	15:06:00	Bicycle	NA	1	FALSE	FALSE	1	CRANSTON ST	HANOVER ST	2023-05-24	Two-Way , Not Divided	Dry	Daylight	Clear	Not a Collision Between Two Motor Vehicles in Transport	No	No Controls	3	1	Pain Reported	NA	41.80947	-71.43356	FALSE	FALSE	Cranston Street and Hanover Street, Providence, RI, USA	NA	Raw	NA	FALSE	41.80947	-71.43356	2023	May
39	2023-05-26	895286	15:43:00	Pedestrian	1	NA	FALSE	FALSE	1	RAILROAD ST	PARK ROW	2023-05-26	One-Way Trafficway	Dry	Daylight	Clear	Not a Collision Between Two Motor Vehicles in Transport	Yes	No Controls	3	1	Pain Reported	NA	41.82902	-71.41297	FALSE	FALSE	Railroad Street and Park Row, Providence, RI, USA	NA	Raw	distance greater than 100m	TRUE	41.82902	-71.41297	2023	May
40	2023-05-27	895314	14:14:00	Pedestrian	1	NA	TRUE	FALSE	1	WASHINGTON ST	MEMORIAL BLVD	2023-05-27	Two-Way, Divided, Positive Median Barrier	Dry	Daylight	Clear	Not a Collision Between Two Motor Vehicles in Transport	No	Traffic Control Signal	4	1	Pain Reported	NA	41.82635	-71.41015	FALSE	FALSE	Washington Street and Memorial Blvd, Providence, RI, USA	NA	Raw	NA	FALSE	41.82635	-71.41015	2023	May
41	2023-05-28	895360	18:37:00	Pedestrian	2	NA	TRUE	FALSE	1	BROAD ST	CALLA ST	2023-05-28	Two-Way , Not Divided	Dry	Daylight	Clear	Not a Collision Between Two Motor Vehicles in Transport	Yes	Stop Signs	3	2	Pain Reported	NA	41.78985	-71.40487	FALSE	FALSE	Broad Street and Calla Street, Providence, RI, USA	NA	Raw	NA	FALSE	41.78985	-71.40487	2023	May
42	2023-05-29	895643	13:03:00	Bicycle	NA	1	FALSE	FALSE	2	Elmwood ave	ADELAIDE AVE	2023-06-05	Two-Way, Divided, Positive Median Barrier	Dry	Daylight	Clear	Head-On (Front - to - Front)	No	No Controls	6	5	Pain Reported	NA	41.79589	-71.425	FALSE	FALSE	Elmwood Ave and Adelaide Ave, Providence, RI, USA	NA	Raw	NA	FALSE	41.79589	-71.425	2023	May
43	2023-05-29	895380	10:53:00	Bicycle	NA	NA	FALSE	FALSE	2	4TH ST	HOPE ST	2023-05-29	Two-Way , Not Divided	Dry	Daylight	Clear	Other	Yes	No Controls	2	0	No Injury	NA	41.8493	-71.39491	FALSE	FALSE	4th Street and Hope Street, Providence, RI, USA	NA	Raw	NA	FALSE	41.8493	-71.39491	2023	May
44	2023-05-30	895437	18:34:00	Bicycle	NA	1	FALSE	FALSE	1	MAPLEHURST AVE	ACADEMY AVE	2023-05-30	Two-Way , Not Divided	Dry	Daylight	Clear	Not a Collision Between Two Motor Vehicles in Transport	No	No Controls	2	0	No Injury	NA	41.82689	-71.44288	FALSE	FALSE	Maplehurst Ave and Academy Ave, Providence, RI, USA	NA	Raw	NA	FALSE	41.82689	-71.44288	2023	May
45	2023-05-30	895414	09:09:00	Pedestrian	1	NA	FALSE	FALSE	1	325 Ocean St	RICHARDSON ST	2023-05-30	Unknown	Dry	Daylight	Clear	Other	No	No Controls	2	1	Pain Reported	NA	41.79744	-71.40834	TRUE	FALSE	325 Ocean Street, Providence, RI, USA	NA	Raw	NA	FALSE	41.79744	-71.40834	2023	May
46	2023-06-01	895524	15:46:00	Pedestrian	1	NA	FALSE	FALSE	1	WESTMINSTER ST	SNOW ST	2023-06-01	Two-Way , Not Divided	Dry	Daylight	Clear	Not a Collision Between Two Motor Vehicles in Transport	No	No Controls	2	1	Pain Reported	NA	41.82165	-71.41436	FALSE	FALSE	Westminster Street and Snow Street, Providence, RI, USA	NA	Raw	NA	FALSE	41.82165	-71.41436	2023	June
47	2023-06-02	895547	08:21:00	Bicycle	NA	1	FALSE	FALSE	1	HOLLYWOOD RD	DEXTER ST	2023-06-02	Two-Way , Not Divided	Dry	Daylight	Clear	Not a Collision Between Two Motor Vehicles in Transport	No	No Controls	2	1	Pain Reported	NA	41.81598	-71.43109	FALSE	FALSE	Hollywood Rd and Dexter Street, Providence, RI, USA	NA	Raw	NA	FALSE	41.81598	-71.43109	2023	June
48	2023-06-02	895575	17:28:00	Pedestrian	1	NA	FALSE	FALSE	1	FRANCIS ST.	MEMORIAL BLVD	2023-06-02	Two-Way , Not Divided	Dry	Daylight	Clear	Not a Collision Between Two Motor Vehicles in Transport	No	No Controls	3	1	Non-Incapacitating	NA	41.82683	-71.41549	FALSE	FALSE	Francis St. and Memorial Blvd, Providence, RI, USA	NA	Geocoded	distance greater than 100m	TRUE	41.8258972	-71.4153893	2023	June
49	2023-06-04	895614	02:06:00	Pedestrian	1	NA	FALSE	FALSE	1	143 Friendship Street	Richmond Street	2023-06-04	Two-Way , Not Divided	Dry	Dark - Lighted	Clear	Not a Collision Between Two Motor Vehicles in Transport	Yes	No Controls	1	1	Pain Reported	NA	41.81986	-71.4115	TRUE	FALSE	143 Friendship Street, Providence, RI, USA	NA	Raw	NA	FALSE	41.81986	-71.4115	2023	June
50	2023-06-06	895680	15:57:00	Other	NA	NA	FALSE	FALSE	1	BRANCH AVE	WOODWARD RD	2023-06-06	Two-Way , Not Divided	Dry	Daylight	Cloudy	Not a Collision Between Two Motor Vehicles in Transport	No	Pavement Markings	2	0	No Injury	NA	41.8535	-71.42816	FALSE	FALSE	Branch Ave and Woodward Rd, Providence, RI, USA	NA	Raw	NA	FALSE	41.8535	-71.42816	2023	June
51	2023-06-06	895690	22:49:00	Other	NA	NA	TRUE	FALSE	2	WATERMAN ST	THAYER ST	2023-06-06	One-Way Trafficway	Dry	Daylight	Clear	Rear End(Front-to-Rear)	No	No Controls	2	1	Pain Reported	NA	41.82728	-71.40054	FALSE	FALSE	Waterman Street and Thayer Street, Providence, RI, USA	NA	Raw	NA	FALSE	41.82728	-71.40054	2023	June
52	2023-06-08	895731	11:53:00	Bicycle	NA	2	FALSE	FALSE	1	374 WICKENDEN ST	NA	2023-06-08	Two-Way , Not Divided	Dry	Daylight	Clear	Sideswipe, Same Direction	No	No Controls	3	2	Pain Reported	NA	NA	NA	TRUE	TRUE	374 Wickenden Street, Providence, RI, USA	NA	Neither	raw coords null but geocoded coords found	TRUE	41.81971	-71.39578	2023	June
53	2023-06-08	895727	13:44:00	Other	NA	2	TRUE	FALSE	1	Broadway	BRADFORD ST	2023-06-08	Two-Way , Not Divided	Dry	Daylight	Clear	Angle (Front - to - Side) Right Angle (Includes Broadside)	No	Stop Signs	4	0	No Injury	NA	41.82154	-71.42199	FALSE	FALSE	Broadway and Bradford Street, Providence, RI, USA	NA	Raw	NA	FALSE	41.82154	-71.42199	2023	June
54	2023-06-08	895733	18:00:00	Pedestrian	2	NA	TRUE	FALSE	1	WILLIAMS ST	BENEFIT ST	2023-06-08	Two-Way , Not Divided	Dry	Daylight	Clear	Not a Collision Between Two Motor Vehicles in Transport	No	Stop Signs	3	1	Pain Reported	NA	41.82205	-71.40317	FALSE	FALSE	Williams Street and Benefit Street, Providence, RI, USA	NA	Raw	NA	FALSE	41.82205	-71.40317	2023	June
55	2023-06-09	895744	07:38:00	Pedestrian	1	NA	TRUE	FALSE	1	CANAL ST	MILL ST	2023-06-09	Two-Way , Not Divided	Dry	Daylight	Clear	Not a Collision Between Two Motor Vehicles in Transport	No	Stop Signs	4	1	Pain Reported	NA	41.8323	-71.41095	FALSE	FALSE	Canal Street and Mill Street, Providence, RI, USA	NA	Raw	distance greater than 100m	TRUE	41.8323	-71.41095	2023	June
56	2023-06-09	895783	22:24:00	Pedestrian	1	NA	FALSE	FALSE	1	BRANCH AVE	VANDEWATER ST	2023-06-09	Two-Way , Not Divided	Dry	Dark - Lighted	Clear	Not a Collision Between Two Motor Vehicles in Transport	No	Traffic Control Signal	3	1	Pain Reported	NA	41.85358	-71.42847	FALSE	FALSE	Branch Ave and Vandewater Street, Providence, RI, USA	NA	Raw	NA	FALSE	41.85358	-71.42847	2023	June
57	2023-06-09	895780	21:44:00	Pedestrian	1	NA	FALSE	FALSE	1	CRANSTON ST	WALDO ST	2023-06-09	Two-Way, Divided, Unprotected (painted>4feet) Medium	Wet	Dark - Lighted	Cloudy	Not a Collision Between Two Motor Vehicles in Transport	Yes	No Controls	2	1	Pain Reported	NA	41.80634	-71.4363	FALSE	FALSE	Cranston Street and Waldo Street, Providence, RI, USA	NA	Raw	NA	FALSE	41.80634	-71.4363	2023	June
58	2023-06-09	895753	14:07:00	Bicycle	NA	1	FALSE	FALSE	1	BROADWAY	DE PASQUALE AVE	2023-06-09	Two-Way , Not Divided	Dry	Daylight	Clear	Not a Collision Between Two Motor Vehicles in Transport	No	Pavement Markings	3	0	No Injury	NA	41.82077	-71.42526	FALSE	FALSE	Broadway and De Pasquale Ave, Providence, RI, USA	NA	Raw	NA	FALSE	41.82077	-71.42526	2023	June
59	2023-06-11	895838	13:00:00	Pedestrian	1	NA	TRUE	FALSE	1	BRANCH AVE	CHATHAM ST	2023-06-11	Two-Way , Not Divided	Dry	Daylight	Clear	Angle (Front - to - Side) Opposite Direction	No	No Controls	2	1	Pain Reported	NA	41.84904	-71.41728	FALSE	FALSE	Branch Ave and Chatham Street, Providence, RI, USA	NA	Raw	NA	FALSE	41.84904	-71.41728	2023	June
60	2023-06-12	895854	00:01:00	Pedestrian	1	NA	TRUE	FALSE	1	N MAIN ST	N MAIN ST	2023-06-12	Two-Way , Not Divided	Dry	Dark - Lighted	Clear	Other	No	Stop Signs	3	1	Pain Reported	NA	41.84127	-71.40818	FALSE	FALSE	N Main Street and N Main Street, Providence, RI, USA	NA	Raw	distance greater than 100m	TRUE	41.84127	-71.40818	2023	June
61	2023-06-13	895906	15:13:00	Bicycle	NA	1	TRUE	FALSE	1	WASHINGTON AVE	MICHIGAN AVE	2023-06-13	Two-Way , Not Divided	Dry	Daylight	Clear	Not a Collision Between Two Motor Vehicles in Transport	No	No Controls	2	1	Pain Reported	NA	41.78872	-71.39272	FALSE	FALSE	Washington Ave and Michigan Ave, Providence, RI, USA	NA	Raw	NA	FALSE	41.78872	-71.39272	2023	June