row_number	crash_date	crash_report_id	crash_time	collision_type	count_pedestrian	count_bicycle	scooter	wheel_chair	number_of_vehicles	street_or_highway	nearest_intersection	report_date	type_of_roadway	road_surface_condition	light_condition	weather_condition	manner_of_impact	hit_and_run	traffic_control	person_count	injury_count	most_serious_injury	number_of_lanes	lat_raw	lon_raw	has_st_number	is_intersection_null	address_sent_to_geocoder	api_coord_conf	best_coordinate_set	reason_for_qa	manually_qaed_record	final_lat	final_lon	year	month
62	2023-06-15	895994	08:08:00	Pedestrian	1	NA	FALSE	FALSE	1	OAKLAND AVE	SMITH ST	2023-06-15	Two-Way , Not Divided	Dry	Daylight	Clear	Not a Collision Between Two Motor Vehicles in Transport	No	Traffic Control Signal	3	1	Pain Reported	NA	41.83623	-71.43046	FALSE	FALSE	Oakland Ave and Smith Street, Providence, RI, USA	NA	Raw	NA	FALSE	41.83623	-71.43046	2023	June
63	2023-06-15	896015	19:50:00	Bicycle	NA	1	FALSE	FALSE	1	Canal Street	Elizabeth Street	2023-06-15	One-Way Trafficway	Dry	Daylight	Clear	Not a Collision Between Two Motor Vehicles in Transport	No	No Controls	3	1	Pain Reported	NA	41.82762	-71.41022	FALSE	FALSE	Canal Street and Elizabeth Street, Providence, RI, USA	NA	Raw	NA	FALSE	41.82762	-71.41022	2023	June
64	2023-06-18	896102	23:55:00	Pedestrian	1	NA	FALSE	FALSE	1	CRANSTON ST	POTTERS AVE	2023-06-19	Two-Way, Divided, Unprotected (painted>4feet) Medium	Dry	Dark - Lighted	Cloudy	Not a Collision Between Two Motor Vehicles in Transport	No	Pavement Markings	3	1	Non-Incapacitating	NA	41.80508	-71.43774	FALSE	FALSE	Cranston Street and Potters Ave, Providence, RI, USA	NA	Raw	NA	FALSE	41.80508	-71.43774	2023	June
65	2023-06-19	896129	15:28:00	Bicycle	NA	1	TRUE	FALSE	1	SUMTER ST	NIAGARA ST	2023-06-19	Two-Way , Not Divided	Dry	Daylight	Clear	Not a Collision Between Two Motor Vehicles in Transport	No	No Controls	5	1	Pain Reported	NA	41.79655	-71.41802	FALSE	FALSE	Sumter Street and Niagara Street, Providence, RI, USA	NA	Raw	NA	FALSE	41.79655	-71.41802	2023	June
66	2023-06-19	896119	12:29:00	Pedestrian	1	NA	FALSE	FALSE	1	EDDY ST	DUDLEY ST	2023-06-19	Two-Way , Not Divided	Dry	Daylight	Clear	Not a Collision Between Two Motor Vehicles in Transport	No	Pavement Markings	3	1	Incapacitating	NA	41.81111	-71.40714	FALSE	FALSE	Eddy Street and Dudley Street, Providence, RI, USA	NA	Raw	NA	FALSE	41.81111	-71.40714	2023	June
67	2023-06-20	896173	16:53:00	Pedestrian	1	NA	FALSE	FALSE	1	Whelan Road	BODELL AVE	2023-06-20	Two-Way , Not Divided	Dry	Daylight	Clear	Angle (Front - to - Side) Opposite Direction	No	No Controls	2	1	Pain Reported	NA	41.81843	-71.45502	FALSE	FALSE	Whelan Road and Bodell Ave, Providence, RI, USA	NA	Raw	NA	FALSE	41.81843	-71.45502	2023	June
68	2023-06-21	896194	13:29:00	Other	NA	1	TRUE	FALSE	1	CARPENTER ST	COURTLAND ST	2023-06-21	One-Way Trafficway	Dry	Daylight	Clear	Angle (Front - to - Side) Right Angle (Includes Broadside)	No	Stop Signs	4	0	No Injury	NA	41.81766	-71.43067	FALSE	FALSE	Carpenter Street and Courtland Street, Providence, RI, USA	NA	Raw	NA	FALSE	41.81766	-71.43067	2023	June
69	2023-06-22	896250	19:19:00	Pedestrian	1	NA	FALSE	FALSE	1	POCASSET AVE	PLAINFIELD ST	2023-06-22	Unknown	Dry	Daylight	Clear	Not a Collision Between Two Motor Vehicles in Transport	Yes	No Controls	1	1	Pain Reported	NA	41.81361	-71.44805	FALSE	FALSE	Pocasset Ave and Plainfield Street, Providence, RI, USA	NA	Raw	NA	FALSE	41.81361	-71.44805	2023	June
70	2023-06-26	896360	11:17:00	Bicycle	NA	1	FALSE	FALSE	1	Cranston Street	BURGESS ST	2023-06-26	Two-Way , Not Divided	Dry	Daylight	Cloudy	Not a Collision Between Two Motor Vehicles in Transport	No	No Controls	3	1	Pain Reported	NA	41.81672	-71.42293	FALSE	FALSE	Cranston Street and Burgess Street, Providence, RI, USA	NA	Neither	distance greater than 100m	TRUE	41.815855	-71.424194	2023	June
71	2023-06-28	896420	17:52:00	Pedestrian	1	NA	FALSE	FALSE	1	silver spring st.	BRANCH AVE	2023-06-28	Unknown	Dry	Daylight	Clear	Not a Collision Between Two Motor Vehicles in Transport	Yes	No Controls	2	1	Pain Reported	NA	41.84775	-71.41481	FALSE	FALSE	Silver Spring St. and Branch Ave, Providence, RI, USA	NA	Raw	NA	FALSE	41.84775	-71.41481	2023	June
72	2023-06-28	896405	02:34:00	Pedestrian	2	NA	TRUE	FALSE	1	BROAD ST	SERVICE ROAD 7	2023-06-28	One-Way Trafficway	Dry	Dark - Lighted	Clear	Not a Collision Between Two Motor Vehicles in Transport	No	Traffic Control Signal	4	2	Pain Reported	NA	41.81736	-71.41696	FALSE	FALSE	Broad Street and Service Road 7, Providence, RI, USA	NA	Raw	NA	FALSE	41.81736	-71.41696	2023	June
73	2023-06-28	896414	13:38:00	Bicycle	NA	1	FALSE	FALSE	1	COLLEGE ST	BENEFIT ST	2023-06-28	Two-Way , Not Divided	Dry	Daylight	Clear	Not a Collision Between Two Motor Vehicles in Transport	No	Stop Signs	4	1	Pain Reported	NA	41.826	-71.40683	FALSE	FALSE	College Street and Benefit Street, Providence, RI, USA	NA	Raw	NA	FALSE	41.826	-71.40683	2023	June
74	2023-06-29	896455	21:00:00	Pedestrian	1	NA	FALSE	FALSE	1	249 THAYER ST	CUSHING ST	2023-06-30	One-Way Trafficway	Dry	Dark - Lighted	Clear	Not a Collision Between Two Motor Vehicles in Transport	Yes	No Controls	2	1	Pain Reported	NA	41.82983	-71.40088	TRUE	FALSE	249 Thayer Street, Providence, RI, USA	NA	Raw	distance greater than 100m	TRUE	41.82983	-71.40088	2023	June
75	2023-06-30	896458	10:18:00	Pedestrian	1	NA	FALSE	FALSE	1	RT 6 EAST DEAN ST EXIT	DEAN ST	2023-06-30	One-Way Trafficway	Dry	Daylight	Clear	Not a Collision Between Two Motor Vehicles in Transport	No	Traffic Control Signal	2	1	Pain Reported	NA	41.8245	-71.42546	FALSE	FALSE	Rt 6 East Dean Street Exit and Dean Street, Providence, RI, USA	NA	Raw	distance greater than 100m	TRUE	41.8245	-71.42546	2023	June
76	2023-06-30	896463	11:53:00	Bicycle	NA	1	FALSE	FALSE	1	DOUGLAS AVE	DOUGLAS AVE	2023-06-30	Two-Way , Not Divided	Dry	Daylight	Clear	Not a Collision Between Two Motor Vehicles in Transport	No	Person	3	1	Pain Reported	NA	41.84762	-71.43084	FALSE	FALSE	Douglas Ave and Douglas Ave, Providence, RI, USA	NA	Raw	distance greater than 100m	TRUE	41.84762	-71.43084	2023	June
77	2023-06-30	896465	12:30:00	Pedestrian	1	NA	FALSE	FALSE	1	Cranston Street	POTTERS AVE	2023-06-30	Two-Way, Divided, Unprotected (painted>4feet) Medium	Dry	Daylight	Clear	Not a Collision Between Two Motor Vehicles in Transport	No	No Controls	4	1	Pain Reported	NA	41.80505	-71.43778	FALSE	FALSE	Cranston Street and Potters Ave, Providence, RI, USA	NA	Raw	NA	FALSE	41.80505	-71.43778	2023	June
78	2023-07-01	896515	00:47:00	Bicycle	NA	NA	FALSE	FALSE	2	prairie ave	saratoga st	2023-07-02	Two-Way , Not Divided	Dry	Dark - Lighted	Clear	Angle (Front - to - Side) Same Direction	No	Stop Signs	2	1	Pain Reported	NA	NA	NA	FALSE	FALSE	Prairie Ave and Saratoga Street, Providence, RI, USA	NA	Geocoded	raw coords null but geocoded coords found	TRUE	41.8051685	-71.4146448	2023	July
79	2023-07-01	896511	21:59:00	Bicycle	NA	1	FALSE	FALSE	1	Francie Street	Memorial Blvd	2023-07-01	Two-Way, Divided, Positive Median Barrier	Dry	Dark - Lighted	Clear	Not a Collision Between Two Motor Vehicles in Transport	Yes	Traffic Control Signal	1	1	Pain Reported	NA	41.82577	-71.41527	FALSE	FALSE	Francie Street and Memorial Blvd, Providence, RI, USA	NA	Raw	distance greater than 100m	TRUE	41.82577	-71.41527	2023	July
80	2023-07-01	896499	10:30:00	Bicycle	NA	1	FALSE	FALSE	1	BENEFIT ST	COLLEGE ST	2023-07-01	Two-Way , Not Divided	Dry	Daylight	Clear	Not a Collision Between Two Motor Vehicles in Transport	No	Stop Signs	2	1	Non-Incapacitating	NA	41.826	-71.40683	FALSE	FALSE	Benefit Street and College Street, Providence, RI, USA	NA	Raw	NA	FALSE	41.826	-71.40683	2023	July
81	2023-07-03	896566	18:33:00	Bicycle	NA	1	FALSE	FALSE	1	LENOX AVE	EMERSON ST	2023-07-03	Two-Way , Not Divided	Dry	Daylight	Clear	Not a Collision Between Two Motor Vehicles in Transport	No	Traffic Control Signal	2	1	Pain Reported	NA	41.79828	-71.41478	FALSE	FALSE	Lenox Ave and Emerson Street, Providence, RI, USA	NA	Geocoded	distance greater than 100m	TRUE	41.7979139	-71.41606349999999	2023	July
82	2023-07-05	896600	07:57:00	Bicycle	NA	1	FALSE	FALSE	1	PINE ST (AMOS HOUSE)	SOMERSET ST	2023-07-05	Two-Way , Not Divided	Dry	Daylight	Clear	Not a Collision Between Two Motor Vehicles in Transport	Yes	No Controls	1	1	Pain Reported	NA	41.81237	-71.41967	FALSE	FALSE	Pine Street (Amos House) and Somerset Street, Providence, RI, USA	NA	Raw	NA	FALSE	41.81237	-71.41967	2023	July
83	2023-07-05	896606	12:35:00	Pedestrian	1	NA	FALSE	FALSE	1	761 BROAD ST	POTTERS AVE	2023-07-05	Two-Way , Not Divided	Dry	Daylight	Clear	Not a Collision Between Two Motor Vehicles in Transport	Yes	No Controls	2	1	Pain Reported	NA	41.80327	-71.419	TRUE	FALSE	761 Broad Street, Providence, RI, USA	NA	Raw	NA	FALSE	41.80327	-71.419	2023	July
84	2023-07-06	896656	18:22:00	Bicycle	NA	1	FALSE	FALSE	1	FRANCIS ST	AMERICAN EXPRESS PLZ	2023-07-06	Two-Way , Not Divided	Dry	Daylight	Clear	Not a Collision Between Two Motor Vehicles in Transport	Yes	Pavement Markings	1	1	Pain Reported	NA	41.82745	-71.41541	FALSE	FALSE	Francis Street and American Express Plz, Providence, RI, USA	NA	Raw	distance greater than 100m	TRUE	41.82745	-71.41541	2023	July
85	2023-07-08	896713	05:01:00	Other	NA	NA	TRUE	FALSE	1	S WATER ST	BRIDGE ST	2023-07-08	One-Way Trafficway	Dry	Dark - Lighted	Clear	Angle (Front - to - Side) Right Angle (Includes Broadside)	Yes	No Controls	2	2	Non-Incapacitating	NA	41.81839	-71.40153	FALSE	FALSE	S Water Street and Bridge Street, Providence, RI, USA	NA	Raw	distance greater than 100m	TRUE	41.81839	-71.40153	2023	July
86	2023-07-13	896887	14:29:00	Pedestrian	1	NA	FALSE	FALSE	1	BROADWAY	DEAN ST	2023-07-13	Two-Way , Not Divided	Dry	Daylight	Clear	Not a Collision Between Two Motor Vehicles in Transport	No	Pavement Markings	2	1	Pain Reported	NA	41.8214	-71.42253	FALSE	FALSE	Broadway and Dean Street, Providence, RI, USA	NA	Raw	NA	FALSE	41.8214	-71.42253	2023	July
87	2023-07-14	896908	08:51:00	Bicycle	NA	1	FALSE	FALSE	1	BROAD ST	BROAD ST	2023-07-14	Two-Way , Not Divided	Dry	Daylight	Cloudy	Not a Collision Between Two Motor Vehicles in Transport	No	Pavement Markings	2	1	Pain Reported	NA	41.81414	-71.42131	FALSE	FALSE	Broad Street and Broad Street, Providence, RI, USA	NA	Raw	distance greater than 100m	TRUE	41.81414	-71.42131	2023	July
88	2023-07-17	897012	17:12:00	Bicycle	NA	1	FALSE	FALSE	1	ELMWOOD AVE	POTTERS AVE	2023-07-17	Two-Way , Not Divided	Dry	Daylight	Clear	Not a Collision Between Two Motor Vehicles in Transport	No	No Controls	2	1	Pain Reported	NA	41.80142	-71.42638	FALSE	FALSE	Elmwood Ave and Potters Ave, Providence, RI, USA	NA	Raw	NA	FALSE	41.80142	-71.42638	2023	July
89	2023-07-18	897039	11:42:00	Bicycle	NA	NA	FALSE	FALSE	2	CRANSTON STREET	BELLEVUE AVE	2023-07-18	Two-Way, Divided, Unprotected (painted>4feet) Medium	Dry	Daylight	Clear	Rear End(Front-to-Rear)	No	No Controls	2	0	No Injury	NA	41.80882	-71.43412	FALSE	FALSE	Cranston Street and Bellevue Ave, Providence, RI, USA	NA	Raw	NA	FALSE	41.80882	-71.43412	2023	July
90	2023-07-18	897051	18:15:00	Bicycle	NA	1	TRUE	FALSE	1	PINE ST	FRIENDSHIP ST	2023-07-18	One-Way Trafficway	Dry	Daylight	Clear	Not a Collision Between Two Motor Vehicles in Transport	No	Traffic Control Signal	4	1	Pain Reported	NA	41.81638	-71.41587	FALSE	FALSE	Pine Street and Friendship Street, Providence, RI, USA	NA	Raw	distance greater than 100m	TRUE	41.81638	-71.41587	2023	July
91	2023-07-20	897103	15:14:00	Pedestrian	1	NA	FALSE	FALSE	1	DUDLEY ST.	DUDLEY ST EXIT 19	2023-07-20	Two-Way , Not Divided	Dry	Daylight	Clear	Not a Collision Between Two Motor Vehicles in Transport	Yes	No Controls	1	1	Pain Reported	NA	41.81079	-71.40731	FALSE	FALSE	Dudley St. and Dudley Street Exit 19, Providence, RI, USA	NA	Raw	distance greater than 100m	TRUE	41.81079	-71.40731	2023	July
92	2023-07-21	897118	00:57:00	Pedestrian	1	NA	FALSE	FALSE	1	29 Elmwood Ave	Arch Street	2023-07-21	Two-Way , Not Divided	Dry	Dark - Lighted	Clear	Not a Collision Between Two Motor Vehicles in Transport	Yes	No Controls	2	1	Incapacitating	NA	41.81196	-71.42265	TRUE	FALSE	29 Elmwood Ave, Providence, RI, USA	NA	Raw	NA	FALSE	41.81196	-71.42265	2023	July
93	2023-07-24	897268	17:46:00	Bicycle	NA	1	FALSE	FALSE	1	WESTMINSTER ST	SERVICE ROAD 7	2023-07-24	One-Way Trafficway	Dry	Daylight	Clear	Not a Collision Between Two Motor Vehicles in Transport	No	Traffic Control Signal	2	1	Pain Reported	NA	41.81881	-71.41883	FALSE	FALSE	Westminster Street and Service Road 7, Providence, RI, USA	NA	Raw	NA	FALSE	41.81881	-71.41883	2023	July
94	2023-07-24	897267	17:46:00	Bicycle	NA	1	TRUE	FALSE	1	CALDER ST	GREENWICH ST	2023-07-24	Two-Way , Not Divided	Dry	Daylight	Clear	Not a Collision Between Two Motor Vehicles in Transport	No	Pavement Markings	3	1	Pain Reported	NA	41.80225	-71.42992	FALSE	FALSE	Calder Street and Greenwich Street, Providence, RI, USA	NA	Raw	NA	FALSE	41.80225	-71.42992	2023	July
95	2023-07-24	897252	10:00:00	Bicycle	NA	1	FALSE	FALSE	1	BROAD ST	BROAD ST	2023-07-24	Two-Way , Not Divided	Dry	Daylight	Clear	Rear End(Front-to-Rear)	No	Traffic Control Signal	3	1	Non-Incapacitating	NA	41.79217	-71.40717	FALSE	FALSE	Broad Street and Broad Street, Providence, RI, USA	NA	Raw	distance greater than 100m	TRUE	41.79217	-71.40717	2023	July
96	2023-07-26	897323	12:35:00	Bicycle	NA	1	FALSE	FALSE	1	ELMWOOD AVE	ARCH ST	2023-07-26	Two-Way, Divided, Unprotected (painted>4feet) Medium	Dry	Daylight	Clear	Not a Collision Between Two Motor Vehicles in Transport	Yes	No Controls	1	1	Pain Reported	NA	41.81207	-71.42257	FALSE	FALSE	Elmwood Ave and Arch Street, Providence, RI, USA	NA	Raw	NA	FALSE	41.81207	-71.42257	2023	July
97	2023-07-26	897322	12:37:00	Other	1	NA	TRUE	FALSE	1	11 POINT ST	EDDY ST	2023-07-26	Two-Way, Divided, Positive Median Barrier	Dry	Daylight	Clear	Angle (Front - to - Side) Right Angle (Includes Broadside)	No	No Controls	4	1	Pain Reported	NA	41.80523	-71.58683	TRUE	FALSE	11 Point Street, Providence, RI, USA	NA	Geocoded	distance greater than 100m	TRUE	41.8176778	-71.4048346	2023	July
98	2023-07-26	897328	12:18:00	Pedestrian	1	NA	FALSE	FALSE	1	HUNTINGTON AVE	STATE HWY 10 S	2023-07-26	One-Way Trafficway	Dry	Daylight	Clear	Not a Collision Between Two Motor Vehicles in Transport	No	No Controls	3	1	Pain Reported	NA	41.80462	-71.44098	FALSE	FALSE	Huntington Ave and State Hwy 10 S, Providence, RI, USA	NA	Raw	distance greater than 100m	TRUE	41.80462	-71.44098	2023	July
99	2023-07-27	897379	11:52:00	Bicycle	NA	1	FALSE	FALSE	1	PROMENADE ST	PARK ST	2023-07-27	One-Way Trafficway	Dry	Daylight	Clear	Angle (Front - to - Side) Right Angle (Includes Broadside)	No	No Controls	3	1	Pain Reported	NA	41.82786	-71.41768	FALSE	FALSE	Promenade Street and Park Street, Providence, RI, USA	NA	Raw	NA	FALSE	41.82786	-71.41768	2023	July
100	2023-07-29	898461	21:31:00	Bicycle	NA	1	FALSE	FALSE	1	PEKIN STREET	CHALKSTONE AVE	2023-07-29	Two-Way, Divided, Unprotected (painted>4feet) Medium	Wet	Dark - Lighted	Rain	Not a Collision Between Two Motor Vehicles in Transport	No	Traffic Control Signal	2	0	No Injury	NA	41.83521	-71.42565	FALSE	FALSE	Pekin Street and Chalkstone Ave, Providence, RI, USA	NA	Geocoded	distance greater than 100m	TRUE	41.8356376	-71.4241584	2023	July
101	2023-07-30	898479	10:50:00	Pedestrian	1	NA	FALSE	FALSE	1	DORRANCE ST	EXCHANGE TER	2023-07-30	Two-Way, Divided, Positive Median Barrier	Dry	Daylight	Clear	Not a Collision Between Two Motor Vehicles in Transport	No	Traffic Control Signal	4	1	Pain Reported	NA	41.8248	-71.41404	FALSE	FALSE	Dorrance Street and Exchange Ter, Providence, RI, USA	NA	Neither	distance greater than 100m	TRUE	41.824915	-71.414537	2023	July
102	2023-08-01	898550	16:06:00	Bicycle	NA	1	FALSE	FALSE	1	BROADWAY	BRADFORD ST	2023-08-01	Two-Way , Not Divided	Dry	Daylight	Clear	Not a Collision Between Two Motor Vehicles in Transport	No	No Controls	3	1	Pain Reported	2	NA	NA	FALSE	FALSE	Broadway and Bradford Street, Providence, RI, USA	NA	Geocoded	raw coords null but geocoded coords found	TRUE	41.8215395	-71.42201969999999	2023	August
103	2023-08-04	898653	17:38:00	Bicycle	NA	1	FALSE	FALSE	1	N MAIN ST	SMITHFIELD AVE	2023-08-04	Two-Way, Divided, Unprotected (painted>4feet) Medium	Dry	Dawn	Clear	Sideswipe, Same Direction	No	Flashing Traffic Control Signal	3	1	Pain Reported	NA	41.85336	-71.40114	FALSE	FALSE	N Main Street and Smithfield Ave, Providence, RI, USA	NA	Raw	NA	FALSE	41.85336	-71.40114	2023	August
104	2023-08-04	898635	07:31:00	Bicycle	NA	1	TRUE	FALSE	1	741 RIVER AVE	REGENT AVE	2023-08-04	Two-Way, Divided, Unprotected (painted>4feet) Medium	Dry	Daylight	Clear	Angle (Front - to - Side) Right Angle (Includes Broadside)	No	No Controls	7	1	Pain Reported	NA	41.83017	-71.43678	TRUE	FALSE	741 River Ave, Providence, RI, USA	NA	Raw	distance greater than 100m	TRUE	41.83017	-71.43678	2023	August
105	2023-08-05	898691	16:04:00	Pedestrian	1	NA	FALSE	FALSE	1	SALISBURY ST	PLAIN ST	2023-08-05	Two-Way , Not Divided	Dry	Daylight	Clear	Not a Collision Between Two Motor Vehicles in Transport	Yes	No Controls	2	1	Pain Reported	NA	41.80586	-71.40969	FALSE	FALSE	Salisbury Street and Plain Street, Providence, RI, USA	NA	Raw	NA	FALSE	41.80586	-71.40969	2023	August
106	2023-08-05	898680	11:10:00	Pedestrian	1	NA	TRUE	FALSE	1	PLAINFIELD ST	ATWOOD ST	2023-08-05	Two-Way , Not Divided	Dry	Daylight	Clear	Not a Collision Between Two Motor Vehicles in Transport	No	No Controls	3	1	Pain Reported	NA	41.81608	-71.44488	FALSE	FALSE	Plainfield Street and Atwood Street, Providence, RI, USA	NA	Raw	NA	FALSE	41.81608	-71.44488	2023	August
107	2023-08-06	898721	13:14:00	Bicycle	NA	1	FALSE	FALSE	1	DORRANCE ST	WASHINGTON ST	2023-08-06	Two-Way , Not Divided	Dry	Daylight	Clear	Not a Collision Between Two Motor Vehicles in Transport	No	No Controls	3	1	Pain Reported	NA	41.82466	-71.41322	FALSE	FALSE	Dorrance Street and Washington Street, Providence, RI, USA	NA	Raw	NA	FALSE	41.82466	-71.41322	2023	August
108	2023-08-06	898714	08:52:00	Pedestrian	1	NA	TRUE	FALSE	1	CHALKSTONE AVE	RIVER AVE	2023-08-06	Two-Way , Not Divided	Dry	Daylight	Clear	Not a Collision Between Two Motor Vehicles in Transport	No	Traffic Control Signal	3	1	Pain Reported	NA	41.83258	-71.43854	FALSE	FALSE	Chalkstone Ave and River Ave, Providence, RI, USA	NA	Raw	NA	FALSE	41.83258	-71.43854	2023	August
109	2023-08-07	898763	15:35:00	Bicycle	NA	NA	FALSE	FALSE	3	COLFAX ST	GORDON AVE	2023-08-07	Two-Way , Not Divided	Dry	Daylight	Clear	Sideswipe, Same Direction	No	No Controls	3	1	Pain Reported	NA	41.79888	-71.41549	FALSE	FALSE	Colfax Street and Gordon Ave, Providence, RI, USA	NA	Geocoded	distance greater than 100m	TRUE	41.7992087	-71.4138321	2023	August
110	2023-08-09	898827	18:11:00	Pedestrian	1	NA	TRUE	FALSE	1	OAKLAND AVE	SMITH ST	2023-08-09	Two-Way , Not Divided	Dry	Daylight	Clear	Not a Collision Between Two Motor Vehicles in Transport	No	No Controls	3	1	Non-Incapacitating	NA	41.83623	-71.43046	FALSE	FALSE	Oakland Ave and Smith Street, Providence, RI, USA	NA	Raw	NA	FALSE	41.83623	-71.43046	2023	August
111	2023-08-10	898859	15:41:00	Pedestrian	1	NA	FALSE	FALSE	1	ELMWOOD AVE.	LONGFELLOW ST	2023-08-10	Unknown	Dry	Daylight	Clear	Not a Collision Between Two Motor Vehicles in Transport	No	No Controls	3	1	Pain Reported	NA	41.79065	-71.42218	FALSE	FALSE	Elmwood Ave. and Longfellow Street, Providence, RI, USA	NA	Raw	NA	FALSE	41.79065	-71.42218	2023	August
112	2023-08-12	898922	15:05:00	Bicycle	NA	1	FALSE	FALSE	1	WICKENDEN ST	S MAIN ST	2023-08-12	Two-Way, Divided, Positive Median Barrier	Dry	Daylight	Clear	Not a Collision Between Two Motor Vehicles in Transport	No	Traffic Control Signal	2	1	Pain Reported	NA	41.81908	-71.40106	FALSE	FALSE	Wickenden Street and S Main Street, Providence, RI, USA	NA	Raw	NA	FALSE	41.81908	-71.40106	2023	August
113	2023-08-13	898988	23:02:00	Pedestrian	1	NA	TRUE	FALSE	1	HARTFORD AVE	US HWY 6 E	2023-08-13	Two-Way, Divided, Unprotected (painted>4feet) Medium	Dry	Dark - Lighted	Cloudy	Not a Collision Between Two Motor Vehicles in Transport	Yes	No Controls	2	1	Pain Reported	NA	41.81713	-71.44856	FALSE	FALSE	Hartford Ave and Us Hwy 6 E, Providence, RI, USA	NA	Raw	distance greater than 100m	TRUE	41.81713	-71.44856	2023	August
114	2023-08-14	899013	19:32:00	Pedestrian	1	NA	FALSE	FALSE	1	HOPE ST	GLENDALE AVE	2023-08-14	Two-Way , Not Divided	Dry	Dawn	Cloudy	Not a Collision Between Two Motor Vehicles in Transport	No	No Controls	2	1	Pain Reported	NA	41.84739	-71.39582	FALSE	FALSE	Hope Street and Glendale Ave, Providence, RI, USA	NA	Raw	NA	FALSE	41.84739	-71.39582	2023	August
115	2023-08-14	899010	17:06:00	Pedestrian	1	NA	TRUE	FALSE	1	TRENTON ST	IVES ST	2023-08-14	Two-Way , Not Divided	Dry	Daylight	Clear	Not a Collision Between Two Motor Vehicles in Transport	No	Stop Signs	2	1	Pain Reported	NA	41.82096	-71.3919	FALSE	FALSE	Trenton Street and Ives Street, Providence, RI, USA	NA	Raw	NA	FALSE	41.82096	-71.3919	2023	August
116	2023-08-15	899062	20:51:00	Bicycle	NA	1	FALSE	FALSE	1	FORD ST	DEXTER ST	2023-08-15	Two-Way , Not Divided	Wet	Dark - Lighted	Cloudy	Not a Collision Between Two Motor Vehicles in Transport	No	Stop Signs	4	1	Pain Reported	NA	41.80864	-71.42816	FALSE	FALSE	Ford Street and Dexter Street, Providence, RI, USA	NA	Raw	NA	FALSE	41.80864	-71.42816	2023	August
117	2023-08-16	899085	16:57:00	Bicycle	NA	1	FALSE	FALSE	1	CHARLES ST	CANAL ST	2023-08-16	Two-Way , Not Divided	Dry	Daylight	Cloudy	Not a Collision Between Two Motor Vehicles in Transport	No	No Controls	3	0	No Injury	4	41.83321	-71.41131	FALSE	FALSE	Charles Street and Canal Street, Providence, RI, USA	NA	Raw	distance greater than 100m	TRUE	41.83321	-71.41131	2023	August
118	2023-08-17	899107	09:57:00	Bicycle	NA	1	FALSE	FALSE	1	OLNEY ST	BROWN ST	2023-08-17	Two-Way , Not Divided	Dry	Daylight	Clear	Not a Collision Between Two Motor Vehicles in Transport	No	Stop Signs	3	1	Pain Reported	NA	41.8356	-71.40544	FALSE	FALSE	Olney Street and Brown Street, Providence, RI, USA	NA	Raw	NA	FALSE	41.8356	-71.40544	2023	August
119	2023-08-19	899153	19:45:00	Pedestrian	1	NA	TRUE	FALSE	1	Dexter Street	Daboll Street	2023-08-19	Two-Way , Not Divided	Dry	Daylight	Clear	Not a Collision Between Two Motor Vehicles in Transport	Yes	No Controls	1	1	Pain Reported	NA	41.80404	-71.43016	FALSE	FALSE	Dexter Street and Daboll Street, Providence, RI, USA	NA	Raw	NA	FALSE	41.80404	-71.43016	2023	August
120	2023-08-21	899211	14:06:00	Pedestrian	1	NA	FALSE	FALSE	1	325 VALLEY ST	ATWELLS AVE	2023-08-21	Two-Way , Not Divided	Dry	Daylight	Clear	Not a Collision Between Two Motor Vehicles in Transport	No	No Controls	3	1	Non-Incapacitating	NA	41.50747	-71.32858	TRUE	FALSE	325 Valley Street, Providence, RI, USA	NA	Neither	distance greater than 100m	TRUE	41.824692	-71.439452	2023	August
121	2023-08-22	899230	08:53:00	Bicycle	NA	1	FALSE	FALSE	1	ANGELL ST	WAYLAND AVE	2023-08-22	Two-Way , Not Divided	Dry	Daylight	Clear	Head-On (Front - to - Front)	No	Traffic Control Signal	2	1	Pain Reported	NA	41.83015	-71.3879	FALSE	FALSE	Angell Street and Wayland Ave, Providence, RI, USA	NA	Raw	NA	FALSE	41.83015	-71.3879	2023	August
122	2023-08-25	899377	12:43:00	Pedestrian	1	NA	FALSE	FALSE	1	DORRANCE ST	WESTMINSTER ST	2023-08-25	Two-Way , Not Divided	Wet	Daylight	Rain	Not a Collision Between Two Motor Vehicles in Transport	No	No Controls	3	1	Pain Reported	NA	41.82363	-71.4117	FALSE	FALSE	Dorrance Street and Westminster Street, Providence, RI, USA	NA	Raw	NA	FALSE	41.82363	-71.4117	2023	August
123	2023-08-27	899434	00:46:00	Bicycle	NA	1	FALSE	FALSE	1	ANDERSON ST	MANTON AVE	2023-08-27	Two-Way, Divided, Unprotected (painted>4feet) Medium	Dry	Dark - Lighted	Clear	Not a Collision Between Two Motor Vehicles in Transport	Yes	No Controls	1	1	Non-Incapacitating	NA	41.8227	-71.45018	FALSE	FALSE	Anderson Street and Manton Ave, Providence, RI, USA	NA	Raw	NA	FALSE	41.8227	-71.45018	2023	August
124	2023-08-27	899461	14:32:00	Bicycle	NA	NA	FALSE	FALSE	3	LEXINGTON AVE	ELMWOOD AVE	2023-08-27	Two-Way , Not Divided	Dry	Daylight	Clear	Not a Collision Between Two Motor Vehicles in Transport	No	No Controls	4	0	No Injury	NA	41.79758	-71.42435	FALSE	FALSE	Lexington Ave and Elmwood Ave, Providence, RI, USA	NA	Geocoded	distance greater than 100m	TRUE	41.7971966	-71.4257154	2023	August