row_number	crash_date	crash_report_id	crash_time	collision_type	count_pedestrian	count_bicycle	scooter	wheel_chair	number_of_vehicles	street_or_highway	nearest_intersection	report_date	type_of_roadway	road_surface_condition	light_condition	weather_condition	manner_of_impact	hit_and_run	traffic_control	person_count	injury_count	most_serious_injury	number_of_lanes	lat_raw	lon_raw	has_st_number	is_intersection_null	address_sent_to_geocoder	api_coord_conf	best_coordinate_set	reason_for_qa	manually_qaed_record	final_lat	final_lon	year	month
188	2023-10-22	904392	10:53:00	Bicycle	1	NA	FALSE	FALSE	1	PUBLIC ST	ELMWOOD AVE	2023-10-22	Two-Way , Not Divided	Dry	Daylight	Clear	Not a Collision Between Two Motor Vehicles in Transport	No	Traffic Control Signal	4	1	Pain Reported	NA	41.80222	-71.42547	FALSE	FALSE	Public Street and Elmwood Ave, Providence, RI, USA	NA	Raw	distance greater than 100m	TRUE	41.80222	-71.42547	2023	October
189	2023-10-23	904424	15:10:00	Bicycle	NA	1	FALSE	FALSE	1	BOSWORTH ST	MANTON AVE	2023-10-23	Two-Way , Not Divided	Dry	Daylight	Clear	Not a Collision Between Two Motor Vehicles in Transport	No	Pavement Markings	2	1	Pain Reported	NA	41.82216	-71.44947	FALSE	FALSE	Bosworth Street and Manton Ave, Providence, RI, USA	NA	Raw	NA	FALSE	41.82216	-71.44947	2023	October
190	2023-10-24	904458	16:03:00	Pedestrian	1	NA	FALSE	FALSE	1	MAGNOLIA ST.	BANCROFT ST	2023-10-24	Two-Way , Not Divided	Dry	Daylight	Clear	Not a Collision Between Two Motor Vehicles in Transport	No	Stop Signs	3	1	Pain Reported	NA	41.81255	-71.4475	FALSE	FALSE	Magnolia St. and Bancroft Street, Providence, RI, USA	NA	Raw	NA	FALSE	41.81255	-71.4475	2023	October
191	2023-10-25	904481	21:58:00	Pedestrian	1	NA	FALSE	TRUE	1	OXFORD ST	HARRIET ST	2023-10-25	Two-Way , Not Divided	Dry	Dark - Lighted	Clear	Not a Collision Between Two Motor Vehicles in Transport	No	No Controls	3	0	Unknown	NA	41.80175	-71.4124	FALSE	FALSE	Oxford Street and Harriet Street, Providence, RI, USA	NA	Raw	NA	FALSE	41.80175	-71.4124	2023	October
192	2023-10-26	904494	17:21:00	Bicycle	NA	1	FALSE	FALSE	1	ADELAIDE AVE	ELMWOOD AVE	2023-10-26	Two-Way , Not Divided	Dry	Daylight	Clear	Not a Collision Between Two Motor Vehicles in Transport	No	No Controls	2	1	Pain Reported	NA	41.79634	-71.42352	FALSE	FALSE	Adelaide Ave and Elmwood Ave, Providence, RI, USA	NA	Raw	distance greater than 100m	TRUE	41.79634	-71.42352	2023	October
193	2023-10-26	904483	08:07:00	Pedestrian	1	NA	TRUE	FALSE	1	STATE ST	ORMS ST EXIT 23	2023-10-26	Two-Way , Not Divided	Dry	Daylight	Clear	Not a Collision Between Two Motor Vehicles in Transport	No	Traffic Control Signal	3	1	Pain Reported	NA	41.83472	-71.41432	FALSE	FALSE	State Street and Orms St Exit 23, Providence, RI, USA	NA	Raw	NA	FALSE	41.83472	-71.41432	2023	October
194	2023-10-26	904490	17:11:00	Bicycle	NA	1	FALSE	FALSE	1	Broadway	ATWELLS AVE	2023-10-26	Two-Way , Not Divided	Wet	Daylight	Clear	Not a Collision Between Two Motor Vehicles in Transport	No	No Controls	3	1	Non-Incapacitating	NA	41.8224	-71.418450000000007	FALSE	FALSE	Broadway and Atwells Ave, Providence, RI, USA	NA	Raw	NA	FALSE	41.8224	-71.418450000000007	2023	October
195	2023-10-28	904561	16:55:00	Pedestrian	1	NA	TRUE	FALSE	1	WATERMAN ST	PROSPECT ST	2023-10-28	Two-Way , Not Divided	Dry	Daylight	Clear	Angle (Front - to - Side) Opposite Direction	No	Traffic Control Signal	3	1	Non-Incapacitating	NA	41.82691	-71.40472	FALSE	FALSE	Waterman Street and Prospect Street, Providence, RI, USA	NA	Raw	NA	FALSE	41.82691	-71.40472	2023	October
196	2023-10-29	904627	13:24:00	Bicycle	NA	1	FALSE	FALSE	1	BOWEN ST	THAYER ST	2023-10-31	One-Way Trafficway	Wet	Daylight	Rain	Angle (Front - to - Side) Right Angle (Includes Broadside)	No	Stop Signs	4	0	No Injury	NA	41.83084	-71.401	FALSE	FALSE	Bowen Street and Thayer Street, Providence, RI, USA	NA	Raw	NA	FALSE	41.83084	-71.401	2023	October
197	2023-10-30	904602	09:33:00	Pedestrian	2	NA	FALSE	FALSE	1	SMITHFIELD AVE	SILVER SPRING ST	2023-10-30	Two-Way , Not Divided	Wet	Daylight	Rain	Not a Collision Between Two Motor Vehicles in Transport	No	Traffic Control Signal	4	2	Incapacitating	NA	41.85653	-71.41046	FALSE	FALSE	Smithfield Ave and Silver Spring Street, Providence, RI, USA	NA	Raw	NA	FALSE	41.85653	-71.41046	2023	October
198	2023-10-30	904611	17:18:00	Pedestrian	1	NA	FALSE	FALSE	1	Smith St.	CHALKSTONE AVE	2023-10-30	Two-Way , Not Divided	Dry	Daylight	Clear	Not a Collision Between Two Motor Vehicles in Transport	Yes	No Controls	1	1	Pain Reported	NA	41.83524	-71.42572	FALSE	FALSE	Smith St. and Chalkstone Ave, Providence, RI, USA	NA	Raw	NA	FALSE	41.83524	-71.42572	2023	October
199	2023-10-31	904622	06:07:00	Bicycle	NA	1	FALSE	FALSE	1	VALLEY ST	RIVER AVE	2023-10-31	Two-Way , Not Divided	Dry	Dusk	Clear	Angle (Front - to - Side) Same Direction	No	No Controls	3	1	Non-Incapacitating	NA	41.82796	-71.43516	FALSE	FALSE	Valley Street and River Ave, Providence, RI, USA	NA	Raw	NA	FALSE	41.82796	-71.43516	2023	October
200	2023-11-03	904718	12:57:00	Pedestrian	1	NA	TRUE	FALSE	1	BROAD ST	CAHIR ST	2023-11-03	Two-Way, Not Divided With a Continuous Left Turn Lane	Dry	Daylight	Clear	Angle (Front - to - Side) Right Angle (Includes Broadside)	Yes	Traffic Control Signal	2	1	Pain Reported	NA	41.81692	-71.41795	FALSE	FALSE	Broad Street and Cahir Street, Providence, RI, USA	NA	Raw	NA	FALSE	41.81692	-71.41795	2023	November
201	2023-11-03	904753	21:33:00	Pedestrian	1	NA	FALSE	FALSE	1	BROOK ST	WATERMAN ST	2023-11-04	Two-Way , Not Divided	Dry	Dark - Lighted	Clear	Not a Collision Between Two Motor Vehicles in Transport	No	No Controls	2	1	Pain Reported	2	41.82695	-71.39925	FALSE	FALSE	Brook Street and Waterman Street, Providence, RI, USA	NA	Raw	NA	FALSE	41.82695	-71.39925	2023	November
202	2023-11-05	904784	17:57:00	Pedestrian	1	NA	FALSE	FALSE	1	UNION AVE	WHITEHALL ST	2023-11-05	Two-Way , Not Divided	Dry	Dark - Lighted	Clear	Not a Collision Between Two Motor Vehicles in Transport	No	No Controls	2	1	Pain Reported	2	NA	NA	FALSE	FALSE	Union Ave and Whitehall Street, Providence, RI, USA	NA	Geocoded	raw coords null but geocoded coords found	TRUE	41.8078048	-71.4439058	2023	November
203	2023-11-06	904807	22:32:00	Other	NA	NA	TRUE	FALSE	2	NARRAGANSETT BLVD	NARRAGANSETT BLVD	2023-11-07	Two-Way , Not Divided	Dry	Dark - Lighted	Clear	Not a Collision Between Two Motor Vehicles in Transport	Yes	No Controls	3	0	Unknown	NA	41.78621	-71.39507	FALSE	FALSE	Narragansett Blvd and Narragansett Blvd, Providence, RI, USA	NA	Raw	distance greater than 100m	TRUE	41.78621	-71.39507	2023	November
204	2023-11-06	904804	18:32:00	Pedestrian	1	NA	FALSE	FALSE	1	176 Thayer St	MANNING WALK	2023-11-06	One-Way Trafficway	Dry	Dark - Lighted	Clear	Not a Collision Between Two Motor Vehicles in Transport	No	No Controls	2	1	Pain Reported	NA	41.82616	-71.40043	TRUE	FALSE	176 Thayer Street, Providence, RI, USA	NA	Raw	NA	FALSE	41.82616	-71.40043	2023	November
205	2023-11-08	904840	08:50:00	Pedestrian	1	NA	TRUE	FALSE	1	SMITH ST	CHALKSTONE AVE	2023-11-08	Two-Way , Not Divided	Dry	Daylight	Clear	Not a Collision Between Two Motor Vehicles in Transport	No	No Controls	3	1	Pain Reported	NA	41.83524	-71.42573	FALSE	FALSE	Smith Street and Chalkstone Ave, Providence, RI, USA	NA	Raw	NA	FALSE	41.83524	-71.42573	2023	November
206	2023-11-09	904895	16:52:00	Pedestrian	1	NA	FALSE	FALSE	1	CRANSTON ST	BENEDICT ST	2023-11-09	Two-Way , Not Divided	Dry	Dusk	Clear	Not a Collision Between Two Motor Vehicles in Transport	No	No Controls	3	1	Pain Reported	NA	41.80547	-71.43723	FALSE	FALSE	Cranston Street and Benedict Street, Providence, RI, USA	NA	Raw	NA	FALSE	41.80547	-71.43723	2023	November
207	2023-11-13	905008	20:02:00	Bicycle	NA	1	FALSE	FALSE	1	280 BROAD STREET	PEARL ST	2023-11-13	Two-Way , Not Divided	Dry	Dark - Lighted	Clear	Not a Collision Between Two Motor Vehicles in Transport	No	No Controls	2	1	Incapacitating	NA	41.81487	-71.42089	TRUE	FALSE	280 Broad Street, Providence, RI, USA	NA	Raw	NA	FALSE	41.81487	-71.42089	2023	November
208	2023-11-16	905068	12:27:00	Bicycle	1	NA	FALSE	FALSE	1	BROAD ST	MONTGOMERY AVE	2023-11-16	Two-Way , Not Divided	Dry	Daylight	Clear	Not a Collision Between Two Motor Vehicles in Transport	No	Pavement Markings	2	1	Pain Reported	NA	41.78591	-71.40167	FALSE	FALSE	Broad Street and Montgomery Ave, Providence, RI, USA	NA	Raw	NA	FALSE	41.78591	-71.40167	2023	November
209	2023-11-20	906193	17:27:00	Pedestrian	1	NA	FALSE	FALSE	1	BROAD ST	BROAD ST	2023-11-20	Two-Way , Not Divided	Dry	Dark - Lighted	Clear	Not a Collision Between Two Motor Vehicles in Transport	No	Pavement Markings	2	1	Pain Reported	NA	41.80704	-71.42018	FALSE	FALSE	Broad Street and Broad Street, Providence, RI, USA	NA	Raw	distance greater than 100m	TRUE	41.80704	-71.42018	2023	November
210	2023-11-23	906279	17:01:00	Bicycle	NA	NA	FALSE	FALSE	2	South Water St	JAMES ST	2023-11-23	One-Way Trafficway	Dry	Dark - Lighted	Clear	Sideswipe, Same Direction	Yes	No Controls	1	0	No Injury	NA	41.82053	-71.40425	FALSE	FALSE	South Water Street and James Street, Providence, RI, USA	NA	Raw	NA	FALSE	41.82053	-71.40425	2023	November
211	2023-11-24	906305	20:55:00	Bicycle	NA	1	FALSE	FALSE	1	Admiral Street	Berkshire Street	2023-11-24	Two-Way , Not Divided	Dry	Dark - Lighted	Clear	Not a Collision Between Two Motor Vehicles in Transport	No	Stop Signs	3	1	Pain Reported	NA	41.84418	-71.42372	FALSE	FALSE	Admiral Street and Berkshire Street, Providence, RI, USA	NA	Raw	NA	FALSE	41.84418	-71.42372	2023	November
212	2023-11-24	906287	06:05:00	Pedestrian	1	NA	FALSE	FALSE	1	BROADWAY	SUTTON ST	2023-11-24	Two-Way , Not Divided	Dry	Dark - Lighted	Clear	Not a Collision Between Two Motor Vehicles in Transport	Yes	No Controls	1	1	Fatal	NA	41.82021	-71.42762	FALSE	FALSE	Broadway and Sutton Street, Providence, RI, USA	NA	Raw	distance greater than 100m	TRUE	41.82021	-71.42762	2023	November
213	2023-11-25	906318	15:03:00	Bicycle	NA	1	FALSE	FALSE	1	PLAINFIELD ST	PLAINFIELD ST	2023-11-25	Two-Way , Not Divided	Dry	Daylight	Clear	Not a Collision Between Two Motor Vehicles in Transport	No	Pavement Markings	3	1	Pain Reported	NA	41.81501	-71.44633	FALSE	FALSE	Plainfield Street and Plainfield Street, Providence, RI, USA	NA	Raw	distance greater than 100m	TRUE	41.81501	-71.44633	2023	November
214	2023-11-30	906463	16:23:00	Other	NA	NA	TRUE	FALSE	1	ALBRO ST	ATWELLS AVE	2023-11-30	One-Way Trafficway	Dry	Daylight	Clear	Not a Collision Between Two Motor Vehicles in Transport	No	No Controls	2	1	Non-Incapacitating	NA	41.82344	-71.42479	FALSE	FALSE	Albro Street and Atwells Ave, Providence, RI, USA	NA	Raw	NA	FALSE	41.82344	-71.42479	2023	November
215	2023-11-30	906459	17:33:00	Pedestrian	1	NA	FALSE	FALSE	1	DOUGLAS AVENUE	RIVER AVE	2023-11-30	Two-Way, Divided, Unprotected (painted>4feet) Medium	Dry	Dark - Lighted	Clear	Not a Collision Between Two Motor Vehicles in Transport	No	No Controls	2	0	No Injury	NA	41.85288	-71.43734	FALSE	FALSE	Douglas Avenue and River Ave, Providence, RI, USA	NA	Raw	NA	FALSE	41.85288	-71.43734	2023	November
216	2023-11-30	906467	17:31:00	Bicycle	NA	1	FALSE	FALSE	1	ANGELL ST	BROOK ST	2023-11-30	One-Way Trafficway	Dry	Dark - Unknown Lighting	Clear	Not a Collision Between Two Motor Vehicles in Transport	Yes	Unknown	1	1	Non-Incapacitating	NA	41.82821	-71.39947	FALSE	FALSE	Angell Street and Brook Street, Providence, RI, USA	NA	Raw	NA	FALSE	41.82821	-71.39947	2023	November
217	2023-12-01	906506	19:06:00	Bicycle	NA	1	FALSE	FALSE	1	Potters Ave.	CHAMBERS ST	2023-12-01	Two-Way , Not Divided	Dry	Dark - Lighted	Clear	Rear End(Front-to-Rear)	No	No Controls	2	1	Pain Reported	NA	41.80334	-71.43299	FALSE	FALSE	Potters Ave. and Chambers Street, Providence, RI, USA	NA	Raw	NA	FALSE	41.80334	-71.43299	2023	December
218	2023-12-01	906486	08:43:00	Pedestrian	1	NA	FALSE	FALSE	1	350 Plainfield Street	WEBSTER AVE	2023-12-01	Two-Way , Not Divided	Dry	Daylight	Clear	Other	No	No Controls	3	1	Pain Reported	NA	41.81366	-71.45067	TRUE	FALSE	350 Plainfield Street, Providence, RI, USA	NA	Raw	NA	FALSE	41.81366	-71.45067	2023	December
219	2023-12-01	906500	16:38:00	Pedestrian	1	NA	FALSE	FALSE	1	WASHINGTON ST	SERVICE ROAD 8	2023-12-01	Two-Way , Not Divided	Wet	Dark - Lighted	Clear	Not a Collision Between Two Motor Vehicles in Transport	No	Pavement Markings	3	1	Pain Reported	NA	41.82021	-71.41885	FALSE	FALSE	Washington Street and Service Road 8, Providence, RI, USA	NA	Raw	distance greater than 100m	TRUE	41.82021	-71.41885	2023	December
220	2023-12-01	906499	16:14:00	Bicycle	NA	NA	FALSE	FALSE	1	Hartford Ave.	HARTFORD AVE	2023-12-01	Two-Way , Not Divided	Dry	Daylight	Cloudy	Not a Collision Between Two Motor Vehicles in Transport	No	No Controls	3	1	Pain Reported	NA	41.81761	-71.45341	FALSE	FALSE	Hartford Ave. and Hartford Ave, Providence, RI, USA	NA	Raw	distance greater than 100m	TRUE	41.81761	-71.45341	2023	December
221	2023-12-03	906558	18:25:00	Pedestrian	1	NA	FALSE	FALSE	1	MEMORIAL BLVD	EXCHANGE ST	2023-12-03	Two-Way, Divided, Positive Median Barrier	Wet	Daylight	Rain	Not a Collision Between Two Motor Vehicles in Transport	No	Pavement Markings	3	1	Pain Reported	NA	41.8269	-71.41213	FALSE	FALSE	Memorial Blvd and Exchange Street, Providence, RI, USA	NA	Raw	NA	FALSE	41.8269	-71.41213	2023	December
222	2023-12-03	906571	08:33:00	Pedestrian	1	NA	FALSE	FALSE	1	OAKLAND AVE	PLEASANT VALLEY PKWY	2023-12-04	Two-Way , Not Divided	Wet	Daylight	Clear	Not a Collision Between Two Motor Vehicles in Transport	Yes	Pavement Markings	3	1	Pain Reported	NA	41.83567	-71.43045	FALSE	FALSE	Oakland Ave and Pleasant Valley Pkwy, Providence, RI, USA	NA	Raw	NA	FALSE	41.83567	-71.43045	2023	December
223	2023-12-05	906609	11:56:00	Bicycle	NA	1	FALSE	FALSE	1	BROAD ST	SOMERSET ST	2023-12-05	Two-Way , Not Divided	Dry	Daylight	Cloudy	Not a Collision Between Two Motor Vehicles in Transport	No	Stop Signs	2	1	Pain Reported	NA	41.81347	-71.42158	FALSE	FALSE	Broad Street and Somerset Street, Providence, RI, USA	NA	Raw	NA	FALSE	41.81347	-71.42158	2023	December
224	2023-12-07	906679	16:20:00	Pedestrian	1	NA	FALSE	FALSE	1	COOKE ST	ANGELL ST	2023-12-07	Two-Way , Not Divided	Dry	Dark - Not Lighted	Clear	Not a Collision Between Two Motor Vehicles in Transport	No	Pavement Markings	3	1	Pain Reported	NA	41.82875	-71.39548	FALSE	FALSE	Cooke Street and Angell Street, Providence, RI, USA	NA	Raw	NA	FALSE	41.82875	-71.39548	2023	December
225	2023-12-07	906692	22:31:00	Pedestrian	1	NA	FALSE	FALSE	1	Thayer Street	MEETING ST	2023-12-07	One-Way Trafficway	Dry	Dark - Lighted	Clear	Not a Collision Between Two Motor Vehicles in Transport	Yes	Stop Signs	1	1	Non-Incapacitating	NA	41.829	-71.40077	FALSE	FALSE	Thayer Street and Meeting Street, Providence, RI, USA	NA	Raw	NA	FALSE	41.829	-71.40077	2023	December
226	2023-12-08	906720	19:35:00	Pedestrian	1	NA	FALSE	FALSE	1	NORTH MAIN ST	N MAIN ST	2023-12-08	Two-Way, Divided, Positive Median Barrier	Dry	Dark - Lighted	Clear	Not a Collision Between Two Motor Vehicles in Transport	Yes	No Controls	4	1	Pain Reported	NA	41.83921	-71.40904	FALSE	FALSE	North Main Street and N Main Street, Providence, RI, USA	NA	Raw	distance greater than 100m	TRUE	41.83921	-71.40904	2023	December
227	2023-12-10	906768	20:38:00	Pedestrian	1	NA	FALSE	FALSE	1	PUBLIC ST	BROAD ST	2023-12-10	Two-Way , Not Divided	Wet	Dark - Lighted	Rain	Not a Collision Between Two Motor Vehicles in Transport	Yes	Pavement Markings	1	1	Pain Reported	NA	41.80442	-71.41935	FALSE	FALSE	Public Street and Broad Street, Providence, RI, USA	NA	Raw	NA	FALSE	41.80442	-71.41935	2023	December
228	2023-12-10	906934	01:42:00	Pedestrian	1	NA	FALSE	FALSE	1	valley St	BROADWAY	2023-12-15	Two-Way, Divided, Unprotected (painted>4feet) Medium	Dry	Dark - Lighted	Clear	Not a Collision Between Two Motor Vehicles in Transport	Yes	No Controls	4	1	Pain Reported	NA	41.81703	-71.44096	FALSE	FALSE	Valley Street and Broadway, Providence, RI, USA	NA	Raw	NA	FALSE	41.81703	-71.44096	2023	December
229	2023-12-12	906810	13:19:00	Pedestrian	1	NA	FALSE	FALSE	1	BROAD ST	SERVICE ROAD 7	2023-12-12	One-Way Trafficway	Dry	Daylight	Clear	Not a Collision Between Two Motor Vehicles in Transport	Yes	Traffic Control Signal	1	1	Pain Reported	NA	41.81736	-71.41696	FALSE	FALSE	Broad Street and Service Road 7, Providence, RI, USA	NA	Raw	NA	FALSE	41.81736	-71.41696	2023	December
230	2023-12-12	906838	18:37:00	Pedestrian	1	NA	TRUE	FALSE	1	NORTH MAIN ST	N MAIN ST	2023-12-12	Two-Way, Divided, Positive Median Barrier	Dry	Dark - Lighted	Clear	Not a Collision Between Two Motor Vehicles in Transport	No	Pavement Markings	3	1	Non-Incapacitating	NA	41.84578	-71.40564	FALSE	FALSE	North Main Street and N Main Street, Providence, RI, USA	NA	Raw	distance greater than 100m	TRUE	41.84578	-71.40564	2023	December
231	2023-12-13	906851	08:01:00	Pedestrian	1	NA	FALSE	FALSE	1	W FOUNTAIN ST	DEAN ST	2023-12-13	Two-Way , Not Divided	Dry	Daylight	Clear	Not a Collision Between Two Motor Vehicles in Transport	No	Pavement Markings	2	0	No Injury	NA	41.81929	-71.4212	FALSE	FALSE	W Fountain Street and Dean Street, Providence, RI, USA	NA	Raw	NA	FALSE	41.81929	-71.4212	2023	December
232	2023-12-14	906883	05:55:00	Bicycle	NA	1	FALSE	FALSE	1	CRANSTON ST	BRIDGHAM ST	2023-12-14	Two-Way , Not Divided	Dry	Dawn	Clear	Not a Collision Between Two Motor Vehicles in Transport	No	Traffic Control Signal	2	1	Pain Reported	NA	41.81396	-71.42694	FALSE	FALSE	Cranston Street and Bridgham Street, Providence, RI, USA	NA	Raw	NA	FALSE	41.81396	-71.42694	2023	December
233	2023-12-15	906967	21:55:00	Pedestrian	1	NA	FALSE	FALSE	1	ATWELLS AVE	KNIGHT ST	2023-12-15	Two-Way , Not Divided	Dry	Dark - Lighted	Clear	Not a Collision Between Two Motor Vehicles in Transport	No	Pavement Markings	2	1	Pain Reported	NA	41.82399	-71.43232	FALSE	FALSE	Atwells Ave and Knight Street, Providence, RI, USA	NA	Raw	NA	FALSE	41.82399	-71.43232	2023	December
234	2023-12-15	906966	22:02:00	Pedestrian	1	NA	FALSE	FALSE	1	SWAN ST	EDDY ST	2023-12-15	Two-Way , Not Divided	Dry	Dark - Lighted	Clear	Not a Collision Between Two Motor Vehicles in Transport	No	No Controls	2	1	Pain Reported	NA	41.80464	-71.40705	FALSE	FALSE	Swan Street and Eddy Street, Providence, RI, USA	NA	Raw	NA	FALSE	41.80464	-71.40705	2023	December
235	2023-12-16	907004	22:57:00	Pedestrian	1	NA	FALSE	FALSE	1	ALLENS AVE	TORONTO AVE	2023-12-17	Two-Way , Not Divided	Dry	Dark - Lighted	Clear	Not a Collision Between Two Motor Vehicles in Transport	Yes	No Controls	5	1	Incapacitating	2	41.79262	-71.39719	FALSE	FALSE	Allens Ave and Toronto Ave, Providence, RI, USA	NA	Raw	NA	FALSE	41.79262	-71.39719	2023	December
236	2023-12-17	907020	18:31:00	Pedestrian	1	NA	FALSE	FALSE	1	BROAD ST.	BROAD ST	2023-12-17	Two-Way , Not Divided	Wet	Dark - Lighted	Rain	Not a Collision Between Two Motor Vehicles in Transport	No	No Controls	3	1	Pain Reported	NA	41.81443	-71.42115	FALSE	FALSE	Broad St. and Broad Street, Providence, RI, USA	NA	Raw	distance greater than 100m	TRUE	41.81443	-71.42115	2023	December
237	2023-12-19	907071	15:22:00	Pedestrian	1	NA	TRUE	FALSE	1	ORMS STREET	BATH STREET	2023-12-19	Two-Way , Not Divided	Dry	Daylight	Clear	Angle (Front - to - Side) Right Angle (Includes Broadside)	Yes	Stop Signs	1	1	Pain Reported	2	NA	NA	FALSE	FALSE	Orms Street and Bath Street, Providence, RI, USA	NA	Geocoded	raw coords null but geocoded coords found	TRUE	41.8332163	-71.42545270000001	2023	December
238	2023-12-20	907108	18:03:00	Bicycle	NA	1	FALSE	FALSE	1	Broad St.	FRICKER ST	2023-12-20	Two-Way , Not Divided	Dry	Dark - Lighted	Clear	Not a Collision Between Two Motor Vehicles in Transport	No	No Controls	3	1	Pain Reported	NA	41.81485	-71.4209	FALSE	FALSE	Broad St. and Fricker Street, Providence, RI, USA	NA	Raw	NA	FALSE	41.81485	-71.4209	2023	December
239	2023-12-21	907142	20:24:00	Pedestrian	1	NA	FALSE	FALSE	1	PLAINFIELD ST	HARTFORD AVE	2023-12-21	Two-Way , Not Divided	Dry	Dark - Lighted	Clear	Not a Collision Between Two Motor Vehicles in Transport	No	No Controls	2	1	Pain Reported	NA	41.81655	-71.4441	FALSE	FALSE	Plainfield Street and Hartford Ave, Providence, RI, USA	NA	Raw	NA	FALSE	41.81655	-71.4441	2023	December
240	2023-12-23	907172	02:41:00	Pedestrian	1	NA	FALSE	FALSE	1	EXIT 22 (RT 6)	ATWELLS AVE	2023-12-23	One-Way Trafficway	Dry	Dark - Lighted	Clear	Not a Collision Between Two Motor Vehicles in Transport	No	No Controls	5	1	Non-Incapacitating	NA	41.82308	-71.41968	FALSE	FALSE	Exit 22 (Rt 6) and Atwells Ave, Providence, RI, USA	NA	Raw	NA	FALSE	41.82308	-71.41968	2023	December
241	2023-12-31	907555	23:20:00	Pedestrian	1	NA	FALSE	FALSE	1	Broad St	Aldrich St	2024-01-08	Two-Way , Not Divided	Dry	Dark - Lighted	Clear	Not a Collision Between Two Motor Vehicles in Transport	No	No Controls	2	1	Pain Reported	2	NA	NA	FALSE	FALSE	Broad Street and Aldrich Street, Providence, RI, USA	NA	Geocoded	raw coords null but geocoded coords found	TRUE	41.793628	-71.4089741	2023	December
242	2023-12-31	907371	19:20:00	Pedestrian	1	NA	FALSE	FALSE	1	N. MAIN ST.	ROCHAMBEAU AVE	2023-12-31	Two-Way , Not Divided	Dry	Dark - Lighted	Clear	Not a Collision Between Two Motor Vehicles in Transport	Yes	Traffic Control Signal	4	1	Fatal	NA	41.84676	-71.40505	FALSE	FALSE	N. Main St. and Rochambeau Ave, Providence, RI, USA	NA	Raw	NA	FALSE	41.84676	-71.40505	2023	December
1	2024-01-02	907406	15:14:00	Pedestrian	1	NA	FALSE	FALSE	1	95 Manton Ave	CHAFFEE ST	2024-01-02	Two-Way , Not Divided	Dry	Daylight	Clear	Not a Collision Between Two Motor Vehicles in Transport	No	No Controls	2	1	Pain Reported	NA	41.81867	-71.44558	TRUE	FALSE	95 Manton Ave, Providence, RI, USA	NA	Raw	NA	FALSE	41.81867	-71.44558	2024	January
2	2024-01-02	907410	16:02:00	Bicycle	NA	1	TRUE	FALSE	1	BROAD ST	BROAD ST	2024-01-02	Two-Way , Not Divided	Dry	Dusk	Clear	Not a Collision Between Two Motor Vehicles in Transport	No	Pavement Markings	3	1	Pain Reported	NA	41.80153	-71.41838	FALSE	FALSE	Broad Street and Broad Street, Providence, RI, USA	NA	Raw	distance greater than 100m	TRUE	41.80153	-71.41838	2024	January
3	2024-01-03	907421	10:57:00	Bicycle	NA	NA	FALSE	FALSE	2	DOUGLAS AVE	CRIMEA ST	2024-01-03	Two-Way , Not Divided	Dry	Daylight	Clear	Sideswipe, Same Direction	No	Stop Signs	3	0	No Injury	NA	41.83698	-71.42186	FALSE	FALSE	Douglas Ave and Crimea Street, Providence, RI, USA	NA	Raw	NA	FALSE	41.83698	-71.42186	2024	January
4	2024-01-05	907478	10:00:00	Pedestrian	1	NA	FALSE	FALSE	1	DOYLE AVE	HOPE ST	2024-01-05	Two-Way , Not Divided	Dry	Daylight	Clear	Angle (Front - to - Side) Opposite Direction	Yes	Traffic Control Signal	1	1	Non-Incapacitating	2	41.83877	-71.40017	FALSE	FALSE	Doyle Ave and Hope Street, Providence, RI, USA	NA	Raw	NA	FALSE	41.83877	-71.40017	2024	January
5	2024-01-05	907489	18:31:00	Pedestrian	1	NA	TRUE	FALSE	1	CHALKSTONE AVE.	ACADEMY AVE	2024-01-05	Two-Way , Not Divided	Dry	Dark - Lighted	Clear	Angle (Front - to - Side) Right Angle (Includes Broadside)	No	No Controls	4	1	Pain Reported	NA	41.83245	-71.44454	FALSE	FALSE	Chalkstone Ave. and Academy Ave, Providence, RI, USA	NA	Raw	NA	FALSE	41.83245	-71.44454	2024	January
6	2024-01-07	907527	14:09:00	Pedestrian	1	NA	FALSE	FALSE	1	PORTLAND ST	BROAD ST	2024-01-07	Two-Way , Not Divided	Snow	Daylight	Snow	Not a Collision Between Two Motor Vehicles in Transport	Yes	No Controls	2	1	Pain Reported	NA	41.81407	-71.42115	FALSE	FALSE	Portland Street and Broad Street, Providence, RI, USA	NA	Raw	NA	FALSE	41.81407	-71.42115	2024	January
7	2024-01-09	907648	16:30:00	Pedestrian	1	NA	FALSE	FALSE	1	BROAD ST	BROAD ST	2024-01-09	Two-Way , Not Divided	Wet	Dark - Lighted	Rain	Not a Collision Between Two Motor Vehicles in Transport	No	No Controls	3	1	Pain Reported	NA	41.81459	-71.42105	FALSE	FALSE	Broad Street and Broad Street, Providence, RI, USA	NA	Raw	distance greater than 100m	TRUE	41.81459	-71.42105	2024	January
8	2024-01-10	907676	18:03:00	Pedestrian	1	NA	TRUE	FALSE	1	WATERMAN ST	HOPE ST	2024-01-10	One-Way Trafficway	Dry	Dark - Lighted	Clear	Not a Collision Between Two Motor Vehicles in Transport	No	Traffic Control Signal	4	1	Pain Reported	NA	41.82758	-71.39723	FALSE	FALSE	Waterman Street and Hope Street, Providence, RI, USA	NA	Raw	NA	FALSE	41.82758	-71.39723	2024	January