row_number	crash_date	crash_report_id	crash_time	collision_type	count_pedestrian	count_bicycle	scooter	wheel_chair	number_of_vehicles	street_or_highway	nearest_intersection	report_date	type_of_roadway	road_surface_condition	light_condition	weather_condition	manner_of_impact	hit_and_run	traffic_control	person_count	injury_count	most_serious_injury	number_of_lanes	lat_raw	lon_raw	has_st_number	is_intersection_null	address_sent_to_geocoder	api_coord_conf	best_coordinate_set	reason_for_qa	manually_qaed_record	final_lat	final_lon	year	month
73	2024-04-17	910415	15:49:00	Bicycle	NA	1	FALSE	FALSE	1	CHALKSTONE AVE	PEKIN ST	2024-04-17	Two-Way , Not Divided	Dry	Daylight	Clear	Rear End(Front-to-Rear)	Yes	No Controls	1	1	Pain Reported	NA	41.83575	-71.42368	FALSE	FALSE	Chalkstone Ave and Pekin Street, Providence, RI, USA	NA	Raw	NA	FALSE	41.83575	-71.42368	2024	April
74	2024-04-18	910436	13:05:00	Pedestrian	1	NA	FALSE	FALSE	1	BOWEN ST.	HOPE ST	2024-04-18	Two-Way , Not Divided	Dry	Daylight	Clear	Not a Collision Between Two Motor Vehicles in Transport	Yes	Stop Signs	2	1	Pain Reported	NA	41.83091	-71.39923	FALSE	FALSE	Bowen St. and Hope Street, Providence, RI, USA	NA	Raw	NA	FALSE	41.83091	-71.39923	2024	April
75	2024-04-20	910465	01:09:00	Pedestrian	1	NA	FALSE	FALSE	1	LIVINGSTON ST	DRYDEN LN	2024-04-20	Unknown	Dry	Dark - Lighted	Clear	Not a Collision Between Two Motor Vehicles in Transport	Yes	No Controls	3	1	Pain Reported	NA	41.8416	-71.40992	FALSE	FALSE	Livingston Street and Dryden Ln, Providence, RI, USA	NA	Raw	NA	FALSE	41.8416	-71.40992	2024	April
76	2024-04-20	910468	02:37:00	Bicycle	NA	1	FALSE	FALSE	1	SHELDON ST	BROOK ST	2024-04-20	Two-Way , Not Divided	Wet	Dark - Lighted	Cloudy	Not a Collision Between Two Motor Vehicles in Transport	No	Stop Signs	3	1	Non-Incapacitating	NA	41.81998	-71.39833	FALSE	FALSE	Sheldon Street and Brook Street, Providence, RI, USA	NA	Raw	NA	FALSE	41.81998	-71.39833	2024	April
77	2024-04-21	910506	18:12:00	Other	1	NA	TRUE	FALSE	1	HOPE ST	12TH ST	2024-04-21	Two-Way , Not Divided	Dry	Daylight	Clear	Not a Collision Between Two Motor Vehicles in Transport	No	No Controls	5	1	Pain Reported	NA	41.85582	-71.39165	FALSE	FALSE	Hope Street and 12th Street, Providence, RI, USA	NA	Raw	NA	FALSE	41.85582	-71.39165	2024	April
78	2024-04-22	910520	10:11:00	Pedestrian	1	NA	FALSE	FALSE	1	GEORGE ST	HOPE ST	2024-04-22	Two-Way , Not Divided	Dry	Daylight	Clear	Not a Collision Between Two Motor Vehicles in Transport	Yes	Stop Signs	1	0	No Injury	2	41.82579	-71.39727	FALSE	FALSE	George Street and Hope Street, Providence, RI, USA	NA	Raw	NA	FALSE	41.82579	-71.39727	2024	April
79	2024-04-27	910675	17:47:00	Bicycle	NA	1	FALSE	FALSE	1	WESTMINSTER ST	WINTER ST	2024-04-27	Two-Way , Not Divided	Dry	Daylight	Clear	Not a Collision Between Two Motor Vehicles in Transport	No	Traffic Control Signal	2	1	Pain Reported	NA	NA	NA	FALSE	FALSE	Westminster Street and Winter Street, Providence, RI, USA	NA	Neither	raw coords null but geocoded coords found	TRUE	41.81742	-71.42234	2024	April
80	2024-04-29	910769	14:59:00	Bicycle	NA	1	FALSE	FALSE	1	INDIA ST	S MAIN ST	2024-04-30	Two-Way , Not Divided	Dry	Daylight	Clear	Not a Collision Between Two Motor Vehicles in Transport	Yes	No Controls	1	1	Pain Reported	NA	41.81698	-71.39774	FALSE	FALSE	India Street and S Main Street, Providence, RI, USA	NA	Raw	NA	FALSE	41.81698	-71.39774	2024	April
81	2024-05-03	910855	12:18:00	Pedestrian	1	NA	FALSE	FALSE	1	BROAD ST	PORTLAND ST	2024-05-03	Two-Way , Not Divided	Dry	Daylight	Cloudy	Not a Collision Between Two Motor Vehicles in Transport	No	No Controls	2	1	Pain Reported	NA	41.81416	-71.42129	FALSE	FALSE	Broad Street and Portland Street, Providence, RI, USA	NA	Raw	NA	FALSE	41.81416	-71.42129	2024	May
82	2024-05-04	910908	11:30:00	Pedestrian	1	NA	FALSE	FALSE	1	Salter St	Nelson St	2024-05-04	Two-Way , Not Divided	Dry	Daylight	Clear	Not a Collision Between Two Motor Vehicles in Transport	Yes	No Controls	1	1	Pain Reported	2	NA	NA	FALSE	FALSE	Salter Street and Nelson Street, Providence, RI, USA	NA	Geocoded	raw coords null but geocoded coords found	TRUE	41.8450631	-71.4444202	2024	May
83	2024-05-06	910996	06:36:00	Pedestrian	1	NA	FALSE	FALSE	1	BROAD ST	OXFORD ST	2024-05-06	Two-Way , Not Divided	Dry	Dawn	Clear	Not a Collision Between Two Motor Vehicles in Transport	Yes	No Controls	1	1	Pain Reported	NA	41.80048	-71.41748	FALSE	FALSE	Broad Street and Oxford Street, Providence, RI, USA	NA	Raw	NA	FALSE	41.80048	-71.41748	2024	May
84	2024-05-07	911014	07:17:00	Pedestrian	1	NA	FALSE	FALSE	1	ATWELLS AVE	SUTTON ST	2024-05-07	Two-Way , Not Divided	Dry	Daylight	Clear	Not a Collision Between Two Motor Vehicles in Transport	No	Pavement Markings	3	1	Pain Reported	NA	41.82378	-71.42953	FALSE	FALSE	Atwells Ave and Sutton Street, Providence, RI, USA	NA	Raw	NA	FALSE	41.82378	-71.42953	2024	May
85	2024-05-08	911050	16:22:00	Bicycle	NA	1	FALSE	FALSE	1	PUBLIC ST	BROAD ST	2024-05-08	Two-Way , Not Divided	Dry	Daylight	Cloudy	Not a Collision Between Two Motor Vehicles in Transport	No	Pavement Markings	4	1	Pain Reported	NA	41.80442	-71.41935	FALSE	FALSE	Public Street and Broad Street, Providence, RI, USA	NA	Raw	NA	FALSE	41.80442	-71.41935	2024	May
86	2024-05-10	911115	19:37:00	Bicycle	NA	1	FALSE	FALSE	1	BROADWAY	EMPIRE ST	2024-05-10	Two-Way, Divided, Unprotected (painted>4feet) Medium	Dry	Daylight	Clear	Not a Collision Between Two Motor Vehicles in Transport	No	Traffic Control Signal	2	1	Pain Reported	NA	41.82257	-71.41746	FALSE	FALSE	Broadway and Empire Street, Providence, RI, USA	NA	Raw	NA	FALSE	41.82257	-71.41746	2024	May
87	2024-05-12	911188	21:04:00	Pedestrian	2	NA	FALSE	FALSE	1	245 ATWELLS AVE	NA	2024-05-12	Two-Way , Not Divided	Wet	Dark - Lighted	Cloudy	Not a Collision Between Two Motor Vehicles in Transport	No	No Controls	3	0	No Injury	NA	NA	NA	TRUE	TRUE	245 Atwells Ave, Providence, RI, USA	NA	Neither	raw coords null but geocoded coords found	TRUE	41.82358	-71.42619	2024	May
88	2024-05-14	911226	02:04:00	Pedestrian	1	NA	FALSE	FALSE	1	KENNEDY PLZ	DORRANCE ST	2024-05-14	Two-Way, Divided, Unprotected (painted>4feet) Medium	Dry	Dark - Lighted	Clear	Not a Collision Between Two Motor Vehicles in Transport	No	No Controls	3	2	Pain Reported	NA	41.82414	-71.41234	FALSE	FALSE	Kennedy Plz and Dorrance Street, Providence, RI, USA	NA	Raw	NA	FALSE	41.82414	-71.41234	2024	May
89	2024-05-15	911285	16:22:00	Bicycle	NA	1	FALSE	FALSE	1	Planet Street	S Main Street	2024-05-15	One-Way Trafficway	Wet	Dusk	Rain	Not a Collision Between Two Motor Vehicles in Transport	No	Stop Signs	2	1	Pain Reported	NA	41.82317	-71.40585	FALSE	FALSE	Planet Street and S Main Street, Providence, RI, USA	NA	Raw	NA	FALSE	41.82317	-71.40585	2024	May
90	2024-05-16	911314	05:23:00	Pedestrian	1	NA	FALSE	FALSE	1	CRANSTON ST	BENEDICT ST	2024-05-16	Two-Way , Not Divided	Wet	Dusk	Rain	Other	No	No Controls	2	1	Pain Reported	NA	41.80537	-71.43736	FALSE	FALSE	Cranston Street and Benedict Street, Providence, RI, USA	NA	Raw	NA	FALSE	41.80537	-71.43736	2024	May
91	2024-05-20	911446	16:48:00	Pedestrian	1	NA	FALSE	FALSE	1	Douglas/ Henrietta St	NA	2024-05-20	Two-Way , Not Divided	Dry	Daylight	Clear	Not a Collision Between Two Motor Vehicles in Transport	No	No Controls	2	1	Pain Reported	NA	NA	NA	FALSE	TRUE	Douglas/ Henrietta Street, Providence, RI, USA	NA	Geocoded	raw coords null but geocoded coords found	TRUE	41.8544229	-71.43963959999999	2024	May
92	2024-05-21	911491	16:10:00	Pedestrian	1	NA	FALSE	FALSE	1	GLADSTONE ST.	BAXTER ST	2024-05-21	Two-Way , Not Divided	Dry	Daylight	Clear	Not a Collision Between Two Motor Vehicles in Transport	No	No Controls	3	1	Pain Reported	NA	41.80267	-71.41862	FALSE	FALSE	Gladstone St. and Baxter Street, Providence, RI, USA	NA	Geocoded	distance greater than 100m	TRUE	41.80318630000001	-71.4164725	2024	May
93	2024-05-21	911496	17:34:00	Pedestrian	1	NA	TRUE	FALSE	1	BROAD ST.	BROAD ST	2024-05-21	Two-Way , Not Divided	Dry	Daylight	Clear	Not a Collision Between Two Motor Vehicles in Transport	Yes	No Controls	3	1	Pain Reported	NA	41.79941	-71.41617	FALSE	FALSE	Broad St. and Broad Street, Providence, RI, USA	NA	Raw	distance greater than 100m	TRUE	41.79941	-71.41617	2024	May
94	2024-05-22	911511	12:09:00	Pedestrian	1	NA	FALSE	FALSE	1	Wickenden St	Traverse St	2024-05-22	Two-Way , Not Divided	Dry	Daylight	Clear	Not a Collision Between Two Motor Vehicles in Transport	Yes	Pavement Markings	2	1	Pain Reported	2	NA	NA	FALSE	FALSE	Wickenden Street and Traverse Street, Providence, RI, USA	NA	Geocoded	raw coords null but geocoded coords found	TRUE	41.8193244	-71.399659	2024	May
95	2024-05-22	911523	15:32:00	Pedestrian	1	NA	FALSE	FALSE	4	HOLLIS ST.	CRANSTON ST	2024-05-22	Two-Way , Not Divided	Dry	Daylight	Clear	Angle (Front - to - Side) Opposite Direction	Yes	No Controls	6	1	Pain Reported	NA	41.81083	-71.43177	FALSE	FALSE	Hollis St. and Cranston Street, Providence, RI, USA	NA	Raw	NA	FALSE	41.81083	-71.43177	2024	May
96	2024-05-22	911536	19:50:00	Pedestrian	1	NA	FALSE	FALSE	1	Eddy Street	Applegate Lane	2024-05-22	Two-Way , Not Divided	Dry	Daylight	Clear	Not a Collision Between Two Motor Vehicles in Transport	Yes	Unknown	1	1	Pain Reported	NA	41.79893	-71.40554	FALSE	FALSE	Eddy Street and Applegate Lane, Providence, RI, USA	NA	Raw	NA	FALSE	41.79893	-71.40554	2024	May
97	2024-05-22	911679	17:07:00	Bicycle	NA	1	FALSE	FALSE	1	FREMONT ST	GANO ST	2024-05-27	Two-Way , Not Divided	Dry	Daylight	Clear	Not a Collision Between Two Motor Vehicles in Transport	No	Stop Signs	2	1	Non-Incapacitating	NA	41.8225	-71.3899	FALSE	FALSE	Fremont Street and Gano Street, Providence, RI, USA	NA	Raw	NA	FALSE	41.8225	-71.3899	2024	May
98	2024-05-24	911577	11:53:00	Pedestrian	1	NA	FALSE	FALSE	1	285 governor st	ANGELL ST	2024-05-24	Unknown	Dry	Daylight	Clear	Not a Collision Between Two Motor Vehicles in Transport	No	No Controls	2	0	No Injury	1	41.82867	-71.39392	TRUE	FALSE	285 Governor Street, Providence, RI, USA	NA	Raw	NA	FALSE	41.82867	-71.39392	2024	May
99	2024-05-24	911589	16:20:00	Pedestrian	1	NA	FALSE	FALSE	1	ELMWOOD AVE	ELMWOOD AVE	2024-05-24	Two-Way , Not Divided	Dry	Daylight	Clear	Not a Collision Between Two Motor Vehicles in Transport	No	Pavement Markings	2	1	Pain Reported	NA	41.80698	-71.42488	FALSE	FALSE	Elmwood Ave and Elmwood Ave, Providence, RI, USA	NA	Raw	distance greater than 100m	TRUE	41.80698	-71.42488	2024	May
100	2024-05-25	911629	16:47:00	Pedestrian	1	NA	TRUE	FALSE	1	TROY ST	DIKE ST	2024-05-25	Two-Way , Not Divided	Dry	Daylight	Clear	Not a Collision Between Two Motor Vehicles in Transport	Yes	Stop Signs	2	1	Pain Reported	NA	41.81561	-71.44149	FALSE	FALSE	Troy Street and Dike Street, Providence, RI, USA	NA	Raw	NA	FALSE	41.81561	-71.44149	2024	May
101	2024-05-25	911630	17:06:00	Pedestrian	1	NA	FALSE	FALSE	1	ADELAIDE AVE	BROAD ST	2024-05-25	Two-Way , Not Divided	Dry	Daylight	Clear	Not a Collision Between Two Motor Vehicles in Transport	Yes	Traffic Control Signal	4	1	Pain Reported	NA	41.79885	-71.41547	FALSE	FALSE	Adelaide Ave and Broad Street, Providence, RI, USA	NA	Raw	NA	FALSE	41.79885	-71.41547	2024	May
102	2024-05-26	911652	11:50:00	Bicycle	NA	1	FALSE	FALSE	1	ELMWOOD AVE	CONGRESS AVE	2024-05-26	Two-Way , Not Divided	Dry	Daylight	Clear	Not a Collision Between Two Motor Vehicles in Transport	Yes	Pavement Markings	2	1	Pain Reported	NA	41.79854	-71.42629	FALSE	FALSE	Elmwood Ave and Congress Ave, Providence, RI, USA	NA	Raw	NA	FALSE	41.79854	-71.42629	2024	May
103	2024-05-28	911692	09:40:00	Bicycle	NA	1	FALSE	FALSE	1	Broad St	LOCKWOOD ST	2024-05-28	Two-Way , Not Divided	Dry	Daylight	Clear	Angle (Front - to - Side) Right Angle (Includes Broadside)	Yes	No Controls	1	1	Pain Reported	NA	41.81539	-71.4206	FALSE	FALSE	Broad Street and Lockwood Street, Providence, RI, USA	NA	Raw	NA	FALSE	41.81539	-71.4206	2024	May
104	2024-05-28	911706	15:12:00	Pedestrian	1	NA	FALSE	FALSE	1	DEAN ST	WASHINGTON ST	2024-05-28	Two-Way , Not Divided	Dry	Daylight	Clear	Not a Collision Between Two Motor Vehicles in Transport	No	Stop Signs	2	1	Pain Reported	NA	41.81905	-71.42073	FALSE	FALSE	Dean Street and Washington Street, Providence, RI, USA	NA	Raw	NA	FALSE	41.81905	-71.42073	2024	May
105	2024-05-28	911712	16:45:00	Other	NA	NA	TRUE	FALSE	2	SMITH ST	OAKLAND AVE	2024-05-28	Two-Way, Divided, Unprotected (painted>4feet) Medium	Dry	Daylight	Clear	Sidwswipe, Opposite Direction	Yes	Traffic Control Signal	1	0	No Injury	NA	41.83621	-71.43041	FALSE	FALSE	Smith Street and Oakland Ave, Providence, RI, USA	NA	Raw	NA	FALSE	41.83621	-71.43041	2024	May
106	2024-05-29	911729	07:41:00	Pedestrian	1	NA	FALSE	FALSE	1	Abbott St	Knowles St	2024-05-29	Two-Way , Not Divided	Dry	Daylight	Clear	Not a Collision Between Two Motor Vehicles in Transport	No	No Controls	3	1	Pain Reported	2	NA	NA	FALSE	FALSE	Abbott Street and Knowles Street, Providence, RI, USA	NA	Geocoded	raw coords null but geocoded coords found	TRUE	41.8428505	-71.404744	2024	May
107	2024-05-30	911757	00:28:00	Pedestrian	1	NA	FALSE	FALSE	1	N MAIN ST	RANDALL ST	2024-05-30	Two-Way, Divided, Positive Median Barrier	Dry	Dark - Lighted	Cloudy	Not a Collision Between Two Motor Vehicles in Transport	No	Pavement Markings	2	1	Fatal	NA	41.83799	-71.40962	FALSE	FALSE	N Main Street and Randall Street, Providence, RI, USA	NA	Raw	NA	FALSE	41.83799	-71.40962	2024	May
108	2024-05-30	911782	15:50:00	Bicycle	NA	1	FALSE	FALSE	1	CONGRESS AVE.	BROAD ST	2024-05-30	Two-Way , Not Divided	Dry	Daylight	Clear	Not a Collision Between Two Motor Vehicles in Transport	No	No Controls	2	0	No Injury	NA	41.801	-71.41812	FALSE	FALSE	Congress Ave. and Broad Street, Providence, RI, USA	NA	Raw	NA	FALSE	41.801	-71.41812	2024	May
109	2024-05-30	911821	21:28:00	Pedestrian	1	NA	FALSE	FALSE	1	PARK ST	PROMENADE ST	2024-05-31	One-Way Trafficway	Dry	Dark - Lighted	Clear	Not a Collision Between Two Motor Vehicles in Transport	Yes	Other	1	0	Unknown	NA	41.82797	-71.41761	FALSE	FALSE	Park Street and Promenade Street, Providence, RI, USA	NA	Raw	NA	FALSE	41.82797	-71.41761	2024	May
110	2024-05-31	911809	14:34:00	Other	NA	NA	TRUE	FALSE	1	ELMWOOD AVE	PARKIS AVE	2024-05-31	Two-Way, Divided, Unprotected (painted>4feet) Medium	Dry	Daylight	Clear	Not a Collision Between Two Motor Vehicles in Transport	No	No Controls	2	0	No Injury	NA	41.8091	-71.42452	FALSE	FALSE	Elmwood Ave and Parkis Ave, Providence, RI, USA	NA	Raw	NA	FALSE	41.8091	-71.42452	2024	May
111	2024-06-01	911852	22:48:00	Pedestrian	1	NA	FALSE	FALSE	1	MESSER ST	CRANSTON ST	2024-06-02	Two-Way, Divided, Unprotected (painted>4feet) Medium	Dry	Dark - Lighted	Clear	Not a Collision Between Two Motor Vehicles in Transport	Yes	Pavement Markings	2	1	Pain Reported	NA	41.80963	-71.43345	FALSE	FALSE	Messer Street and Cranston Street, Providence, RI, USA	NA	Raw	NA	FALSE	41.80963	-71.43345	2024	June
112	2024-06-01	913969	21:07:00	Pedestrian	1	NA	FALSE	FALSE	1	WESTMINSTER ST	TOBEY ST	2024-07-05	Two-Way , Not Divided	Dry	Dark - Lighted	Clear	Not a Collision Between Two Motor Vehicles in Transport	Yes	No Controls	1	1	Pain Reported	NA	41.816160000000004	-71.43484	FALSE	FALSE	Westminster Street and Tobey Street, Providence, RI, USA	NA	Raw	NA	FALSE	41.816160000000004	-71.43484	2024	June
113	2024-06-02	911863	09:41:00	Bicycle	NA	1	FALSE	FALSE	1	392 Cranston Street	PARADE ST	2024-06-02	Two-Way , Not Divided	Dry	Daylight	Clear	Other	Yes	No Controls	2	1	Pain Reported	NA	41.8118	-71.43114	TRUE	FALSE	392 Cranston Street, Providence, RI, USA	NA	Raw	NA	FALSE	41.8118	-71.43114	2024	June
114	2024-06-03	911903	15:03:00	Pedestrian	1	NA	TRUE	FALSE	1	NEWARK ST	VALLEY ST	2024-06-03	Two-Way , Not Divided	Dry	Daylight	Clear	Not a Collision Between Two Motor Vehicles in Transport	No	Traffic Control Signal	3	1	Pain Reported	NA	41.82521	-71.43931	FALSE	FALSE	Newark Street and Valley Street, Providence, RI, USA	NA	Raw	NA	FALSE	41.82521	-71.43931	2024	June
115	2024-06-03	911904	16:02:00	Pedestrian	1	NA	TRUE	FALSE	1	VALLEY ST.	HAROLD ST	2024-06-03	Two-Way , Not Divided	Dry	Daylight	Clear	Not a Collision Between Two Motor Vehicles in Transport	No	Traffic Control Signal	3	1	Pain Reported	NA	41.82674	-71.4379	FALSE	FALSE	Valley St. and Harold Street, Providence, RI, USA	NA	Raw	NA	FALSE	41.82674	-71.4379	2024	June
116	2024-06-04	911941	15:48:00	Pedestrian	1	NA	TRUE	FALSE	1	CHALKSTONE AVE	OAKLAND AVE	2024-06-04	Two-Way , Not Divided	Dry	Daylight	Clear	Not a Collision Between Two Motor Vehicles in Transport	No	No Controls	2	1	Pain Reported	NA	41.83404	-71.43095	FALSE	FALSE	Chalkstone Ave and Oakland Ave, Providence, RI, USA	NA	Raw	NA	FALSE	41.83404	-71.43095	2024	June
117	2024-06-04	911942	17:35:00	Other	NA	1	TRUE	FALSE	1	OCONNOR ST	CASS ST	2024-06-04	Two-Way , Not Divided	Dry	Daylight	Clear	Not a Collision Between Two Motor Vehicles in Transport	No	No Controls	3	1	Pain Reported	NA	41.79408	-71.40614	FALSE	FALSE	Oconnor Street and Cass Street, Providence, RI, USA	NA	Raw	NA	FALSE	41.79408	-71.40614	2024	June
118	2024-06-06	912006	18:32:00	Other	NA	1	TRUE	FALSE	1	OAKLAND AVE	PLEASANT VALLEY PKWY	2024-06-06	Two-Way , Not Divided	Dry	Daylight	Cloudy	Not a Collision Between Two Motor Vehicles in Transport	No	No Controls	3	1	Pain Reported	NA	41.83567	-71.43045	FALSE	FALSE	Oakland Ave and Pleasant Valley Pkwy, Providence, RI, USA	NA	Raw	NA	FALSE	41.83567	-71.43045	2024	June
119	2024-06-08	912059	09:57:00	Pedestrian	1	NA	TRUE	FALSE	1	Brook	Power	2024-06-08	Two-Way , Not Divided	Dry	Daylight	Clear	Angle (Front - to - Side) Right Angle (Includes Broadside)	No	Stop Signs	5	1	Pain Reported	NA	NA	NA	FALSE	FALSE	Brook and Power, Providence, RI, USA	NA	Geocoded	raw coords null but geocoded coords found	TRUE	41.8230692	-71.39871049999999	2024	June
120	2024-06-09	912101	18:05:00	Pedestrian	1	NA	FALSE	FALSE	1	POTTERS AVE	PRAIRIE AVE	2024-06-09	Two-Way , Not Divided	Dry	Daylight	Clear	Not a Collision Between Two Motor Vehicles in Transport	No	Stop Signs	3	1	Non-Incapacitating	NA	41.80409	-71.41419	FALSE	FALSE	Potters Ave and Prairie Ave, Providence, RI, USA	NA	Raw	NA	FALSE	41.80409	-71.41419	2024	June
121	2024-06-10	912125	13:19:00	Pedestrian	1	NA	FALSE	FALSE	1	SUPERIOR ST	CRANSTON ST	2024-06-10	Two-Way , Not Divided	Dry	Daylight	Clear	Not a Collision Between Two Motor Vehicles in Transport	No	No Controls	2	1	Pain Reported	NA	41.81043	-71.43263	FALSE	FALSE	Superior Street and Cranston Street, Providence, RI, USA	NA	Raw	NA	FALSE	41.81043	-71.43263	2024	June
122	2024-06-11	912163	12:10:00	Pedestrian	1	NA	FALSE	FALSE	1	PINE ST	STEWART ST	2024-06-11	Two-Way , Not Divided	Dry	Daylight	Cloudy	Not a Collision Between Two Motor Vehicles in Transport	Yes	Stop Signs	2	1	Pain Reported	NA	41.81549	-71.4167	FALSE	FALSE	Pine Street and Stewart Street, Providence, RI, USA	NA	Raw	NA	FALSE	41.81549	-71.4167	2024	June
123	2024-06-11	912176	15:31:00	Pedestrian	1	NA	FALSE	FALSE	1	Thurbers Ave.	PRAIRIE AVE	2024-06-11	Two-Way , Not Divided	Dry	Daylight	Clear	Not a Collision Between Two Motor Vehicles in Transport	Yes	Unknown	1	1	Pain Reported	NA	41.79872	-71.41192	FALSE	FALSE	Thurbers Ave. and Prairie Ave, Providence, RI, USA	NA	Raw	NA	FALSE	41.79872	-71.41192	2024	June
124	2024-06-13	912277	23:04:00	Pedestrian	1	NA	FALSE	FALSE	1	Admiral Street	ADMIRAL ST EXIT	2024-06-14	Two-Way , Not Divided	Dry	Dark - Lighted	Clear	Not a Collision Between Two Motor Vehicles in Transport	No	Traffic Control Signal	3	1	Pain Reported	NA	41.84068	-71.41899	FALSE	FALSE	Admiral Street and Admiral Street Exit, Providence, RI, USA	NA	Raw	distance greater than 100m	TRUE	41.84068	-71.41899	2024	June
125	2024-06-15	913313	10:58:00	Pedestrian	1	NA	FALSE	FALSE	1	Gallatin ST	EMERSON ST	2024-06-15	Two-Way , Not Divided	Dry	Daylight	Clear	Not a Collision Between Two Motor Vehicles in Transport	Yes	No Controls	1	0	No Injury	NA	41.79708	-71.41391	FALSE	FALSE	Gallatin Street and Emerson Street, Providence, RI, USA	NA	Geocoded	distance greater than 100m	TRUE	41.7966579	-71.415359	2024	June
126	2024-06-16	913341	10:42:00	Bicycle	NA	1	FALSE	FALSE	1	MEMORIAL BLVD	FRANCIS ST	2024-06-16	Two-Way, Divided, Positive Median Barrier	Dry	Daylight	Clear	Not a Collision Between Two Motor Vehicles in Transport	No	Traffic Control Signal	4	0	No Injury	NA	41.8259	-71.41535	FALSE	FALSE	Memorial Blvd and Francis Street, Providence, RI, USA	NA	Raw	NA	FALSE	41.8259	-71.41535	2024	June
127	2024-06-18	913441	21:27:00	Pedestrian	1	NA	FALSE	FALSE	1	270 Broad Street	LOCKWOOD ST	2024-06-18	Two-Way , Not Divided	Dry	Dark - Lighted	Clear	Not a Collision Between Two Motor Vehicles in Transport	Yes	No Controls	1	1	Pain Reported	NA	41.8155	-71.42053	TRUE	FALSE	270 Broad Street, Providence, RI, USA	NA	Raw	NA	FALSE	41.8155	-71.42053	2024	June
128	2024-06-20	913476	12:57:00	Bicycle	NA	1	FALSE	FALSE	1	FILLMORE ST	ADMIRAL ST	2024-06-20	Two-Way , Not Divided	Dry	Daylight	Clear	Not a Collision Between Two Motor Vehicles in Transport	No	Pavement Markings	2	1	Non-Incapacitating	NA	41.84081	-71.41986	FALSE	FALSE	Fillmore Street and Admiral Street, Providence, RI, USA	NA	Raw	NA	FALSE	41.84081	-71.41986	2024	June
129	2024-06-20	913497	14:57:00	Pedestrian	1	NA	FALSE	FALSE	1	110 LOCKWOOD ST	PLAIN ST	2024-06-20	One-Way Trafficway	Dry	Daylight	Clear	Not a Collision Between Two Motor Vehicles in Transport	No	No Controls	3	1	Non-Incapacitating	NA	41.81153	-71.41171	TRUE	FALSE	110 Lockwood Street, Providence, RI, USA	NA	Neither	distance greater than 100m	TRUE	41.81236	-71.410675	2024	June
130	2024-06-22	913533	23:40:00	Other	1	NA	TRUE	FALSE	1	MANTON AVE	CHAFFEE ST	2024-06-22	Two-Way , Not Divided	Dry	Dark - Lighted	Clear	Not a Collision Between Two Motor Vehicles in Transport	Unknown	No Controls	1	1	Pain Reported	NA	41.81874	-71.44566	FALSE	FALSE	Manton Ave and Chaffee Street, Providence, RI, USA	NA	Raw	NA	FALSE	41.81874	-71.44566	2024	June
131	2024-06-22	913561	22:38:00	Bicycle	NA	1	FALSE	FALSE	1	BROAD ST	PEARL ST	2024-06-22	Two-Way, Divided, Unprotected (painted>4feet) Medium	Dry	Dark - Lighted	Cloudy	Not a Collision Between Two Motor Vehicles in Transport	Yes	No Controls	1	1	Pain Reported	NA	41.81475	-71.42095	FALSE	FALSE	Broad Street and Pearl Street, Providence, RI, USA	NA	Raw	NA	FALSE	41.81475	-71.42095	2024	June
132	2024-06-24	913596	09:00:00	Bicycle	NA	NA	FALSE	FALSE	2	BROADWAY	MARSHALL ST	2024-06-24	Two-Way , Not Divided	Dry	Daylight	Clear	Angle (Front - to - Side) Right Angle (Includes Broadside)	No	No Controls	7	1	Pain Reported	NA	41.81906	-71.43249	FALSE	FALSE	Broadway and Marshall Street, Providence, RI, USA	NA	Raw	NA	FALSE	41.81906	-71.43249	2024	June
133	2024-06-25	913640	15:32:00	Bicycle	NA	1	FALSE	FALSE	1	GALLATIN ST	EMERSON ST	2024-06-25	Two-Way , Not Divided	Dry	Daylight	Clear	Not a Collision Between Two Motor Vehicles in Transport	Yes	Pavement Markings	3	1	Pain Reported	NA	41.79721	-71.41344	FALSE	FALSE	Gallatin Street and Emerson Street, Providence, RI, USA	NA	Geocoded	distance greater than 100m	TRUE	41.7966579	-71.415359	2024	June
134	2024-06-25	913649	20:07:00	Pedestrian	1	NA	FALSE	FALSE	1	Francis Street	Gaspee Street	2024-06-25	Two-Way , Not Divided	Dry	Daylight	Clear	Not a Collision Between Two Motor Vehicles in Transport	Yes	No Controls	2	1	Pain Reported	NA	41.8289	-71.41531	FALSE	FALSE	Francis Street and Gaspee Street, Providence, RI, USA	NA	Raw	distance greater than 100m	TRUE	41.8289	-71.41531	2024	June
135	2024-06-27	913703	16:03:00	Bicycle	NA	1	FALSE	FALSE	1	BROAD ST.	CLAVERICK ST	2024-06-27	Two-Way , Not Divided	Dry	Daylight	Clear	Not a Collision Between Two Motor Vehicles in Transport	No	Traffic Control Signal	3	1	Pain Reported	NA	41.81938	-71.41493	FALSE	FALSE	Broad St. and Claverick Street, Providence, RI, USA	NA	Raw	NA	FALSE	41.81938	-71.41493	2024	June