row_number	crash_date	crash_report_id	crash_time	collision_type	count_pedestrian	count_bicycle	scooter	wheel_chair	number_of_vehicles	street_or_highway	nearest_intersection	report_date	type_of_roadway	road_surface_condition	light_condition	weather_condition	manner_of_impact	hit_and_run	traffic_control	person_count	injury_count	most_serious_injury	number_of_lanes	lat_raw	lon_raw	has_st_number	is_intersection_null	address_sent_to_geocoder	api_coord_conf	best_coordinate_set	reason_for_qa	manually_qaed_record	final_lat	final_lon	year	month
136	2024-06-28	913723	07:11:00	Pedestrian	1	NA	FALSE	FALSE	1	MANTON AVE	FRUIT HILL AVE	2024-06-28	Two-Way , Not Divided	Dry	Daylight	Clear	Not a Collision Between Two Motor Vehicles in Transport	Yes	Traffic Control Signal	2	1	Pain Reported	NA	41.83388	-71.46783	FALSE	FALSE	Manton Ave and Fruit Hill Ave, Providence, RI, USA	NA	Raw	NA	FALSE	41.83388	-71.46783	2024	June
137	2024-06-30	913789	12:12:00	Bicycle	NA	1	FALSE	FALSE	1	POTTERS AVE	ELMWOOD AVE	2024-06-30	Two-Way , Not Divided	Dry	Daylight	Cloudy	Not a Collision Between Two Motor Vehicles in Transport	No	Traffic Control Signal	2	1	Non-Incapacitating	NA	41.80151	-71.42635	FALSE	FALSE	Potters Ave and Elmwood Ave, Providence, RI, USA	NA	Raw	NA	FALSE	41.80151	-71.42635	2024	June
138	2024-07-01	913826	13:27:00	Bicycle	NA	1	FALSE	FALSE	1	Violet Street	Orms Street	2024-07-01	Two-Way, Divided, Unprotected (painted>4feet) Medium	Dry	Daylight	Clear	Not a Collision Between Two Motor Vehicles in Transport	No	No Controls	4	1	Pain Reported	1	NA	NA	FALSE	FALSE	Violet Street and Orms Street, Providence, RI, USA	NA	Geocoded	raw coords null but geocoded coords found	TRUE	41.8331177	-71.4262516	2024	July
139	2024-07-02	913873	16:18:00	Pedestrian	1	NA	FALSE	FALSE	1	WAYLAND AVE	S ANGELL ST	2024-07-02	Two-Way , Not Divided	Dry	Daylight	Clear	Not a Collision Between Two Motor Vehicles in Transport	Yes	Traffic Control Signal	2	1	Pain Reported	NA	41.83003	-71.38795	FALSE	FALSE	Wayland Ave and S Angell Street, Providence, RI, USA	NA	Raw	NA	FALSE	41.83003	-71.38795	2024	July
140	2024-07-02	913874	15:33:00	Bicycle	NA	NA	FALSE	FALSE	2	WESTMINSTER ST	CAHIR ST	2024-07-02	Two-Way, Divided, Positive Median Barrier	Dry	Daylight	Clear	Sideswipe, Same Direction	No	No Controls	3	0	No Injury	NA	41.81804	-71.42057	FALSE	FALSE	Westminster Street and Cahir Street, Providence, RI, USA	NA	Raw	NA	FALSE	41.81804	-71.42057	2024	July
141	2024-07-02	913882	21:41:00	Bicycle	NA	1	FALSE	FALSE	1	S WATER ST	DYER ST	2024-07-02	Two-Way, Divided, Positive Median Barrier	Dry	Dark - Lighted	Clear	Not a Collision Between Two Motor Vehicles in Transport	No	Traffic Control Signal	6	1	Pain Reported	NA	41.82414	-71.40809	FALSE	FALSE	S Water Street and Dyer Street, Providence, RI, USA	NA	Raw	NA	FALSE	41.82414	-71.40809	2024	July
142	2024-07-04	913948	14:01:00	Other	NA	NA	TRUE	FALSE	2	MEMORIAL BLVD	FRANCIS ST	2024-07-05	Two-Way, Divided, Positive Median Barrier	Dry	Daylight	Clear	Not a Collision Between Two Motor Vehicles in Transport	Yes	Traffic Control Signal	1	0	No Injury	NA	41.82591	-71.41529	FALSE	FALSE	Memorial Blvd and Francis Street, Providence, RI, USA	NA	Raw	NA	FALSE	41.82591	-71.41529	2024	July
143	2024-07-05	913960	15:13:00	Other	NA	NA	TRUE	FALSE	2	FARRAGUT AVE	MONTGOMERY AVE	2024-07-05	Two-Way , Not Divided	Dry	Daylight	Clear	Angle (Front - to - Side) Right Angle (Includes Broadside)	Yes	Traffic Control Signal	4	1	Pain Reported	NA	41.78744	-71.40284	FALSE	FALSE	Farragut Ave and Montgomery Ave, Providence, RI, USA	NA	Unknown	distance greater than 100m	TRUE	NA	NA	2024	July
144	2024-07-05	913970	16:06:00	Bicycle	NA	1	FALSE	FALSE	1	CLYM ST	ADMIRAL ST	2024-07-05	Two-Way , Not Divided	Dry	Daylight	Clear	Angle (Front - to - Side) Right Angle (Includes Broadside)	Yes	Stop Signs	1	1	Pain Reported	NA	41.84418	-71.42372	FALSE	FALSE	Clym Street and Admiral Street, Providence, RI, USA	NA	Raw	distance greater than 100m	TRUE	41.84418	-71.42372	2024	July
145	2024-07-05	913983	23:13:00	Pedestrian	1	NA	TRUE	FALSE	2	PLAINFIELD ST	WEBSTER AVE	2024-07-05	Two-Way, Not Divided With a Continuous Left Turn Lane	Dry	Dark - Lighted	Clear	Not a Collision Between Two Motor Vehicles in Transport	No	Traffic Control Signal	4	2	Incapacitating	NA	41.81366	-71.45085	FALSE	FALSE	Plainfield Street and Webster Ave, Providence, RI, USA	NA	Raw	NA	FALSE	41.81366	-71.45085	2024	July
146	2024-07-06	914004	18:44:00	Bicycle	NA	NA	FALSE	FALSE	3	ALVERSON AVE	MERINO ST	2024-07-06	Two-Way , Not Divided	Dry	Daylight	Clear	Sideswipe, Same Direction	Yes	No Controls	5	0	No Injury	NA	41.81371	-71.45833	FALSE	FALSE	Alverson Ave and Merino Street, Providence, RI, USA	NA	Raw	distance greater than 100m	TRUE	41.81371	-71.45833	2024	July
147	2024-07-07	914019	15:20:00	Pedestrian	1	NA	FALSE	FALSE	1	Union Ave	EXIT	2024-07-07	One-Way Trafficway	Dry	Daylight	Clear	Not a Collision Between Two Motor Vehicles in Transport	Yes	Traffic Control Signal	2	1	Non-Incapacitating	NA	41.80854	-71.44116	FALSE	FALSE	Union Ave and Exit, Providence, RI, USA	NA	Raw	distance greater than 100m	TRUE	41.80854	-71.44116	2024	July
148	2024-07-07	914028	17:10:00	Pedestrian	1	NA	FALSE	TRUE	1	WASHINGTON ST/ JOHN J PARDINGTON WAY	DEAN ST	2024-07-07	Two-Way , Not Divided	Dry	Daylight	Clear	Other	No	No Controls	2	1	Pain Reported	NA	41.81964	-71.41979	FALSE	FALSE	Washington St/ John J Pardington Way and Dean Street, Providence, RI, USA	NA	Neither	distance greater than 100m	TRUE	41.819542	-71.420023	2024	July
149	2024-07-10	914106	13:20:00	Bicycle	NA	1	FALSE	FALSE	1	PROMENADE ST	BATH ST	2024-07-10	One-Way Trafficway	Dry	Daylight	Clear	Not a Collision Between Two Motor Vehicles in Transport	No	Stop Signs	3	1	Pain Reported	NA	41.82929	-71.42361	FALSE	FALSE	Promenade Street and Bath Street, Providence, RI, USA	NA	Raw	NA	FALSE	41.82929	-71.42361	2024	July
150	2024-07-12	914155	12:35:00	Bicycle	1	NA	TRUE	FALSE	1	Admiral Street	Douglas Avenue	2024-07-12	Two-Way, Divided, Unprotected (painted>4feet) Medium	Dry	Daylight	Clear	Not a Collision Between Two Motor Vehicles in Transport	No	Traffic Control Signal	5	1	Non-Incapacitating	1	NA	NA	FALSE	FALSE	Admiral Street and Douglas Avenue, Providence, RI, USA	NA	Geocoded	raw coords null but geocoded coords found	TRUE	41.84607219999999	-71.4289474	2024	July
151	2024-07-12	914158	12:52:00	Bicycle	NA	1	FALSE	FALSE	1	N MAIN ST	Pleasant Street	2024-07-12	Two-Way , Not Divided	Dry	Daylight	Cloudy	Not a Collision Between Two Motor Vehicles in Transport	No	No Controls	3	1	Pain Reported	NA	41.83919	-71.40904	FALSE	FALSE	N Main Street and Pleasant Street, Providence, RI, USA	NA	Raw	NA	FALSE	41.83919	-71.40904	2024	July
152	2024-07-12	914160	15:59:00	Pedestrian	1	NA	FALSE	FALSE	1	ELMWOOD AVE	EARL ST	2024-07-12	Unknown	Wet	Daylight	Rain	Not a Collision Between Two Motor Vehicles in Transport	No	No Controls	5	1	Pain Reported	NA	41.79798	-71.42615	FALSE	FALSE	Elmwood Ave and Earl Street, Providence, RI, USA	NA	Raw	NA	FALSE	41.79798	-71.42615	2024	July
153	2024-07-14	914219	20:47:00	Bicycle	1	NA	TRUE	FALSE	1	BROAD ST	BROAD ST	2024-07-14	Two-Way , Not Divided	Dry	Dark - Lighted	Clear	Angle (Front - to - Side) Right Angle (Includes Broadside)	No	No Controls	3	1	Pain Reported	NA	41.79948	-71.41625	FALSE	FALSE	Broad Street and Broad Street, Providence, RI, USA	NA	Raw	distance greater than 100m	TRUE	41.79948	-71.41625	2024	July
154	2024-07-15	914235	16:58:00	Pedestrian	1	NA	FALSE	FALSE	1	ORMS ST	CANDACE ST	2024-07-15	Two-Way , Not Divided	Dry	Daylight	Clear	Other	No	Traffic Control Signal	2	0	No Injury	NA	41.83379	-71.42186	FALSE	FALSE	Orms Street and Candace Street, Providence, RI, USA	NA	Raw	NA	FALSE	41.83379	-71.42186	2024	July
155	2024-07-16	914272	18:57:00	Bicycle	NA	1	FALSE	FALSE	1	FORD ST.	DEXTER ST	2024-07-16	Two-Way , Not Divided	Dry	Daylight	Clear	Not a Collision Between Two Motor Vehicles in Transport	No	Stop Signs	4	2	Pain Reported	NA	41.80868	-71.42829	FALSE	FALSE	Ford St. and Dexter Street, Providence, RI, USA	NA	Raw	NA	FALSE	41.80868	-71.42829	2024	July
156	2024-07-18	914331	12:55:00	Bicycle	NA	NA	FALSE	FALSE	2	WESTMINSTER ST	CRANSTON ST	2024-07-18	One-Way Trafficway	Dry	Daylight	Cloudy	Rear End(Front-to-Rear)	No	No Controls	2	1	Pain Reported	NA	41.81782	-71.42104	FALSE	FALSE	Westminster Street and Cranston Street, Providence, RI, USA	NA	Raw	distance greater than 100m	TRUE	41.81782	-71.42104	2024	July
157	2024-07-18	914343	15:17:00	Bicycle	1	NA	TRUE	FALSE	1	BLACKSTONE BLVD	LORIMER AVE	2024-07-18	Two-Way, Divided, Positive Median Barrier	Dry	Daylight	Clear	Not a Collision Between Two Motor Vehicles in Transport	No	Stop Signs	5	1	Incapacitating	NA	41.85275	-71.38885	FALSE	FALSE	Blackstone Blvd and Lorimer Ave, Providence, RI, USA	NA	Raw	NA	FALSE	41.85275	-71.38885	2024	July
158	2024-07-18	914344	18:18:00	Pedestrian	1	NA	FALSE	FALSE	1	HARRIS AVE	KINSLEY AVE	2024-07-18	One-Way Trafficway	Dry	Daylight	Clear	Not a Collision Between Two Motor Vehicles in Transport	No	No Controls	3	1	Pain Reported	NA	41.82779	-71.41902	FALSE	FALSE	Harris Ave and Kinsley Ave, Providence, RI, USA	NA	Raw	distance greater than 100m	TRUE	41.82779	-71.41902	2024	July
159	2024-07-20	914400	18:09:00	Bicycle	1	NA	FALSE	FALSE	1	SMITH ST.	TYNDALL AVE.	2024-07-20	Two-Way , Not Divided	Dry	Daylight	Clear	Not a Collision Between Two Motor Vehicles in Transport	No	Stop Signs	7	1	Incapacitating	NA	41.83765	-71.43366	FALSE	FALSE	Smith St. and Tyndall Ave., Providence, RI, USA	NA	Raw	NA	FALSE	41.83765	-71.43366	2024	July
160	2024-07-21	914409	03:12:00	Other	NA	NA	TRUE	FALSE	2	MEMORIAL BLVD	STEEPLE ST	2024-07-21	Two-Way , Not Divided	Wet	Dark - Lighted	Rain	Angle (Front - to - Side) Right Angle (Includes Broadside)	No	Traffic Control Signal	2	1	Incapacitating	NA	41.82677	-71.41063	FALSE	FALSE	Memorial Blvd and Steeple Street, Providence, RI, USA	NA	Raw	NA	FALSE	41.82677	-71.41063	2024	July
161	2024-07-21	914424	19:25:00	Other	1	NA	TRUE	FALSE	1	335 Hartford Ave.	Bodell Ave.	2024-07-21	Two-Way , Not Divided	Dry	Dark - Lighted	Clear	Not a Collision Between Two Motor Vehicles in Transport	Yes	No Controls	2	0	No Injury	2	NA	NA	TRUE	FALSE	335 Hartford Ave., Providence, RI, USA	NA	Neither	raw coords null but geocoded coords found	TRUE	41.81768	-71.45363	2024	July
162	2024-07-22	914443	16:31:00	Pedestrian	1	NA	FALSE	FALSE	1	PLAINFIELD ST	DIKE ST	2024-07-22	Two-Way , Not Divided	Dry	Daylight	Cloudy	Not a Collision Between Two Motor Vehicles in Transport	No	No Controls	4	1	Pain Reported	NA	41.81637	-71.44441	FALSE	FALSE	Plainfield Street and Dike Street, Providence, RI, USA	NA	Raw	NA	FALSE	41.81637	-71.44441	2024	July
163	2024-07-22	914457	23:07:00	Bicycle	NA	1	FALSE	FALSE	1	WESTMINSTER ST	ALMY ST	2024-07-22	Two-Way, Divided, Unprotected (painted>4feet) Medium	Dry	Dark - Lighted	Cloudy	Not a Collision Between Two Motor Vehicles in Transport	No	No Controls	4	1	Pain Reported	NA	41.81646	-71.43246	FALSE	FALSE	Westminster Street and Almy Street, Providence, RI, USA	NA	Raw	NA	FALSE	41.81646	-71.43246	2024	July
164	2024-07-23	914470	13:14:00	Pedestrian	1	NA	FALSE	FALSE	1	CULVER ST	DUDLEY ST	2024-07-23	Two-Way , Not Divided	Wet	Daylight	Cloudy	Not a Collision Between Two Motor Vehicles in Transport	No	No Controls	5	1	Pain Reported	NA	41.8104	-71.40861	FALSE	FALSE	Culver Street and Dudley Street, Providence, RI, USA	NA	Raw	NA	FALSE	41.8104	-71.40861	2024	July
165	2024-07-23	914472	14:00:00	Other	1	NA	TRUE	FALSE	1	RICHTER ST	CHALKSTONE AVE	2024-07-23	Two-Way , Not Divided	Dry	Daylight	Clear	Not a Collision Between Two Motor Vehicles in Transport	No	No Controls	2	1	Pain Reported	NA	41.83489	-71.42965	FALSE	FALSE	Richter Street and Chalkstone Ave, Providence, RI, USA	NA	Raw	NA	FALSE	41.83489	-71.42965	2024	July
166	2024-07-23	914493	20:11:00	Pedestrian	1	NA	FALSE	FALSE	1	ONTARIO ST	NIAGARA ST	2024-07-23	Two-Way , Not Divided	Dry	Dusk	Cloudy	Not a Collision Between Two Motor Vehicles in Transport	Yes	No Controls	1	1	Non-Incapacitating	NA	41.79971	-71.41993	FALSE	FALSE	Ontario Street and Niagara Street, Providence, RI, USA	NA	Raw	NA	FALSE	41.79971	-71.41993	2024	July
167	2024-07-23	915075	09:32:00	Bicycle	NA	1	FALSE	FALSE	1	OAKLAND AVE	CHAD BROWN ST	2024-08-15	Two-Way , Not Divided	Wet	Daylight	Clear	Not a Collision Between Two Motor Vehicles in Transport	No	Stop Signs	3	1	Pain Reported	NA	41.8389	-71.42936	FALSE	FALSE	Oakland Ave and Chad Brown Street, Providence, RI, USA	NA	Raw	NA	FALSE	41.8389	-71.42936	2024	July
168	2024-07-24	914520	20:36:00	Pedestrian	1	NA	FALSE	FALSE	1	Academy Ave	Maplehurst Ave	2024-07-25	Two-Way , Not Divided	Dry	Dark - Lighted	Clear	Not a Collision Between Two Motor Vehicles in Transport	No	No Controls	2	1	Pain Reported	NA	41.82683	-71.44364	FALSE	FALSE	Academy Ave and Maplehurst Ave, Providence, RI, USA	NA	Raw	NA	FALSE	41.82683	-71.44364	2024	July
169	2024-07-25	914531	13:00:00	Pedestrian	1	NA	FALSE	FALSE	1	NORTH MAIN ST	WATERMAN ST	2024-07-25	One-Way Trafficway	Dry	Daylight	Cloudy	Not a Collision Between Two Motor Vehicles in Transport	No	Traffic Control Signal	2	0	No Injury	NA	41.82693	-71.40873	FALSE	FALSE	North Main Street and Waterman Street, Providence, RI, USA	NA	Raw	NA	FALSE	41.82693	-71.40873	2024	July
170	2024-07-26	914549	14:00:00	Pedestrian	1	NA	FALSE	FALSE	1	1261 North Main St	9th St	2024-07-26	Two-Way , Not Divided	Dry	Daylight	Clear	Not a Collision Between Two Motor Vehicles in Transport	Yes	No Controls	2	1	Pain Reported	2	NA	NA	TRUE	FALSE	1261 North Main Street, Providence, RI, USA	NA	Neither	raw coords null but geocoded coords found	TRUE	41.854730000000004	-71.40033	2024	July
171	2024-07-26	914556	15:09:00	Pedestrian	1	NA	FALSE	FALSE	1	Pine St.	SOMERSET ST	2024-07-26	Two-Way , Not Divided	Dry	Daylight	Clear	Not a Collision Between Two Motor Vehicles in Transport	Yes	No Controls	1	1	Pain Reported	NA	41.81252	-71.41954	FALSE	FALSE	Pine St. and Somerset Street, Providence, RI, USA	NA	Raw	NA	FALSE	41.81252	-71.41954	2024	July
172	2024-07-27	914570	10:12:00	Other	NA	NA	TRUE	FALSE	2	BROAD STREET	GALLUP STREET	2024-07-27	Two-Way , Not Divided	Dry	Daylight	Clear	Rear End(Front-to-Rear)	No	No Controls	3	0	No Injury	NA	41.79928	-71.41601	FALSE	FALSE	Broad Street and Gallup Street, Providence, RI, USA	NA	Raw	NA	FALSE	41.79928	-71.41601	2024	July
173	2024-07-27	914575	12:51:00	Bicycle	NA	1	FALSE	FALSE	1	SMITHFIELD AVE	I 95 NORTH RAMP	2024-07-27	Two-Way, Divided, Positive Median Barrier	Dry	Daylight	Clear	Not a Collision Between Two Motor Vehicles in Transport	No	Traffic Control Signal	2	1	Non-Incapacitating	NA	41.85478	-71.40446	FALSE	FALSE	Smithfield Ave and I 95 North Ramp, Providence, RI, USA	NA	Raw	distance greater than 100m	TRUE	41.85478	-71.40446	2024	July
174	2024-07-28	914604	20:46:00	Bicycle	NA	NA	FALSE	FALSE	2	KILLINGLY ST	PLAINFIELD ST	2024-07-28	Two-Way , Not Divided	Dry	Dark - Lighted	Clear	Rear End(Front-to-Rear)	Yes	No Controls	1	0	No Injury	2	41.81316	-71.4595	FALSE	FALSE	Killingly Street and Plainfield Street, Providence, RI, USA	NA	Raw	NA	FALSE	41.81316	-71.4595	2024	July
175	2024-07-30	914642	14:10:00	Bicycle	NA	1	FALSE	FALSE	1	Barry Road	HARTFORD AVE	2024-07-30	Two-Way , Not Divided	Dry	Daylight	Clear	Angle (Front - to - Side) Same Direction	No	No Controls	2	1	Pain Reported	NA	41.81751	-71.45207	FALSE	FALSE	Barry Road and Hartford Ave, Providence, RI, USA	NA	Raw	NA	FALSE	41.81751	-71.45207	2024	July
176	2024-07-30	915029	13:33:00	Other	NA	NA	TRUE	FALSE	2	ACADEMY	MAPLEHURST	2024-07-30	Two-Way , Not Divided	Dry	Daylight	Clear	Not a Collision Between Two Motor Vehicles in Transport	No	No Controls	2	0	No Injury	NA	41.82567	-71.42689	FALSE	FALSE	Academy and Maplehurst, Providence, RI, USA	NA	Geocoded	distance greater than 100m	TRUE	41.8268621	-71.4436581	2024	July
177	2024-07-31	914683	21:02:00	Pedestrian	1	NA	FALSE	FALSE	1	N Main Street	Branch Ave	2024-07-31	Two-Way, Divided, Positive Median Barrier	Dry	Dark - Lighted	Clear	Not a Collision Between Two Motor Vehicles in Transport	No	Traffic Control Signal	3	1	Pain Reported	NA	41.84199	-71.40798	FALSE	FALSE	N Main Street and Branch Ave, Providence, RI, USA	NA	Raw	NA	FALSE	41.84199	-71.40798	2024	July
178	2024-08-01	914695	10:18:00	Pedestrian	1	NA	FALSE	FALSE	1	CHALKSTONE AVE	ACADEMY AVE	2024-08-01	Two-Way , Not Divided	Dry	Daylight	Clear	Not a Collision Between Two Motor Vehicles in Transport	No	Traffic Control Signal	3	1	Non-Incapacitating	NA	41.83245	-71.44453	FALSE	FALSE	Chalkstone Ave and Academy Ave, Providence, RI, USA	NA	Raw	NA	FALSE	41.83245	-71.44453	2024	August
179	2024-08-01	914712	16:35:00	Other	NA	1	TRUE	FALSE	1	343 BROAD ST	BROAD ST	2024-08-02	Two-Way, Divided, Unprotected (painted>4feet) Medium	Dry	Daylight	Clear	Sideswipe, Same Direction	No	No Controls	2	1	Pain Reported	NA	41.81346	-71.42175	TRUE	FALSE	343 Broad Street, Providence, RI, USA	NA	Raw	NA	FALSE	41.81346	-71.42175	2024	August
180	2024-08-02	914735	20:02:00	Other	NA	NA	TRUE	FALSE	2	UNION AVE	SILVER LAKE AVE	2024-08-02	Two-Way , Not Divided	Dry	Dark - Lighted	Clear	Angle (Front - to - Side) Same Direction	No	No Controls	2	1	Pain Reported	NA	41.80751	-71.45987	FALSE	FALSE	Union Ave and Silver Lake Ave, Providence, RI, USA	NA	Raw	NA	FALSE	41.80751	-71.45987	2024	August
181	2024-08-03	914745	10:21:00	Bicycle	NA	1	FALSE	FALSE	1	5 Elmwood Ave	BRIDGHAM ST	2024-08-03	Two-Way , Not Divided	Dry	Daylight	Clear	Not a Collision Between Two Motor Vehicles in Transport	No	No Controls	4	1	Pain Reported	NA	41.81275	-71.42218	TRUE	FALSE	5 Elmwood Ave, Providence, RI, USA	NA	Raw	NA	FALSE	41.81275	-71.42218	2024	August
182	2024-08-03	914749	10:08:00	Bicycle	NA	1	FALSE	FALSE	1	EDDY ST	VERMONT AVE	2024-08-03	Two-Way , Not Divided	Dry	Daylight	Clear	Not a Collision Between Two Motor Vehicles in Transport	No	Stop Signs	2	1	Pain Reported	NA	41.78756	-71.40242	FALSE	FALSE	Eddy Street and Vermont Ave, Providence, RI, USA	NA	Raw	NA	FALSE	41.78756	-71.40242	2024	August
183	2024-08-03	914779	13:37:00	Pedestrian	1	NA	FALSE	FALSE	1	Plainfield St	DIKE ST	2024-08-04	Two-Way , Not Divided	Dry	Daylight	Clear	Not a Collision Between Two Motor Vehicles in Transport	No	No Controls	2	1	Pain Reported	NA	41.81631	-71.44451	FALSE	FALSE	Plainfield Street and Dike Street, Providence, RI, USA	NA	Raw	NA	FALSE	41.81631	-71.44451	2024	August
184	2024-08-07	914864	15:31:00	Bicycle	NA	1	FALSE	FALSE	1	GORDON AVE	SARATOGA ST	2024-08-07	Two-Way, Not Divided With a Continuous Left Turn Lane	Wet	Daylight	Cloudy	Not a Collision Between Two Motor Vehicles in Transport	Yes	No Controls	2	1	Pain Reported	NA	41.80481	-71.4162	FALSE	FALSE	Gordon Ave and Saratoga Street, Providence, RI, USA	NA	Raw	NA	FALSE	41.80481	-71.4162	2024	August
185	2024-08-08	914913	17:38:00	Other	1	NA	TRUE	FALSE	1	SILVER SPRING ST	DE PINEDO ST	2024-08-08	Two-Way , Not Divided	Dry	Daylight	Cloudy	Not a Collision Between Two Motor Vehicles in Transport	No	No Controls	3	0	No Injury	NA	41.85494	-71.41167	FALSE	FALSE	Silver Spring Street and De Pinedo Street, Providence, RI, USA	NA	Raw	NA	FALSE	41.85494	-71.41167	2024	August
186	2024-08-11	914985	01:02:00	Pedestrian	1	NA	TRUE	FALSE	1	ATLANTIC AVE	NIAGARA ST	2024-08-11	Two-Way , Not Divided	Dry	Dark - Lighted	Clear	Not a Collision Between Two Motor Vehicles in Transport	Yes	No Controls	1	1	Non-Incapacitating	NA	41.79862	-71.41865	FALSE	FALSE	Atlantic Ave and Niagara Street, Providence, RI, USA	NA	Raw	NA	FALSE	41.79862	-71.41865	2024	August
187	2024-08-11	914994	14:35:00	Bicycle	NA	NA	FALSE	FALSE	2	DETROIT AVE	BYFIELD ST	2024-08-11	Two-Way , Not Divided	Dry	Daylight	Clear	Angle (Front - to - Side) Same Direction	Yes	Pavement Markings	2	0	No Injury	NA	41.79439	-71.40993	FALSE	FALSE	Detroit Ave and Byfield Street, Providence, RI, USA	NA	Raw	NA	FALSE	41.79439	-71.40993	2024	August
188	2024-08-11	915005	22:05:00	Pedestrian	1	NA	FALSE	FALSE	1	FORD ST	CRANSTON ST	2024-08-11	Two-Way , Not Divided	Dry	Dark - Lighted	Clear	Not a Collision Between Two Motor Vehicles in Transport	Yes	No Controls	1	1	Incapacitating	NA	41.80997	-71.43311	FALSE	FALSE	Ford Street and Cranston Street, Providence, RI, USA	NA	Raw	NA	FALSE	41.80997	-71.43311	2024	August
189	2024-08-11	915011	23:45:00	Bicycle	NA	1	FALSE	FALSE	1	Cranston St	HANOVER ST	2024-08-12	Two-Way , Not Divided	Dry	Dark - Lighted	Clear	Not a Collision Between Two Motor Vehicles in Transport	Yes	No Controls	3	1	Incapacitating	NA	41.80928	-71.43372	FALSE	FALSE	Cranston Street and Hanover Street, Providence, RI, USA	NA	Raw	NA	FALSE	41.80928	-71.43372	2024	August
190	2024-08-12	915018	15:13:00	Other	1	NA	TRUE	FALSE	1	FRANCIS ST	AMERICAN EXPRESS PLZ	2024-08-12	Two-Way, Divided, Unprotected (painted>4feet) Medium	Dry	Daylight	Cloudy	Not a Collision Between Two Motor Vehicles in Transport	No	No Controls	2	1	Non-Incapacitating	NA	41.82745	-71.41541	FALSE	FALSE	Francis Street and American Express Plz, Providence, RI, USA	NA	Raw	distance greater than 100m	TRUE	41.82745	-71.41541	2024	August
191	2024-08-12	915261	09:30:00	Bicycle	NA	2	FALSE	FALSE	1	CHALKSTONE AVE	RIVER AVE	2024-08-21	Two-Way, Divided, Unprotected (painted>4feet) Medium	Dry	Daylight	Clear	Angle (Front - to - Side) Right Angle (Includes Broadside)	No	Traffic Control Signal	3	2	Pain Reported	NA	41.83258	-71.43854	FALSE	FALSE	Chalkstone Ave and River Ave, Providence, RI, USA	NA	Raw	NA	FALSE	41.83258	-71.43854	2024	August
192	2024-08-13	915039	11:05:00	Other	NA	NA	TRUE	FALSE	2	BRANCH AVE	OLMSTEAD WAY	2024-08-13	Two-Way , Not Divided	Dry	Daylight	Clear	Sideswipe, Same Direction	No	No Controls	2	1	Pain Reported	NA	41.85384	-71.4295	FALSE	FALSE	Branch Ave and Olmstead Way, Providence, RI, USA	NA	Raw	NA	FALSE	41.85384	-71.4295	2024	August
193	2024-08-13	915045	16:08:00	Pedestrian	1	NA	TRUE	FALSE	1	POTTERS AVE	BROAD ST	2024-08-13	Two-Way , Not Divided	Dry	Daylight	Clear	Not a Collision Between Two Motor Vehicles in Transport	No	Traffic Control Signal	2	1	Pain Reported	NA	41.80297	-71.41891	FALSE	FALSE	Potters Ave and Broad Street, Providence, RI, USA	NA	Raw	NA	FALSE	41.80297	-71.41891	2024	August
194	2024-08-14	915064	14:25:00	Bicycle	NA	1	TRUE	FALSE	1	BROAD ST	WHITMARSH ST	2024-08-14	Two-Way , Not Divided	Dry	Daylight	Clear	Angle (Front - to - Side) Same Direction	No	No Controls	4	1	Pain Reported	2	NA	NA	FALSE	FALSE	Broad Street and Whitmarsh Street, Providence, RI, USA	NA	Geocoded	raw coords null but geocoded coords found	TRUE	41.8060863	-71.4198849	2024	August
195	2024-08-14	920088	09:40:00	Pedestrian	1	NA	FALSE	FALSE	1	broad St	THURBERS AVE	2025-01-03	Two-Way, Divided, Unprotected (painted>4feet) Medium	Dry	Daylight	Clear	Head-On (Front - to - Front)	No	No Controls	2	1	Pain Reported	NA	41.7982	-71.41467	FALSE	FALSE	Broad Street and Thurbers Ave, Providence, RI, USA	NA	Raw	NA	FALSE	41.7982	-71.41467	2024	August
196	2024-08-17	916767	15:32:00	Pedestrian	1	NA	FALSE	FALSE	1	744 CRANSTON ST	ANTHONY AVE	2024-10-02	Two-Way , Not Divided	Dry	Daylight	Clear	Other	Yes	No Controls	1	1	Pain Reported	NA	41.80465	-71.43822	TRUE	FALSE	744 Cranston Street, Providence, RI, USA	NA	Raw	NA	FALSE	41.80465	-71.43822	2024	August
197	2024-08-21	915259	12:00:00	Pedestrian	1	NA	FALSE	FALSE	1	SILVER SPRING ST	COMMODORE ST	2024-08-21	Two-Way , Not Divided	Dry	Daylight	Clear	Other	No	No Controls	3	1	Pain Reported	NA	41.84572	-71.41748	FALSE	FALSE	Silver Spring Street and Commodore Street, Providence, RI, USA	NA	Raw	NA	FALSE	41.84572	-71.41748	2024	August
198	2024-08-21	915267	16:43:00	Bicycle	NA	1	FALSE	FALSE	1	WATERMAN ST	BENEFIT ST	2024-08-21	One-Way Trafficway	Dry	Daylight	Clear	Not a Collision Between Two Motor Vehicles in Transport	No	No Controls	1	0	No Injury	2	41.82715	-71.40728	FALSE	FALSE	Waterman Street and Benefit Street, Providence, RI, USA	NA	Raw	NA	FALSE	41.82715	-71.40728	2024	August
199	2024-08-22	915295	17:49:00	Pedestrian	1	NA	FALSE	FALSE	1	BROAD ST	SERVICE ROAD 8	2024-08-22	One-Way Trafficway	Dry	Daylight	Clear	Not a Collision Between Two Motor Vehicles in Transport	No	Traffic Control Signal	2	1	Pain Reported	NA	41.81794	-71.41631	FALSE	FALSE	Broad Street and Service Road 8, Providence, RI, USA	NA	Unknown	distance greater than 100m	TRUE	NA	NA	2024	August