row_number	crash_date	crash_report_id	crash_time	collision_type	count_pedestrian	count_bicycle	scooter	wheel_chair	number_of_vehicles	street_or_highway	nearest_intersection	report_date	type_of_roadway	road_surface_condition	light_condition	weather_condition	manner_of_impact	hit_and_run	traffic_control	person_count	injury_count	most_serious_injury	number_of_lanes	lat_raw	lon_raw	has_st_number	is_intersection_null	address_sent_to_geocoder	api_coord_conf	best_coordinate_set	reason_for_qa	manually_qaed_record	final_lat	final_lon	year	month
325	2024-12-19	919683	12:35:00	Pedestrian	1	NA	FALSE	FALSE	1	WATERMAN ST	BROOK ST	2024-12-19	One-Way Trafficway	Dry	Daylight	Clear	Not a Collision Between Two Motor Vehicles in Transport	No	Traffic Control Signal	4	1	Non-Incapacitating	NA	41.8274	-71.39933	FALSE	FALSE	Waterman Street and Brook Street, Providence, RI, USA	NA	Raw	NA	FALSE	41.8274	-71.39933	2024	December
326	2024-12-19	919695	16:48:00	Pedestrian	1	NA	FALSE	FALSE	1	NARRAGANSETT BLVD	NARRAGANSETT BLVD	2024-12-19	Two-Way , Not Divided	Dry	Dark - Lighted	Clear	Not a Collision Between Two Motor Vehicles in Transport	No	Pavement Markings	2	1	Pain Reported	NA	41.78887	-71.39595	FALSE	FALSE	Narragansett Blvd and Narragansett Blvd, Providence, RI, USA	NA	Raw	distance greater than 100m	TRUE	41.78887	-71.39595	2024	December
327	2024-12-20	919703	07:47:00	Pedestrian	1	NA	FALSE	FALSE	1	DEXTER ST	DABOLL ST	2024-12-20	Two-Way , Not Divided	Dry	Daylight	Cloudy	Not a Collision Between Two Motor Vehicles in Transport	Yes	Person	2	1	Pain Reported	NA	41.80411	-71.43014	FALSE	FALSE	Dexter Street and Daboll Street, Providence, RI, USA	NA	Raw	NA	FALSE	41.80411	-71.43014	2024	December
328	2024-12-20	919720	15:41:00	Pedestrian	1	NA	FALSE	FALSE	1	broad st	BROAD ST	2024-12-20	Two-Way, Divided, Unprotected (painted>4feet) Medium	Dry	Daylight	Snow	Not a Collision Between Two Motor Vehicles in Transport	No	No Controls	2	0	No Injury	NA	41.81415	-71.4213	FALSE	FALSE	Broad Street and Broad Street, Providence, RI, USA	NA	Raw	distance greater than 100m	TRUE	41.81415	-71.4213	2024	December
329	2024-12-21	919768	10:45:00	Bicycle	NA	1	FALSE	FALSE	1	INDUSTRIAL DR (BARBARA L WAY)	N MAIN ST	2024-12-21	Two-Way , Not Divided	Wet	Daylight	Cloudy	Not a Collision Between Two Motor Vehicles in Transport	No	No Controls	2	1	Pain Reported	NA	41.84066	-71.4092	FALSE	FALSE	Industrial Dr (Barbara L Way) and N Main Street, Providence, RI, USA	NA	Neither	distance greater than 100m	TRUE	41.840624	-71.408865	2024	December
330	2024-12-27	919947	20:16:00	Pedestrian	1	NA	FALSE	FALSE	1	MAUDE ST	CONVENT ST	2024-12-27	Two-Way , Not Divided	Dry	Dark - Lighted	Clear	Not a Collision Between Two Motor Vehicles in Transport	No	No Controls	3	1	Pain Reported	NA	41.83756	-71.43347	FALSE	FALSE	Maude Street and Convent Street, Providence, RI, USA	NA	Raw	NA	FALSE	41.83756	-71.43347	2024	December
331	2024-12-28	919961	19:57:00	Pedestrian	1	NA	FALSE	FALSE	1	VALLEY ST	RIVER AVE	2024-12-28	Two-Way , Not Divided	Wet	Dark - Lighted	Rain	Not a Collision Between Two Motor Vehicles in Transport	No	Pavement Markings	2	1	Pain Reported	NA	41.82796	-71.43516	FALSE	FALSE	Valley Street and River Ave, Providence, RI, USA	NA	Raw	NA	FALSE	41.82796	-71.43516	2024	December
332	2024-12-30	919998	18:08:00	Bicycle	NA	1	FALSE	FALSE	1	NORTHUP AVE	SILVER SPRING ST	2024-12-30	Two-Way , Not Divided	Dry	Daylight	Clear	Not a Collision Between Two Motor Vehicles in Transport	Yes	Traffic Control Signal	2	1	Pain Reported	NA	41.85177	-71.41302	FALSE	FALSE	Northup Ave and Silver Spring Street, Providence, RI, USA	NA	Raw	NA	FALSE	41.85177	-71.41302	2024	December
333	2024-12-31	920018	18:11:00	Pedestrian	1	NA	FALSE	FALSE	1	ELMWOOD AVE.	CARTER ST	2024-12-31	Two-Way , Not Divided	Dry	Dark - Lighted	Clear	Not a Collision Between Two Motor Vehicles in Transport	No	No Controls	3	1	Pain Reported	NA	41.7994	-71.4265	FALSE	FALSE	Elmwood Ave. and Carter Street, Providence, RI, USA	NA	Raw	NA	FALSE	41.7994	-71.4265	2024	December
334	2024-12-31	920022	16:48:00	Bicycle	NA	1	FALSE	FALSE	1	PUTNAM ST	ATWELLS AVE	2024-12-31	Two-Way , Not Divided	Dry	Dark - Lighted	Clear	Not a Collision Between Two Motor Vehicles in Transport	No	Flashing Traffic Control Signal	3	1	Pain Reported	NA	41.8248	-71.44372	FALSE	FALSE	Putnam Street and Atwells Ave, Providence, RI, USA	NA	Raw	NA	FALSE	41.8248	-71.44372	2024	December
1	2025-01-02	920089	08:11:00	Pedestrian	1	NA	FALSE	FALSE	1	TERMINAL ROAD	NEW YORK AVE	2025-01-03	Unknown	Dry	Daylight	Clear	Unknown	Yes	Unknown	3	0	No Injury	NA	41.79613	-71.39506	FALSE	FALSE	Terminal Road and New York Ave, Providence, RI, USA	NA	Geocoded	distance greater than 100m	TRUE	41.7943605	-71.3864663	2025	January
2	2025-01-02	920108	23:14:00	Pedestrian	1	NA	FALSE	FALSE	1	325 washington st	NA	2025-01-04	Two-Way , Not Divided	Dry	Dark - Lighted	Clear	Not a Collision Between Two Motor Vehicles in Transport	No	No Controls	3	1	Pain Reported	NA	NA	NA	TRUE	TRUE	325 Washington Street, Providence, RI, USA	NA	Geocoded	raw coords null but geocoded coords found	TRUE	41.81973139999999	-71.4203833	2025	January
3	2025-01-05	920134	18:25:00	Pedestrian	2	NA	FALSE	FALSE	1	FOUNTAIN ST	FRANCIS ST	2025-01-05	Two-Way , Not Divided	Dry	Daylight	Clear	Not a Collision Between Two Motor Vehicles in Transport	Yes	Traffic Control Signal	2	2	Pain Reported	NA	41.82491	-71.41471	FALSE	FALSE	Fountain Street and Francis Street, Providence, RI, USA	NA	Raw	NA	FALSE	41.82491	-71.41471	2025	January
4	2025-01-05	920169	17:15:00	Bicycle	NA	1	FALSE	FALSE	1	PLAINFIELD ST	RALPH ST	2025-01-07	Unknown	Dry	Dark - Unknown Lighting	Clear	Sidwswipe, Opposite Direction	No	Unknown	3	0	Unknown	NA	41.81345	-71.45352	FALSE	FALSE	Plainfield Street and Ralph Street, Providence, RI, USA	NA	Raw	NA	FALSE	41.81345	-71.45352	2025	January
5	2025-01-07	920181	16:04:00	Pedestrian	1	NA	FALSE	FALSE	1	WICKENDEN ST	BROOK ST	2025-01-07	Two-Way , Not Divided	Dry	Daylight	Clear	Not a Collision Between Two Motor Vehicles in Transport	No	Pavement Markings	3	1	Pain Reported	NA	41.81948	-71.39826	FALSE	FALSE	Wickenden Street and Brook Street, Providence, RI, USA	NA	Raw	NA	FALSE	41.81948	-71.39826	2025	January
8	2025-01-08	920198	16:56:00	Bicycle	NA	1	FALSE	FALSE	1	CANAL ST	MILL ST	2025-01-08	One-Way Trafficway	Dry	Dark - Lighted	Clear	Not a Collision Between Two Motor Vehicles in Transport	No	Pavement Markings	2	1	Pain Reported	NA	41.8323	-71.41095	FALSE	FALSE	Canal Street and Mill Street, Providence, RI, USA	NA	Raw	distance greater than 100m	TRUE	41.8323	-71.41095	2025	January
9	2025-01-08	920213	11:51:00	Pedestrian	1	NA	FALSE	FALSE	1	WESTMINSTER ST	EMPIRE ST	2025-01-09	Two-Way , Not Divided	Dry	Daylight	Clear	Not a Collision Between Two Motor Vehicles in Transport	Yes	Traffic Control Signal	1	1	Incapacitating	NA	41.82097	-71.41532	FALSE	FALSE	Westminster Street and Empire Street, Providence, RI, USA	NA	Raw	NA	FALSE	41.82097	-71.41532	2025	January
10	2025-01-08	920223	11:30:00	Pedestrian	1	NA	FALSE	FALSE	1	EMPIRE ST	NA	2025-01-09	Two-Way, Divided, Unprotected (painted>4feet) Medium	Dry	Daylight	Clear	Unknown	No	Unknown	3	0	Unknown	NA	NA	NA	FALSE	TRUE	Empire Street, Providence, RI, USA	NA	Unknown	raw coords null but geocoded coords found	TRUE	NA	NA	2025	January
11	2025-01-10	920278	16:38:00	Pedestrian	1	NA	FALSE	FALSE	1	GREENWICH ST	BUCKLIN ST	2025-01-10	Two-Way , Not Divided	Dry	Daylight	Clear	Rear End(Front-to-Rear)	No	No Controls	3	1	Pain Reported	NA	41.80237	-71.4261	FALSE	FALSE	Greenwich Street and Bucklin Street, Providence, RI, USA	NA	Geocoded	distance greater than 100m	TRUE	41.8023394	-71.4276629	2025	January
12	2025-01-12	920320	11:56:00	Pedestrian	2	NA	FALSE	FALSE	1	HEATH ST	HARTFORD AVE	2025-01-12	Two-Way , Not Divided	Dry	Daylight	Clear	Not a Collision Between Two Motor Vehicles in Transport	Yes	No Controls	4	2	Pain Reported	NA	41.81719	-71.44991	FALSE	FALSE	Heath Street and Hartford Ave, Providence, RI, USA	NA	Raw	NA	FALSE	41.81719	-71.44991	2025	January
14	2025-01-12	920331	09:10:00	Pedestrian	1	NA	FALSE	FALSE	1	Allens Ave	ALLENS AVE	2025-01-12	Two-Way , Not Divided	Dry	Dark - Lighted	Clear	Not a Collision Between Two Motor Vehicles in Transport	No	No Controls	3	1	Pain Reported	NA	41.79296	-71.3973	FALSE	FALSE	Allens Ave and Allens Ave, Providence, RI, USA	NA	Raw	distance greater than 100m	TRUE	41.79296	-71.3973	2025	January
15	2025-01-14	920371	08:39:00	Pedestrian	1	NA	FALSE	FALSE	1	SMITHFIELD AVE	SMITHFIELD AVE	2025-01-14	Two-Way, Divided, Positive Median Barrier	Dry	Daylight	Clear	Not a Collision Between Two Motor Vehicles in Transport	No	Traffic Control Signal	4	1	Non-Incapacitating	NA	41.85501	-71.40489	FALSE	FALSE	Smithfield Ave and Smithfield Ave, Providence, RI, USA	NA	Raw	distance greater than 100m	TRUE	41.85501	-71.40489	2025	January
16	2025-01-14	920421	18:27:00	Pedestrian	1	NA	FALSE	FALSE	1	BROADWAY	SERVICE ROAD 7	2025-01-14	One-Way Trafficway	Dry	Dark - Not Lighted	Clear	Not a Collision Between Two Motor Vehicles in Transport	No	Pavement Markings	3	1	Pain Reported	NA	41.82178	-71.4208	FALSE	FALSE	Broadway and Service Road 7, Providence, RI, USA	NA	Raw	NA	FALSE	41.82178	-71.4208	2025	January
17	2025-01-15	920438	09:00:00	Pedestrian	1	NA	FALSE	FALSE	1	ACADEMY AVE	SMITH ST	2025-01-15	Two-Way , Not Divided	Dry	Daylight	Clear	Angle (Front - to - Side) Same Direction	No	Traffic Control Signal	3	1	Pain Reported	NA	41.84258	-71.44515	FALSE	FALSE	Academy Ave and Smith Street, Providence, RI, USA	NA	Raw	NA	FALSE	41.84258	-71.44515	2025	January
18	2025-01-15	920460	16:00:00	Pedestrian	1	NA	FALSE	FALSE	1	RANDALL ST	N MAIN ST	2025-01-15	Two-Way , Not Divided	Dry	Daylight	Clear	Not a Collision Between Two Motor Vehicles in Transport	Yes	Yield Signs	1	1	Pain Reported	NA	41.83766	-71.4097	FALSE	FALSE	Randall Street and N Main Street, Providence, RI, USA	NA	Raw	distance greater than 100m	TRUE	41.83766	-71.4097	2025	January
19	2025-01-15	920668	11:15:00	Pedestrian	1	NA	FALSE	FALSE	1	ANGELL ST	BROOK ST	2025-01-21	Two-Way , Not Divided	Dry	Daylight	Clear	Not a Collision Between Two Motor Vehicles in Transport	Yes	No Controls	1	1	Pain Reported	NA	41.82821	-71.39947	FALSE	FALSE	Angell Street and Brook Street, Providence, RI, USA	NA	Raw	NA	FALSE	41.82821	-71.39947	2025	January
20	2025-01-17	920670	07:20:00	Other	NA	1	FALSE	FALSE	1	SMITH ST	ACADEMY AVE	2025-01-21	Two-Way , Not Divided	Dry	Daylight	Clear	Sideswipe, Same Direction	Yes	No Controls	1	0	Unknown	NA	41.84271	-71.44545	FALSE	FALSE	Smith Street and Academy Ave, Providence, RI, USA	NA	Raw	NA	FALSE	41.84271	-71.44545	2025	January
21	2025-01-18	920594	17:43:00	Pedestrian	1	NA	FALSE	FALSE	1	10 MEMORIAL BLVD	FRANCIS ST	2025-01-18	Two-Way, Divided, Positive Median Barrier	Wet	Dark - Lighted	Rain	Other	No	No Controls	2	1	Pain Reported	NA	41.82618	-71.41443	TRUE	FALSE	10 Memorial Blvd, Providence, RI, USA	NA	Raw	NA	FALSE	41.82618	-71.41443	2025	January
22	2025-01-18	920597	21:05:00	Other	NA	1	TRUE	FALSE	1	EXIT 22A (RT )	FRANCIS ST	2025-01-18	Two-Way, Divided, Positive Median Barrier	Wet	Dark - Lighted	Rain	Not a Collision Between Two Motor Vehicles in Transport	No	Pavement Markings	2	2	Pain Reported	NA	41.82577	-71.41527	FALSE	FALSE	Exit 22a (Rt ) and Francis Street, Providence, RI, USA	NA	Raw	distance greater than 100m	TRUE	41.82577	-71.41527	2025	January
23	2025-01-19	920616	14:57:00	Bicycle	NA	1	TRUE	FALSE	1	POTTERS AVE	BROAD ST	2025-01-19	Two-Way , Not Divided	Dry	Daylight	Clear	Not a Collision Between Two Motor Vehicles in Transport	No	Pavement Markings	5	1	Pain Reported	NA	41.80297	-71.41891	FALSE	FALSE	Potters Ave and Broad Street, Providence, RI, USA	NA	Raw	NA	FALSE	41.80297	-71.41891	2025	January
24	2025-01-22	920731	16:07:00	Pedestrian	3	NA	FALSE	FALSE	1	BROAD ST	EARLY ST	2025-01-22	Two-Way, Divided, Unprotected (painted>4feet) Medium	Dry	Daylight	Cloudy	Not a Collision Between Two Motor Vehicles in Transport	No	No Controls	4	2	Non-Incapacitating	NA	41.79536	-71.41114	FALSE	FALSE	Broad Street and Early Street, Providence, RI, USA	NA	Raw	NA	FALSE	41.79536	-71.41114	2025	January
25	2025-01-23	920756	15:06:00	Pedestrian	1	NA	FALSE	FALSE	1	BRANCH AVE EXIT	BRANCH AVE	2025-01-23	Two-Way, Divided, Positive Median Barrier	Dry	Daylight	Clear	Sideswipe, Same Direction	No	Traffic Control Signal	3	1	Pain Reported	NA	41.8464	-71.41175	FALSE	FALSE	Branch Ave Exit and Branch Ave, Providence, RI, USA	NA	Raw	distance greater than 100m	TRUE	41.8464	-71.41175	2025	January
26	2025-01-24	920790	14:40:00	Bicycle	NA	1	FALSE	FALSE	1	DEXTER ST	WESTMINSTER ST	2025-01-24	Two-Way , Not Divided	Dry	Daylight	Clear	Angle (Front - to - Side) Right Angle (Includes Broadside)	No	No Controls	2	1	Pain Reported	NA	41.81652	-71.43131	FALSE	FALSE	Dexter Street and Westminster Street, Providence, RI, USA	NA	Raw	NA	FALSE	41.81652	-71.43131	2025	January
28	2025-01-26	920839	11:36:00	Pedestrian	1	NA	FALSE	FALSE	1	1 PROVIDENCE PLACE	FRANCIS ST	2025-01-26	One-Way Trafficway	Dry	Daylight	Clear	Not a Collision Between Two Motor Vehicles in Transport	Yes	No Controls	3	0	No Injury	NA	NA	NA	TRUE	FALSE	1 Providence Place, Providence, RI, USA	NA	Geocoded	raw coords null but geocoded coords found	TRUE	41.8278238	-71.4162068	2025	January
30	2025-01-27	920872	15:36:00	Bicycle	NA	1	FALSE	FALSE	1	WESTMINSTER ST	BRIDGHAM ST	2025-01-27	Two-Way , Not Divided	Dry	Daylight	Clear	Angle (Front - to - Side) Same Direction	No	Traffic Control Signal	3	0	No Injury	NA	41.8169	-71.42851	FALSE	FALSE	Westminster Street and Bridgham Street, Providence, RI, USA	NA	Raw	NA	FALSE	41.8169	-71.42851	2025	January
31	2025-01-27	920877	15:10:00	Pedestrian	1	NA	FALSE	FALSE	1	RANDALL ST	N MAIN ST	2025-01-27	Two-Way, Divided, Positive Median Barrier	Dry	Daylight	Clear	Not a Collision Between Two Motor Vehicles in Transport	No	Pavement Markings	3	1	Pain Reported	NA	41.83834	-71.40953	FALSE	FALSE	Randall Street and N Main Street, Providence, RI, USA	NA	Raw	distance greater than 100m	TRUE	41.83834	-71.40953	2025	January
32	2025-01-28	920884	08:39:00	Bicycle	NA	1	FALSE	FALSE	1	college st	MEMORIAL BLVD	2025-01-28	Two-Way, Divided, Unprotected (painted>4feet) Medium	Dry	Daylight	Clear	Angle (Front - to - Side) Right Angle (Includes Broadside)	No	No Controls	3	1	Pain Reported	1	41.82545	-71.40839	FALSE	FALSE	College Street and Memorial Blvd, Providence, RI, USA	NA	Raw	NA	FALSE	41.82545	-71.40839	2025	January
33	2025-01-28	920901	15:31:00	Pedestrian	1	NA	FALSE	FALSE	1	Lubec St	MANILA ST	2025-01-28	Two-Way , Not Divided	Dry	Daylight	Clear	Not a Collision Between Two Motor Vehicles in Transport	No	No Controls	3	1	Pain Reported	NA	41.85439	-71.44544	FALSE	FALSE	Lubec Street and Manila Street, Providence, RI, USA	NA	Raw	NA	FALSE	41.85439	-71.44544	2025	January
34	2025-01-29	920931	13:15:00	Pedestrian	1	NA	FALSE	FALSE	1	Washington St	Mathewson St	2025-01-29	Two-Way , Not Divided	Dry	Daylight	Clear	Not a Collision Between Two Motor Vehicles in Transport	No	Traffic Control Signal	3	1	Pain Reported	2	NA	NA	FALSE	FALSE	Washington Street and Mathewson Street, Providence, RI, USA	NA	Geocoded	raw coords null but geocoded coords found	TRUE	41.823059	-71.4147776	2025	January
38	2025-02-03	921123	13:50:00	Pedestrian	1	NA	FALSE	FALSE	1	S WATER ST	PLANET ST	2025-02-04	Two-Way , Not Divided	Dry	Daylight	Clear	Not a Collision Between Two Motor Vehicles in Transport	Yes	Stop Signs	1	1	Pain Reported	NA	41.82283	-71.40647	FALSE	FALSE	S Water Street and Planet Street, Providence, RI, USA	NA	Raw	NA	FALSE	41.82283	-71.40647	2025	February
39	2025-02-04	921109	12:55:00	Pedestrian	1	NA	FALSE	FALSE	1	UNION AVE	POCASSET AVE	2025-02-04	Two-Way , Not Divided	Dry	Daylight	Clear	Not a Collision Between Two Motor Vehicles in Transport	No	No Controls	2	1	Pain Reported	NA	41.80639	-71.45714	FALSE	FALSE	Union Ave and Pocasset Ave, Providence, RI, USA	NA	Raw	NA	FALSE	41.80639	-71.45714	2025	February
42	2025-02-05	921137	07:53:00	Pedestrian	1	NA	FALSE	FALSE	1	HARTFORD AVE	LAUREL HILL AVE	2025-02-05	Two-Way, Divided, Unprotected (painted>4feet) Medium	Dry	Daylight	Clear	Not a Collision Between Two Motor Vehicles in Transport	No	Pavement Markings	3	1	Pain Reported	NA	41.81795	-71.45532	FALSE	FALSE	Hartford Ave and Laurel Hill Ave, Providence, RI, USA	NA	Raw	NA	FALSE	41.81795	-71.45532	2025	February
43	2025-02-06	921177	21:20:00	Pedestrian	1	NA	TRUE	FALSE	1	BROAD ST	LAURA ST	2025-02-06	Two-Way , Not Divided	Dry	Dark - Lighted	Clear	Head-On (Front - to - Front)	Yes	No Controls	2	1	Pain Reported	NA	41.80232	-71.41871	FALSE	FALSE	Broad Street and Laura Street, Providence, RI, USA	NA	Raw	NA	FALSE	41.80232	-71.41871	2025	February
44	2025-02-07	921191	12:21:00	Pedestrian	1	NA	FALSE	FALSE	1	CHARLES ST	SOCIAL ST	2025-02-07	Two-Way , Not Divided	Dry	Daylight	Clear	Not a Collision Between Two Motor Vehicles in Transport	No	No Controls	3	1	Fatal	NA	41.85378	-71.42052	FALSE	FALSE	Charles Street and Social Street, Providence, RI, USA	NA	Raw	NA	FALSE	41.85378	-71.42052	2025	February
45	2025-02-09	921229	00:30:00	Pedestrian	1	NA	FALSE	FALSE	2	AMES ST	ATWELLS AVE	2025-02-09	Two-Way , Not Divided	Snow	Dark - Lighted	Snow	Angle - Direction Not Specified	No	No Controls	4	1	Pain Reported	NA	41.82418	-71.43098	FALSE	FALSE	Ames Street and Atwells Ave, Providence, RI, USA	NA	Raw	NA	FALSE	41.82418	-71.43098	2025	February
46	2025-02-12	921336	17:53:00	Pedestrian	1	NA	FALSE	FALSE	1	ADMIRAL ST	CHARLES ST	2025-02-12	Two-Way , Not Divided	Dry	Dark - Lighted	Clear	Other	No	Traffic Control Signal	3	1	Pain Reported	NA	41.8407	-71.41747	FALSE	FALSE	Admiral Street and Charles Street, Providence, RI, USA	NA	Raw	NA	FALSE	41.8407	-71.41747	2025	February
47	2025-02-13	921350	09:30:00	Pedestrian	1	NA	FALSE	FALSE	1	DEXTER ST	CRANSTON ST	2025-02-13	Two-Way , Not Divided	Wet	Daylight	Rain	Not a Collision Between Two Motor Vehicles in Transport	Yes	No Controls	2	1	Pain Reported	NA	41.81241	-71.4295	FALSE	FALSE	Dexter Street and Cranston Street, Providence, RI, USA	NA	Raw	NA	FALSE	41.81241	-71.4295	2025	February
51	2025-02-17	921456	10:57:00	Pedestrian	1	NA	FALSE	FALSE	1	DUDLEY ST	CULVER ST	2025-02-17	Two-Way , Not Divided	Dry	Daylight	Severe Crosswinds	Not a Collision Between Two Motor Vehicles in Transport	No	No Controls	4	1	Incapacitating	NA	41.81061	-71.40852	FALSE	FALSE	Dudley Street and Culver Street, Providence, RI, USA	NA	Raw	NA	FALSE	41.81061	-71.40852	2025	February
53	2025-02-17	921467	22:35:00	Pedestrian	1	NA	FALSE	FALSE	1	BROAD ST	PINE ST	2025-02-17	Two-Way , Not Divided	Dry	Dark - Lighted	Clear	Not a Collision Between Two Motor Vehicles in Transport	Yes	No Controls	1	1	Pain Reported	NA	41.81167	-71.42151	FALSE	FALSE	Broad Street and Pine Street, Providence, RI, USA	NA	Geocoded	distance greater than 100m	TRUE	41.8107393	-71.42125469999999	2025	February
54	2025-02-20	921521	15:08:00	Pedestrian	1	NA	FALSE	FALSE	1	BROAD ST	MONTGOMERY AVE	2025-02-20	Two-Way , Not Divided	Dry	Daylight	Cloudy	Not a Collision Between Two Motor Vehicles in Transport	No	Pavement Markings	3	1	Pain Reported	NA	41.78592	-71.40168	FALSE	FALSE	Broad Street and Montgomery Ave, Providence, RI, USA	NA	Raw	NA	FALSE	41.78592	-71.40168	2025	February
55	2025-02-24	921634	09:00:00	Other	NA	1	FALSE	FALSE	1	EARL ST	ELMWOOD AVE	2025-02-25	Unknown	Dry	Daylight	Clear	Angle (Front - to - Side) Same Direction	No	Unknown	3	0	No Injury	NA	41.79809	-71.42618	FALSE	FALSE	Earl Street and Elmwood Ave, Providence, RI, USA	NA	Raw	NA	FALSE	41.79809	-71.42618	2025	February
56	2025-02-25	921641	11:12:00	Bicycle	NA	1	FALSE	FALSE	1	VANDEWATER STREET	BRANCH AVENUE	2025-02-25	Two-Way , Not Divided	Dry	Daylight	Clear	Angle (Front - to - Side) Right Angle (Includes Broadside)	No	No Controls	3	0	No Injury	2	NA	NA	FALSE	FALSE	Vandewater Street and Branch Avenue, Providence, RI, USA	NA	Geocoded	raw coords null but geocoded coords found	TRUE	41.8536916	-71.42882759999999	2025	February
57	2025-02-25	921665	22:54:00	Pedestrian	1	NA	FALSE	FALSE	1	ABRAM ST	BRANCH AVE	2025-02-26	Two-Way , Not Divided	Wet	Dark - Lighted	Clear	Not a Collision Between Two Motor Vehicles in Transport	No	No Controls	2	1	Pain Reported	NA	41.85387	-71.4308	FALSE	FALSE	Abram Street and Branch Ave, Providence, RI, USA	NA	Raw	NA	FALSE	41.85387	-71.4308	2025	February
59	2025-02-26	921771	20:30:00	Other	NA	1	FALSE	FALSE	1	ANGELL ST	BROWN ST	2025-02-28	One-Way Trafficway	Dry	Dark - Unknown Lighting	Clear	Other	No	Unknown	3	1	Pain Reported	NA	41.82786	-71.40319	FALSE	FALSE	Angell Street and Brown Street, Providence, RI, USA	NA	Raw	NA	FALSE	41.82786	-71.40319	2025	February
60	2025-02-27	921709	08:07:00	Pedestrian	1	NA	FALSE	FALSE	1	CHAPIN AVE	PARADE ST	2025-02-27	Two-Way, Divided, Positive Median Barrier	Dry	Daylight	Cloudy	Head-On (Front - to - Front)	No	No Controls	4	1	Pain Reported	NA	41.81189	-71.43122	FALSE	FALSE	Chapin Ave and Parade Street, Providence, RI, USA	NA	Raw	NA	FALSE	41.81189	-71.43122	2025	February
61	2025-02-27	921716	12:34:00	Bicycle	NA	1	FALSE	FALSE	1	WASHINGTON ST	EDDY ST	2025-02-27	Two-Way , Not Divided	Wet	Daylight	Cloudy	Not a Collision Between Two Motor Vehicles in Transport	No	No Controls	3	1	Non-Incapacitating	NA	41.82401	-71.4134	FALSE	FALSE	Washington Street and Eddy Street, Providence, RI, USA	NA	Raw	NA	FALSE	41.82401	-71.4134	2025	February
62	2025-02-27	921739	16:27:00	Pedestrian	1	NA	FALSE	FALSE	1	Diamond St	HOLLIS ST	2025-02-27	Two-Way , Not Divided	Wet	Daylight	Rain	Other	No	No Controls	3	1	Pain Reported	NA	41.81044	-71.42959	FALSE	FALSE	Diamond Street and Hollis Street, Providence, RI, USA	NA	Raw	NA	FALSE	41.81044	-71.42959	2025	February
64	2025-02-28	921792	21:13:00	Pedestrian	1	NA	FALSE	FALSE	1	MONTICELLO ST	OPPER ST	2025-02-28	Two-Way , Not Divided	Dry	Dark - Not Lighted	Clear	Not a Collision Between Two Motor Vehicles in Transport	Yes	No Controls	1	1	Pain Reported	NA	41.85227	-71.42309	FALSE	FALSE	Monticello Street and Opper Street, Providence, RI, USA	NA	Raw	NA	FALSE	41.85227	-71.42309	2025	February
65	2025-03-01	921807	13:05:00	Other	NA	1	FALSE	FALSE	1	BROAD ST	SUMTER ST	2025-03-01	Two-Way , Not Divided	Wet	Daylight	Cloudy	Not a Collision Between Two Motor Vehicles in Transport	No	No Controls	3	0	No Injury	NA	41.79769	-71.41405	FALSE	FALSE	Broad Street and Sumter Street, Providence, RI, USA	NA	Raw	NA	FALSE	41.79769	-71.41405	2025	March
66	2025-03-02	921932	19:40:00	Pedestrian	1	NA	FALSE	FALSE	1	ARMINGTON AVE	ACADEMY AVE	2025-03-05	Two-Way , Not Divided	Dry	Dark - Unknown Lighting	Clear	Other	No	Unknown	3	0	No Injury	NA	41.82725	-71.44371	FALSE	FALSE	Armington Ave and Academy Ave, Providence, RI, USA	NA	Raw	NA	FALSE	41.82725	-71.44371	2025	March
69	2025-03-04	921929	16:39:00	Pedestrian	1	NA	FALSE	FALSE	1	BROAD ST	BROAD ST	2025-03-04	Unknown	Dry	Daylight	Clear	Not a Collision Between Two Motor Vehicles in Transport	Yes	No Controls	1	1	Pain Reported	NA	41.81003	-71.42108	FALSE	FALSE	Broad Street and Broad Street, Providence, RI, USA	NA	Raw	distance greater than 100m	TRUE	41.81003	-71.42108	2025	March
70	2025-03-05	921974	21:45:00	Pedestrian	1	NA	FALSE	FALSE	1	ONTARIO ST	NIAGARA ST	2025-03-06	Two-Way, Divided, Unprotected (painted>4feet) Medium	Unknown	Unknown	Cloudy	Not a Collision Between Two Motor Vehicles in Transport	Yes	Stop Signs	3	1	Pain Reported	NA	41.79989	-71.41934	FALSE	FALSE	Ontario Street and Niagara Street, Providence, RI, USA	NA	Raw	NA	FALSE	41.79989	-71.41934	2025	March
73	2025-03-09	922067	09:02:00	Pedestrian	2	NA	FALSE	FALSE	1	BROADWAY	KNIGHT ST	2025-03-09	Two-Way , Not Divided	Dry	Daylight	Clear	Not a Collision Between Two Motor Vehicles in Transport	No	Traffic Control Signal	3	2	Pain Reported	NA	41.8198	-71.42936	FALSE	FALSE	Broadway and Knight Street, Providence, RI, USA	NA	Raw	NA	FALSE	41.8198	-71.42936	2025	March