row_number	crash_date	crash_report_id	crash_time	collision_type	count_pedestrian	count_bicycle	scooter	wheel_chair	number_of_vehicles	street_or_highway	nearest_intersection	report_date	type_of_roadway	road_surface_condition	light_condition	weather_condition	manner_of_impact	hit_and_run	traffic_control	person_count	injury_count	most_serious_injury	number_of_lanes	lat_raw	lon_raw	has_st_number	is_intersection_null	address_sent_to_geocoder	api_coord_conf	best_coordinate_set	reason_for_qa	manually_qaed_record	final_lat	final_lon	year	month
361	2025-09-08	927904	16:25:00	Pedestrian	1	NA	FALSE	FALSE	1	S MAIN ST	NA	2025-09-11	One-Way Trafficway	Dry	Daylight	Clear	Unknown	No	Unknown	1	1	Pain Reported	NA	41.81905	-71.40097	FALSE	TRUE	S Main Street, Providence, RI, USA	NA	Raw	distance greater than 100m	TRUE	41.81905	-71.40097	2025	September
363	2025-09-09	927834	17:29:00	Bicycle	NA	1	FALSE	FALSE	1	BROAD ST	BROAD ST	2025-09-09	Unknown	Dry	Daylight	Clear	Not a Collision Between Two Motor Vehicles in Transport	No	No Controls	2	1	Pain Reported	NA	41.80966	-71.42098	FALSE	FALSE	Broad Street and Broad Street, Providence, RI, USA	NA	Raw	distance greater than 100m	TRUE	41.80966	-71.42098	2025	September
364	2025-09-09	927836	17:29:00	Pedestrian	1	NA	FALSE	FALSE	1	CANAL ST	SMITH ST	2025-09-09	One-Way Trafficway	Dry	Daylight	Clear	Not a Collision Between Two Motor Vehicles in Transport	Yes	Pavement Markings	1	0	No Injury	NA	41.83142	-71.41134	FALSE	FALSE	Canal Street and Smith Street, Providence, RI, USA	NA	Raw	NA	FALSE	41.83142	-71.41134	2025	September
366	2025-09-10	927970	14:38:00	Pedestrian	1	NA	FALSE	FALSE	1	Smith St	ACADEMY AVE	2025-09-13	Two-Way, Divided, Unprotected (painted>4feet) Medium	Dry	Daylight	Clear	Not a Collision Between Two Motor Vehicles in Transport	No	No Controls	3	0	Unknown	NA	41.84296	-71.44605	FALSE	FALSE	Smith Street and Academy Ave, Providence, RI, USA	NA	Raw	NA	FALSE	41.84296	-71.44605	2025	September
367	2025-09-11	927921	18:30:00	Bicycle	NA	1	FALSE	FALSE	1	CHARLES ST	CHARLES ST	2025-09-11	Two-Way , Not Divided	Dry	Daylight	Clear	Not a Collision Between Two Motor Vehicles in Transport	No	Pavement Markings	3	1	Pain Reported	NA	41.85623	-71.42092	FALSE	FALSE	Charles Street and Charles Street, Providence, RI, USA	NA	Raw	distance greater than 100m	TRUE	41.85623	-71.42092	2025	September
368	2025-09-12	927948	16:42:00	Other	NA	NA	TRUE	FALSE	2	MESSER ST	FORD ST	2025-09-12	Two-Way , Not Divided	Dry	Daylight	Clear	Angle (Front - to - Side) Right Angle (Includes Broadside)	No	Pavement Markings	4	1	Pain Reported	NA	41.81067	-71.43532	FALSE	FALSE	Messer Street and Ford Street, Providence, RI, USA	NA	Raw	NA	FALSE	41.81067	-71.43532	2025	September
369	2025-09-12	927966	11:56:00	Other	NA	NA	TRUE	FALSE	2	Knight Street	WASHINGTON ST	2025-09-13	Two-Way, Divided, Positive Median Barrier	Dry	Daylight	Clear	Unknown	No	No Controls	3	1	Pain Reported	NA	41.8179	-71.42706	FALSE	FALSE	Knight Street and Washington Street, Providence, RI, USA	NA	Raw	NA	FALSE	41.8179	-71.42706	2025	September
372	2025-09-13	927965	11:45:00	Pedestrian	1	NA	FALSE	FALSE	1	ALEPPO ST	MANTON AVE	2025-09-13	Two-Way , Not Divided	Dry	Daylight	Clear	Not a Collision Between Two Motor Vehicles in Transport	No	Stop Signs	3	1	Pain Reported	NA	41.81934	-71.44622	FALSE	FALSE	Aleppo Street and Manton Ave, Providence, RI, USA	NA	Raw	NA	FALSE	41.81934	-71.44622	2025	September
373	2025-09-13	927982	20:18:00	Pedestrian	1	NA	FALSE	FALSE	1	DOUGLAS AVE	ADMIRAL ST	2025-09-13	Two-Way , Not Divided	Dry	Dark - Lighted	Clear	Not a Collision Between Two Motor Vehicles in Transport	No	No Controls	2	1	Pain Reported	NA	41.84613	-71.42909	FALSE	FALSE	Douglas Ave and Admiral Street, Providence, RI, USA	NA	Raw	NA	FALSE	41.84613	-71.42909	2025	September
374	2025-09-14	927983	00:30:00	Pedestrian	1	NA	FALSE	FALSE	1	PINEHURST AVE	CHAD BROWN ST	2025-09-14	Two-Way , Not Divided	Dry	Dark - Lighted	Clear	Not a Collision Between Two Motor Vehicles in Transport	No	No Controls	3	1	Non-Incapacitating	NA	41.83952	-71.4322	FALSE	FALSE	Pinehurst Ave and Chad Brown Street, Providence, RI, USA	NA	Raw	NA	FALSE	41.83952	-71.4322	2025	September
375	2025-09-15	928045	14:26:00	Pedestrian	1	NA	FALSE	FALSE	1	STEWART ST	BROAD ST	2025-09-15	Two-Way , Not Divided	Dry	Daylight	Clear	Not a Collision Between Two Motor Vehicles in Transport	No	Traffic Control Signal	3	1	Pain Reported	NA	41.8169	-71.41794	FALSE	FALSE	Stewart Street and Broad Street, Providence, RI, USA	NA	Raw	NA	FALSE	41.8169	-71.41794	2025	September
377	2025-09-16	928159	16:08:00	Bicycle	NA	1	FALSE	FALSE	1	DOYLE AVE	HOPE ST	2025-09-16	Two-Way , Not Divided	Dry	Daylight	Clear	Not a Collision Between Two Motor Vehicles in Transport	No	Traffic Control Signal	3	1	Pain Reported	NA	41.83877	-71.4001	FALSE	FALSE	Doyle Ave and Hope Street, Providence, RI, USA	NA	Raw	NA	FALSE	41.83877	-71.4001	2025	September
378	2025-09-16	928162	19:44:00	Pedestrian	1	NA	FALSE	FALSE	2	JILLSON ST	EDDY ST	2025-09-16	Two-Way , Not Divided	Dry	Dark - Lighted	Clear	Sidwswipe, Opposite Direction	No	No Controls	4	3	Non-Incapacitating	NA	41.79133	-71.40394	FALSE	FALSE	Jillson Street and Eddy Street, Providence, RI, USA	NA	Raw	NA	FALSE	41.79133	-71.40394	2025	September
379	2025-09-17	928189	10:41:00	Pedestrian	1	NA	FALSE	FALSE	1	ELMWOOD AVE	POTTERS AVE	2025-09-17	Two-Way , Not Divided	Dry	Daylight	Clear	Not a Collision Between Two Motor Vehicles in Transport	Yes	Traffic Control Signal	1	1	Pain Reported	3	41.80153	-71.42635	FALSE	FALSE	Elmwood Ave and Potters Ave, Providence, RI, USA	NA	Raw	NA	FALSE	41.80153	-71.42635	2025	September
380	2025-09-17	928209	21:56:00	Pedestrian	1	NA	TRUE	FALSE	1	FRANCIS ST	DORRANCE ST	2025-09-17	Two-Way, Divided, Unprotected (painted>4feet) Medium	Wet	Dark - Lighted	Rain	Not a Collision Between Two Motor Vehicles in Transport	No	Traffic Control Signal	6	1	Pain Reported	NA	41.82483	-71.41419	FALSE	FALSE	Francis Street and Dorrance Street, Providence, RI, USA	NA	Raw	NA	FALSE	41.82483	-71.41419	2025	September
381	2025-09-18	928228	08:39:00	Pedestrian	1	NA	FALSE	FALSE	1	Irving Ave	WAYLAND AVE	2025-09-18	Two-Way , Not Divided	Dry	Daylight	Clear	Other	Yes	Stop Signs	3	0	No Injury	NA	41.83324	-71.38882	FALSE	FALSE	Irving Ave and Wayland Ave, Providence, RI, USA	NA	Raw	NA	FALSE	41.83324	-71.38882	2025	September
382	2025-09-18	928230	08:48:00	Other	NA	1	FALSE	FALSE	1	Washington St	SERVICE ROAD 8	2025-09-18	Two-Way , Not Divided	Dry	Daylight	Cloudy	Not a Collision Between Two Motor Vehicles in Transport	No	Traffic Control Signal	2	1	Pain Reported	NA	41.82027	-71.41875	FALSE	FALSE	Washington Street and Service Road 8, Providence, RI, USA	NA	Raw	distance greater than 100m	TRUE	41.82027	-71.41875	2025	September
383	2025-09-18	928240	16:09:00	Pedestrian	1	NA	FALSE	FALSE	1	POCASSET AVE	BANCROFT ST	2025-09-18	Two-Way , Not Divided	Dry	Daylight	Clear	Not a Collision Between Two Motor Vehicles in Transport	No	Pavement Markings	6	1	Pain Reported	NA	41.81331	-71.4484	FALSE	FALSE	Pocasset Ave and Bancroft Street, Providence, RI, USA	NA	Raw	NA	FALSE	41.81331	-71.4484	2025	September
384	2025-09-19	928266	11:24:00	Pedestrian	1	NA	FALSE	FALSE	1	SERVICE ROAD 7	BROAD ST	2025-09-19	Two-Way , Not Divided	Dry	Daylight	Clear	Not a Collision Between Two Motor Vehicles in Transport	No	Pavement Markings	4	1	Pain Reported	NA	41.81747	-71.41712	FALSE	FALSE	Service Road 7 and Broad Street, Providence, RI, USA	NA	Raw	NA	FALSE	41.81747	-71.41712	2025	September
385	2025-09-19	928271	12:35:00	Other	NA	1	FALSE	FALSE	1	Steuben St	ATWELLS AVE	2025-09-19	Two-Way , Not Divided	Dry	Daylight	Clear	Other	Yes	No Controls	1	1	Pain Reported	NA	41.82501	-71.44935	FALSE	FALSE	Steuben Street and Atwells Ave, Providence, RI, USA	NA	Raw	NA	FALSE	41.82501	-71.44935	2025	September
386	2025-09-19	928274	13:10:00	Other	NA	1	TRUE	FALSE	1	Bath Street	Jewett Street	2025-09-19	Two-Way , Not Divided	Dry	Daylight	Clear	Not a Collision Between Two Motor Vehicles in Transport	No	Stop Signs	2	1	Non-Incapacitating	1	NA	NA	FALSE	FALSE	Bath Street and Jewett Street, Providence, RI, USA	NA	Geocoded	raw coords null but geocoded coords found	TRUE	41.8326352	-71.4250862	2025	September
388	2025-09-19	928286	14:32:00	Bicycle	NA	1	FALSE	FALSE	1	SYRACUSE ST	BODELL AVE	2025-09-19	Two-Way , Not Divided	Dry	Daylight	Clear	Angle (Front - to - Side) Same Direction	No	No Controls	4	1	Pain Reported	NA	41.81745	-71.45384	FALSE	FALSE	Syracuse Street and Bodell Ave, Providence, RI, USA	NA	Raw	distance greater than 100m	TRUE	41.81745	-71.45384	2025	September
389	2025-09-19	928289	15:16:00	Pedestrian	1	NA	TRUE	FALSE	1	ELMWOOD AVE	EARL ST	2025-09-19	Two-Way, Divided, Positive Median Barrier	Dry	Daylight	Clear	Sidwswipe, Opposite Direction	No	No Controls	2	1	Non-Incapacitating	NA	41.79819	-71.4262	FALSE	FALSE	Elmwood Ave and Earl Street, Providence, RI, USA	NA	Raw	NA	FALSE	41.79819	-71.4262	2025	September
390	2025-09-19	928294	19:51:00	Bicycle	NA	1	FALSE	FALSE	1	THURBERS AVE	BROAD ST	2025-09-19	Two-Way , Not Divided	Dry	Dark - Lighted	Clear	Not a Collision Between Two Motor Vehicles in Transport	No	Traffic Control Signal	2	1	Non-Incapacitating	NA	41.7982	-71.41467	FALSE	FALSE	Thurbers Ave and Broad Street, Providence, RI, USA	NA	Raw	NA	FALSE	41.7982	-71.41467	2025	September
391	2025-09-20	928304	13:28:00	Pedestrian	1	NA	FALSE	FALSE	1	BROOK ST	WICKENDEN ST	2025-09-20	Two-Way, Divided, Unprotected (painted>4feet) Medium	Dry	Daylight	Clear	Not a Collision Between Two Motor Vehicles in Transport	No	Traffic Control Signal	3	1	Pain Reported	NA	41.8195	-71.39827	FALSE	FALSE	Brook Street and Wickenden Street, Providence, RI, USA	NA	Raw	NA	FALSE	41.8195	-71.39827	2025	September
393	2025-09-22	928347	08:52:00	Pedestrian	1	NA	TRUE	FALSE	1	75 EAGLE ST	NA	2025-09-22	Unknown	Dry	Daylight	Clear	Not a Collision Between Two Motor Vehicles in Transport	No	No Controls	2	1	Pain Reported	NA	NA	NA	TRUE	TRUE	75 Eagle Street, Providence, RI, USA	NA	Neither	raw coords null but geocoded coords found	TRUE	41.82555	-71.43537	2025	September
395	2025-09-23	928409	16:08:00	Other	NA	1	FALSE	FALSE	1	NA	NA	2025-09-24	Unknown	Dry	Daylight	Clear	Angle - Direction Not Specified	Yes	Unknown	1	1	Pain Reported	NA	NA	NA	NA	TRUE	NA, Providence, RI, USA	NA	Unknown	raw coords null but geocoded coords found	TRUE	NA	NA	2025	September
397	2025-09-25	928451	15:21:00	Pedestrian	1	NA	FALSE	FALSE	1	LENNON ST	MOUNT PLEASANT AVE	2025-09-25	Two-Way, Not Divided With a Continuous Left Turn Lane	Wet	Daylight	Clear	Not a Collision Between Two Motor Vehicles in Transport	No	Stop Signs	3	1	Pain Reported	NA	41.8451	-71.45024	FALSE	FALSE	Lennon Street and Mount Pleasant Ave, Providence, RI, USA	NA	Geocoded	distance greater than 100m	TRUE	41.84341999999999	-71.4531322	2025	September
398	2025-09-26	928464	08:59:00	Pedestrian	1	NA	FALSE	FALSE	1	ELMA ST	PRAIRIE AVE	2025-09-26	Two-Way , Not Divided	Dry	Daylight	Clear	Not a Collision Between Two Motor Vehicles in Transport	Yes	No Controls	1	0	No Injury	NA	41.79724	-71.41127	FALSE	FALSE	Elma Street and Prairie Ave, Providence, RI, USA	NA	Raw	NA	FALSE	41.79724	-71.41127	2025	September
400	2025-09-26	928596	14:19:00	Pedestrian	1	NA	FALSE	FALSE	1	ALLENS AVE	OXFORD ST	2025-09-30	Two-Way , Not Divided	Dry	Daylight	Clear	Other	No	No Controls	2	1	Pain Reported	NA	41.8035	-71.40162	FALSE	FALSE	Allens Ave and Oxford Street, Providence, RI, USA	NA	Raw	NA	FALSE	41.8035	-71.40162	2025	September
401	2025-09-27	928519	14:04:00	Bicycle	NA	1	FALSE	FALSE	1	HARLAM STREET	BARROWS STREET	2025-09-27	Two-Way , Not Divided	Dry	Daylight	Clear	Not a Collision Between Two Motor Vehicles in Transport	No	Stop Signs	3	1	Pain Reported	2	NA	NA	FALSE	FALSE	Harlam Street and Barrows Street, Providence, RI, USA	NA	Geocoded	raw coords null but geocoded coords found	TRUE	41.8121831	-71.4570629	2025	September
402	2025-09-28	928546	12:36:00	Pedestrian	1	NA	FALSE	FALSE	2	Plainfield Street	PLAINFIELD ST	2025-09-28	Two-Way , Not Divided	Dry	Daylight	Clear	Sideswipe, Same Direction	No	No Controls	6	0	No Injury	NA	41.8134	-71.45396	FALSE	FALSE	Plainfield Street and Plainfield Street, Providence, RI, USA	NA	Raw	distance greater than 100m	TRUE	41.8134	-71.45396	2025	September
403	2025-09-28	928561	17:38:00	Pedestrian	1	NA	FALSE	FALSE	1	W RIVER ST	BRANCH AVE	2025-09-28	Two-Way , Not Divided	Dry	Daylight	Clear	Not a Collision Between Two Motor Vehicles in Transport	No	Traffic Control Signal	3	1	Pain Reported	NA	41.84689	-71.4127	FALSE	FALSE	W River Street and Branch Ave, Providence, RI, USA	NA	Raw	NA	FALSE	41.84689	-71.4127	2025	September
411	2025-10-02	928675	05:47:00	Pedestrian	1	NA	FALSE	FALSE	1	UNION AVE	EXIT	2025-10-02	One-Way Trafficway	Dry	Dawn	Clear	Not a Collision Between Two Motor Vehicles in Transport	No	Pavement Markings	4	1	Incapacitating	NA	41.8088	-71.44019	FALSE	FALSE	Union Ave and Exit, Providence, RI, USA	NA	Raw	distance greater than 100m	TRUE	41.8088	-71.44019	2025	October
412	2025-10-02	928688	16:23:00	Pedestrian	1	NA	FALSE	FALSE	1	LOWELL AVE	NYE ST	2025-10-02	Two-Way , Not Divided	Dry	Daylight	Clear	Not a Collision Between Two Motor Vehicles in Transport	No	No Controls	4	1	Pain Reported	NA	41.81823	-71.4608	FALSE	FALSE	Lowell Ave and Nye Street, Providence, RI, USA	NA	Raw	distance greater than 100m	TRUE	41.81823	-71.4608	2025	October
413	2025-10-02	928692	17:30:00	Bicycle	NA	1	FALSE	FALSE	1	N MAIN ST	CANAL ST	2025-10-02	One-Way Trafficway	Dry	Daylight	Clear	Angle (Front - to - Side) Right Angle (Includes Broadside)	Yes	Stop Signs	2	0	No Injury	NA	41.83233	-71.41087	FALSE	FALSE	N Main Street and Canal Street, Providence, RI, USA	NA	Raw	NA	FALSE	41.83233	-71.41087	2025	October
414	2025-10-03	928719	13:09:00	Pedestrian	1	NA	FALSE	FALSE	1	415 HARRIS AVE	ATWELLS AVE	2025-10-03	Two-Way , Not Divided	Dry	Daylight	Clear	Not a Collision Between Two Motor Vehicles in Transport	Yes	No Controls	3	1	Pain Reported	NA	41.82462	-71.43494	TRUE	FALSE	415 Harris Ave, Providence, RI, USA	NA	Raw	NA	FALSE	41.82462	-71.43494	2025	October
416	2025-10-04	929771	17:20:00	Pedestrian	1	NA	FALSE	FALSE	1	BROAD ST	NA	2025-11-05	Two-Way , Not Divided	Dry	Daylight	Clear	Unknown	Yes	Unknown	4	1	Pain Reported	NA	NA	NA	FALSE	TRUE	Broad Street, Providence, RI, USA	NA	Unknown	raw coords null but geocoded coords found	TRUE	NA	NA	2025	October
417	2025-10-05	928763	03:13:00	Pedestrian	1	NA	FALSE	FALSE	1	BROAD STREET	PORTLAND STREET	2025-10-05	Two-Way, Divided, Unprotected (painted>4feet) Medium	Dry	Dark - Lighted	Cloudy	Not a Collision Between Two Motor Vehicles in Transport	No	No Controls	4	1	Incapacitating	NA	41.82172	-71.4208	FALSE	FALSE	Broad Street and Portland Street, Providence, RI, USA	NA	Raw	distance greater than 100m	TRUE	41.82172	-71.4208	2025	October
418	2025-10-05	928779	19:41:00	Pedestrian	1	NA	FALSE	FALSE	1	COLLEGE ST	COLLEGE ST	2025-10-05	Two-Way , Not Divided	Dry	Dark - Lighted	Clear	Not a Collision Between Two Motor Vehicles in Transport	No	No Controls	2	1	Non-Incapacitating	NA	41.82552	-71.40821	FALSE	FALSE	College Street and College Street, Providence, RI, USA	NA	Raw	distance greater than 100m	TRUE	41.82552	-71.40821	2025	October
419	2025-10-05	928781	22:26:00	Pedestrian	1	NA	FALSE	FALSE	1	RANDALL ST	NORTH MAIN ST	2025-10-05	Two-Way , Not Divided	Dry	Dark - Lighted	Clear	Not a Collision Between Two Motor Vehicles in Transport	Yes	Traffic Control Signal	1	1	Pain Reported	NA	41.83776	-71.41013	FALSE	FALSE	Randall Street and North Main Street, Providence, RI, USA	NA	Raw	NA	FALSE	41.83776	-71.41013	2025	October
420	2025-10-05	928845	01:36:00	Pedestrian	1	NA	FALSE	FALSE	1	POTTERS AVE	ELMWOOD AVE	2025-10-07	Two-Way, Divided, Unprotected (painted>4feet) Medium	Dry	Dark - Lighted	Clear	Not a Collision Between Two Motor Vehicles in Transport	No	No Controls	5	1	Non-Incapacitating	NA	41.80151	-71.42635	FALSE	FALSE	Potters Ave and Elmwood Ave, Providence, RI, USA	NA	Raw	NA	FALSE	41.80151	-71.42635	2025	October
421	2025-10-05	929252	15:30:00	Pedestrian	1	NA	FALSE	FALSE	1	WASHINGTON ST	DEAN ST	2025-10-21	Two-Way , Not Divided	Dry	Daylight	Clear	Unknown	No	Unknown	1	1	Pain Reported	NA	41.81907	-71.42074	FALSE	FALSE	Washington Street and Dean Street, Providence, RI, USA	NA	Raw	NA	FALSE	41.81907	-71.42074	2025	October
422	2025-10-06	928798	12:06:00	Pedestrian	1	NA	FALSE	FALSE	1	ELMWOOD AVE	EARL ST	2025-10-06	Two-Way, Divided, Unprotected (painted>4feet) Medium	Dry	Daylight	Clear	Not a Collision Between Two Motor Vehicles in Transport	No	No Controls	3	1	Pain Reported	NA	41.79829	-71.42622	FALSE	FALSE	Elmwood Ave and Earl Street, Providence, RI, USA	NA	Raw	NA	FALSE	41.79829	-71.42622	2025	October
423	2025-10-07	928843	15:00:00	Pedestrian	1	NA	FALSE	FALSE	1	CRANSTON ST	FRICKER ST	2025-10-07	Two-Way , Not Divided	Dry	Daylight	Clear	Other	Yes	No Controls	2	0	No Injury	NA	41.81684	-71.42276	FALSE	FALSE	Cranston Street and Fricker Street, Providence, RI, USA	NA	Raw	NA	FALSE	41.81684	-71.42276	2025	October
424	2025-10-07	929384	00:00:00	Pedestrian	1	NA	FALSE	FALSE	1	DEXTER ST	CRANSTON ST	2025-10-24	Two-Way , Not Divided	Dry	Unknown	Clear	Other	Yes	Unknown	1	1	Pain Reported	NA	41.81256	-71.42957	FALSE	FALSE	Dexter Street and Cranston Street, Providence, RI, USA	NA	Raw	NA	FALSE	41.81256	-71.42957	2025	October
425	2025-10-08	928870	13:07:00	Pedestrian	1	NA	TRUE	FALSE	1	CARTER ST	VINEYARD ST	2025-10-08	Two-Way, Divided, Unprotected (painted>4feet) Medium	Wet	Daylight	Rain	Not a Collision Between Two Motor Vehicles in Transport	No	Other	2	1	Pain Reported	NA	41.79991	-71.42889	FALSE	FALSE	Carter Street and Vineyard Street, Providence, RI, USA	NA	Raw	NA	FALSE	41.79991	-71.42889	2025	October
426	2025-10-09	928907	15:19:00	Pedestrian	1	NA	FALSE	FALSE	1	114 GEORGE ST	THAYER ST	2025-10-09	Two-Way , Not Divided	Dry	Daylight	Clear	Not a Collision Between Two Motor Vehicles in Transport	Yes	No Controls	1	0	No Injury	2	NA	NA	TRUE	FALSE	114 George Street, Providence, RI, USA	NA	Neither	raw coords null but geocoded coords found	TRUE	41.82547	-71.40124	2025	October
427	2025-10-09	928908	18:29:00	Pedestrian	1	NA	FALSE	FALSE	1	CAMDEN AVE	CHALKSTONE AVE	2025-10-09	One-Way Trafficway	Dry	Dark - Lighted	Clear	Not a Collision Between Two Motor Vehicles in Transport	No	No Controls	4	1	Pain Reported	1	41.8353	-71.42536	FALSE	FALSE	Camden Ave and Chalkstone Ave, Providence, RI, USA	NA	Raw	NA	FALSE	41.8353	-71.42536	2025	October
428	2025-10-10	928916	09:00:00	Pedestrian	1	NA	FALSE	FALSE	1	DELAINE ST	VALLEY ST	2025-10-10	Two-Way , Not Divided	Dry	Daylight	Clear	Sideswipe, Same Direction	Yes	Pavement Markings	2	0	No Injury	NA	41.81951	-71.44053	FALSE	FALSE	Delaine Street and Valley Street, Providence, RI, USA	NA	Raw	NA	FALSE	41.81951	-71.44053	2025	October
429	2025-10-10	928921	11:28:00	Pedestrian	1	NA	FALSE	FALSE	1	DOYLE AVE	HOPE ST	2025-10-10	Two-Way , Not Divided	Dry	Daylight	Clear	Not a Collision Between Two Motor Vehicles in Transport	No	No Controls	3	1	Pain Reported	NA	41.83877	-71.40054	FALSE	FALSE	Doyle Ave and Hope Street, Providence, RI, USA	NA	Raw	NA	FALSE	41.83877	-71.40054	2025	October
430	2025-10-10	928922	11:41:00	Other	NA	1	FALSE	FALSE	1	BROAD ST	CAHIR ST	2025-10-10	Two-Way, Divided, Unprotected (painted>4feet) Medium	Dry	Daylight	Clear	Not a Collision Between Two Motor Vehicles in Transport	No	Traffic Control Signal	4	1	Pain Reported	NA	41.81692	-71.41795	FALSE	FALSE	Broad Street and Cahir Street, Providence, RI, USA	NA	Raw	NA	FALSE	41.81692	-71.41795	2025	October
431	2025-10-10	928943	00:33:00	Other	NA	1	FALSE	FALSE	1	BRANCH AVE	BRANCH AVE EXIT 24	2025-10-11	Two-Way, Divided, Positive Median Barrier	Dry	Dark - Lighted	Cloudy	Not a Collision Between Two Motor Vehicles in Transport	No	Traffic Control Signal	2	2	Non-Incapacitating	NA	41.84629	-71.41157	FALSE	FALSE	Branch Ave and Branch Ave Exit 24, Providence, RI, USA	NA	Raw	distance greater than 100m	TRUE	41.84629	-71.41157	2025	October
433	2025-10-12	929224	14:30:00	Pedestrian	1	NA	FALSE	FALSE	1	POINT ST	S WATER ST	2025-10-20	Unknown	Dry	Daylight	Clear	Unknown	No	Unknown	2	1	Pain Reported	NA	41.81864	-71.4017	FALSE	FALSE	Point Street and S Water Street, Providence, RI, USA	NA	Raw	NA	FALSE	41.81864	-71.4017	2025	October
434	2025-10-13	928995	12:09:00	Bicycle	NA	1	FALSE	FALSE	1	CHAD BROWN ST	CAMDEN AVE	2025-10-13	Two-Way , Not Divided	Wet	Daylight	Rain	Angle (Front - to - Side) Right Angle (Includes Broadside)	No	Stop Signs	3	1	Pain Reported	NA	41.83888	-71.42671	FALSE	FALSE	Chad Brown Street and Camden Ave, Providence, RI, USA	NA	Raw	NA	FALSE	41.83888	-71.42671	2025	October
435	2025-10-13	929011	20:40:00	Pedestrian	1	NA	FALSE	FALSE	1	MERCY ST	POCASSET AVE	2025-10-14	Two-Way , Not Divided	Wet	Dark - Lighted	Rain	Not a Collision Between Two Motor Vehicles in Transport	No	Pavement Markings	2	1	Pain Reported	NA	41.80854	-71.45566	FALSE	FALSE	Mercy Street and Pocasset Ave, Providence, RI, USA	NA	Raw	NA	FALSE	41.80854	-71.45566	2025	October
436	2025-10-14	929048	19:56:00	Bicycle	NA	1	FALSE	FALSE	1	MOOREFIELD ST	POCASSET AVE	2025-10-14	Two-Way , Not Divided	Dry	Daylight	Clear	Other	No	No Controls	3	0	No Injury	NA	41.80696	-71.45682	FALSE	FALSE	Moorefield Street and Pocasset Ave, Providence, RI, USA	NA	Raw	NA	FALSE	41.80696	-71.45682	2025	October
437	2025-10-14	929187	10:58:00	Pedestrian	1	NA	FALSE	FALSE	1	EATON ST	SMITH ST	2025-10-19	Two-Way , Not Divided	Dry	Dawn	Clear	Not a Collision Between Two Motor Vehicles in Transport	Yes	No Controls	2	1	Pain Reported	NA	41.84365	-71.44728	FALSE	FALSE	Eaton Street and Smith Street, Providence, RI, USA	NA	Raw	NA	FALSE	41.84365	-71.44728	2025	October
438	2025-10-15	929066	15:38:00	Bicycle	NA	NA	FALSE	FALSE	1	850 MANTON AVE	NA	2025-10-15	Unknown	Dry	Daylight	Clear	Angle (Front - to - Side) Right Angle (Includes Broadside)	No	No Controls	3	0	No Injury	NA	NA	NA	TRUE	TRUE	850 Manton Ave, Providence, RI, USA	NA	Neither	raw coords null but geocoded coords found	TRUE	41.83307	-71.46595	2025	October
440	2025-10-16	929103	16:50:00	Pedestrian	1	NA	FALSE	FALSE	1	BROAD ST	PEARL ST	2025-10-16	Two-Way , Not Divided	Dry	Daylight	Clear	Not a Collision Between Two Motor Vehicles in Transport	No	Pavement Markings	3	1	Pain Reported	NA	41.81475	-71.42095	FALSE	FALSE	Broad Street and Pearl Street, Providence, RI, USA	NA	Raw	NA	FALSE	41.81475	-71.42095	2025	October
441	2025-10-17	929138	15:15:00	Pedestrian	1	NA	FALSE	FALSE	1	ONTARIO ST	NIAGARA ST	2025-10-17	Two-Way , Not Divided	Dry	Daylight	Clear	Unknown	No	Stop Signs	2	2	Pain Reported	NA	41.79989	-71.41934	FALSE	FALSE	Ontario Street and Niagara Street, Providence, RI, USA	NA	Raw	NA	FALSE	41.79989	-71.41934	2025	October
442	2025-10-17	929148	19:24:00	Pedestrian	1	NA	FALSE	FALSE	1	RANDALL ST	CHARLES ST	2025-10-17	Two-Way , Not Divided	Dry	Dark - Lighted	Clear	Not a Collision Between Two Motor Vehicles in Transport	No	No Controls	2	1	Non-Incapacitating	NA	41.83702	-71.41107	FALSE	FALSE	Randall Street and Charles Street, Providence, RI, USA	NA	Raw	distance greater than 100m	TRUE	41.83702	-71.41107	2025	October
443	2025-10-18	929172	16:22:00	Bicycle	NA	1	FALSE	FALSE	1	PITMAN ST	E RIVER ST	2025-10-18	Two-Way , Not Divided	Dry	Daylight	Clear	Angle (Front - to - Side) Right Angle (Includes Broadside)	No	No Controls	2	1	Pain Reported	NA	41.82682	-71.38252	FALSE	FALSE	Pitman Street and E River Street, Providence, RI, USA	NA	Raw	NA	FALSE	41.82682	-71.38252	2025	October
444	2025-10-18	929184	21:05:00	Pedestrian	1	NA	FALSE	FALSE	1	FOUNTAIN ST	EMPIRE ST	2025-10-19	Two-Way , Not Divided	Dry	Dark - Lighted	Clear	Not a Collision Between Two Motor Vehicles in Transport	No	Traffic Control Signal	4	1	Pain Reported	NA	41.82234	-71.41712	FALSE	FALSE	Fountain Street and Empire Street, Providence, RI, USA	NA	Raw	NA	FALSE	41.82234	-71.41712	2025	October