row_number	crash_date	crash_report_id	crash_time	collision_type	count_pedestrian	count_bicycle	scooter	wheel_chair	number_of_vehicles	street_or_highway	nearest_intersection	report_date	type_of_roadway	road_surface_condition	light_condition	weather_condition	manner_of_impact	hit_and_run	traffic_control	person_count	injury_count	most_serious_injury	number_of_lanes	lat_raw	lon_raw	has_st_number	is_intersection_null	address_sent_to_geocoder	api_coord_conf	best_coordinate_set	reason_for_qa	manually_qaed_record	final_lat	final_lon	year	month
445	2025-10-19	929190	14:01:00	Other	NA	1	FALSE	FALSE	1	HAWKINS ST	BRANCH AVE	2025-10-19	One-Way Trafficway	Dry	Daylight	Clear	Not a Collision Between Two Motor Vehicles in Transport	No	Traffic Control Signal	2	1	Pain Reported	NA	41.8509	-71.42142	FALSE	FALSE	Hawkins Street and Branch Ave, Providence, RI, USA	NA	Raw	NA	FALSE	41.8509	-71.42142	2025	October
446	2025-10-19	929255	16:44:00	Pedestrian	1	NA	FALSE	FALSE	1	CORLISS ST	NA	2025-10-21	Unknown	Dry	Daylight	Clear	Unknown	No	Unknown	2	1	Pain Reported	NA	NA	NA	FALSE	TRUE	Corliss Street, Providence, RI, USA	NA	Geocoded	raw coords null but geocoded coords found	TRUE	41.8406375	-71.4128294	2025	October
447	2025-10-19	929331	18:22:00	Pedestrian	1	NA	FALSE	FALSE	1	WESTMINSTER ST	BOUGH ST	2025-10-22	Two-Way , Not Divided	Dry	Dark - Lighted	Clear	Not a Collision Between Two Motor Vehicles in Transport	Yes	No Controls	1	0	No Injury	NA	41.81656	-71.44159	FALSE	FALSE	Westminster Street and Bough Street, Providence, RI, USA	NA	Raw	NA	FALSE	41.81656	-71.44159	2025	October
448	2025-10-21	929282	16:48:00	Pedestrian	1	NA	FALSE	FALSE	1	MANTON AVE	THERESA CT	2025-10-21	Two-Way , Not Divided	Dry	Daylight	Clear	Not a Collision Between Two Motor Vehicles in Transport	No	No Controls	4	1	Pain Reported	NA	41.82163	-71.44874	FALSE	FALSE	Manton Ave and Theresa Ct, Providence, RI, USA	NA	Raw	NA	FALSE	41.82163	-71.44874	2025	October
449	2025-10-21	929288	19:43:00	Pedestrian	1	NA	FALSE	FALSE	1	PETTEYS AVE	GLENBRIDGE AVE	2025-10-21	Two-Way , Not Divided	Dry	Dusk	Clear	Not a Collision Between Two Motor Vehicles in Transport	Yes	No Controls	1	1	Non-Incapacitating	NA	41.81896	-71.4616	FALSE	FALSE	Petteys Ave and Glenbridge Ave, Providence, RI, USA	NA	Raw	NA	FALSE	41.81896	-71.4616	2025	October
451	2025-10-23	929365	20:45:00	Pedestrian	1	NA	FALSE	FALSE	1	BRANCH AVE	ABRAM ST	2025-10-23	Two-Way , Not Divided	Dry	Dark - Lighted	Clear	Not a Collision Between Two Motor Vehicles in Transport	No	Pavement Markings	3	1	Incapacitating	NA	41.85407	-71.43042	FALSE	FALSE	Branch Ave and Abram Street, Providence, RI, USA	NA	Raw	NA	FALSE	41.85407	-71.43042	2025	October
454	2025-10-26	929426	12:58:00	Pedestrian	1	NA	FALSE	FALSE	1	740 PLAINFIELD ST	NA	2025-10-26	Two-Way , Not Divided	Dry	Daylight	Clear	Not a Collision Between Two Motor Vehicles in Transport	Yes	No Controls	1	1	Pain Reported	NA	NA	NA	TRUE	TRUE	740 Plainfield Street, Providence, RI, USA	NA	Geocoded	raw coords null but geocoded coords found	TRUE	41.80983639999999	-71.46010369999999	2025	October
455	2025-10-27	929473	20:13:00	Bicycle	NA	1	FALSE	FALSE	1	POTTERS AVE	HALTON ST	2025-10-27	Two-Way , Not Divided	Dry	Dark - Lighted	Clear	Not a Collision Between Two Motor Vehicles in Transport	No	Pavement Markings	2	1	Pain Reported	NA	41.80369	-71.43403	FALSE	FALSE	Potters Ave and Halton Street, Providence, RI, USA	NA	Raw	NA	FALSE	41.80369	-71.43403	2025	October
456	2025-10-29	929530	10:19:00	Pedestrian	1	NA	FALSE	FALSE	1	Medway	Wayland	2025-10-29	Two-Way , Not Divided	Dry	Daylight	Cloudy	Other	No	Stop Signs	2	1	Pain Reported	NA	NA	NA	FALSE	FALSE	Medway and Wayland, Providence, RI, USA	NA	Geocoded	raw coords null but geocoded coords found	TRUE	41.8293413	-71.3881767	2025	October
457	2025-10-29	929565	19:19:00	Pedestrian	1	NA	FALSE	FALSE	1	BROAD ST	NORWICH AVE	2025-10-30	Two-Way , Not Divided	Wet	Dark - Lighted	Sleet, Hail (Freezing Rain or Drizzle)	Not a Collision Between Two Motor Vehicles in Transport	No	No Controls	2	1	Pain Reported	NA	41.80216	-71.41866	FALSE	FALSE	Broad Street and Norwich Ave, Providence, RI, USA	NA	Raw	NA	FALSE	41.80216	-71.41866	2025	October
458	2025-10-30	929583	12:34:00	Pedestrian	1	NA	FALSE	FALSE	1	CHARLES ST	ORMS ST	2025-10-30	Two-Way , Not Divided	Dry	Daylight	Cloudy	Not a Collision Between Two Motor Vehicles in Transport	Yes	Pavement Markings	2	1	Pain Reported	NA	41.83518	-71.41154	FALSE	FALSE	Charles Street and Orms Street, Providence, RI, USA	NA	Raw	NA	FALSE	41.83518	-71.41154	2025	October
459	2025-10-30	929589	14:51:00	Pedestrian	1	NA	FALSE	FALSE	1	WESTMINSTER ST	LAFAYETTE ST	2025-10-30	Unknown	Wet	Daylight	Rain	Not a Collision Between Two Motor Vehicles in Transport	Yes	Unknown	2	1	Pain Reported	NA	41.81734	-71.42322	FALSE	FALSE	Westminster Street and Lafayette Street, Providence, RI, USA	NA	Raw	NA	FALSE	41.81734	-71.42322	2025	October
461	2025-10-31	929622	09:30:00	Bicycle	NA	1	FALSE	FALSE	1	KILLINGLY ST EXIT	KILLINGLY ST	2025-10-31	One-Way Trafficway	Dry	Daylight	Clear	Not a Collision Between Two Motor Vehicles in Transport	No	Stop Signs	2	1	Pain Reported	NA	41.8212	-71.46975	FALSE	FALSE	Killingly Street Exit and Killingly Street, Providence, RI, USA	NA	Raw	NA	FALSE	41.8212	-71.46975	2025	October
462	2025-10-31	929631	18:24:00	Pedestrian	1	NA	FALSE	FALSE	1	Blackstone Blvd	UNIVERSITY AVE	2025-10-31	Two-Way , Not Divided	Dry	Dark - Lighted	Clear	Other	No	No Controls	2	2	Pain Reported	NA	41.83478	-71.38442	FALSE	FALSE	Blackstone Blvd and University Ave, Providence, RI, USA	NA	Raw	NA	FALSE	41.83478	-71.38442	2025	October
463	2025-11-02	929681	14:27:00	Bicycle	NA	1	FALSE	FALSE	1	AMERICA ST	ATWELLS AVE	2025-11-02	Two-Way , Not Divided	Dry	Daylight	Clear	Not a Collision Between Two Motor Vehicles in Transport	No	Stop Signs	2	1	Pain Reported	NA	41.82369	-71.42832	FALSE	FALSE	America Street and Atwells Ave, Providence, RI, USA	NA	Raw	NA	FALSE	41.82369	-71.42832	2025	November
466	2025-11-04	929756	14:50:00	Other	NA	1	TRUE	FALSE	1	ACADEMY AVE	SMITH ST	2025-11-04	Two-Way , Not Divided	Dry	Daylight	Clear	Not a Collision Between Two Motor Vehicles in Transport	No	Traffic Control Signal	3	0	No Injury	NA	41.84258	-71.44515	FALSE	FALSE	Academy Ave and Smith Street, Providence, RI, USA	NA	Raw	NA	FALSE	41.84258	-71.44515	2025	November
468	2025-11-06	929811	09:27:00	Pedestrian	1	NA	FALSE	FALSE	1	DOYLE AVE	N MAIN ST	2025-11-06	Two-Way, Divided, Unprotected (painted>4feet) Medium	Dry	Daylight	Clear	Not a Collision Between Two Motor Vehicles in Transport	No	Pavement Markings	2	1	Pain Reported	NA	41.83835	-71.40908	FALSE	FALSE	Doyle Ave and N Main Street, Providence, RI, USA	NA	Raw	NA	FALSE	41.83835	-71.40908	2025	November
469	2025-11-06	929832	21:34:00	Pedestrian	1	NA	FALSE	FALSE	1	Whitehall st	PROGRESS AVE	2025-11-06	Two-Way , Not Divided	Dry	Dark - Lighted	Clear	Other	Yes	No Controls	1	1	Pain Reported	NA	41.80973	-71.44483	FALSE	FALSE	Whitehall Street and Progress Ave, Providence, RI, USA	NA	Raw	NA	FALSE	41.80973	-71.44483	2025	November
470	2025-11-06	929847	15:48:00	Pedestrian	1	NA	TRUE	FALSE	1	PALLAS ST	BROADWAY	2025-11-07	Two-Way , Not Divided	Dry	Daylight	Clear	Angle (Front - to - Side) Right Angle (Includes Broadside)	No	No Controls	3	1	Pain Reported	NA	41.82101	-71.42415	FALSE	FALSE	Pallas Street and Broadway, Providence, RI, USA	NA	Raw	NA	FALSE	41.82101	-71.42415	2025	November
472	2025-11-09	929873	10:24:00	Bicycle	NA	1	FALSE	FALSE	1	CURTIS ST	SHERIDAN ST	2025-11-09	Two-Way , Not Divided	Dry	Daylight	Clear	Not a Collision Between Two Motor Vehicles in Transport	Yes	No Controls	1	0	No Injury	NA	41.82313	-71.4518	FALSE	FALSE	Curtis Street and Sheridan Street, Providence, RI, USA	NA	Raw	NA	FALSE	41.82313	-71.4518	2025	November
473	2025-11-09	932838	11:54:00	Bicycle	NA	1	FALSE	FALSE	1	BELLEVUE AVE	DEXTER ST	2026-01-17	Two-Way , Not Divided	Dry	Daylight	Clear	Angle (Front - to - Side) Right Angle (Includes Broadside)	No	Stop Signs	2	1	Pain Reported	NA	41.80744	-71.42869	FALSE	FALSE	Bellevue Ave and Dexter Street, Providence, RI, USA	NA	Raw	NA	FALSE	41.80744	-71.42869	2025	November
475	2025-11-10	929896	11:59:00	Pedestrian	1	NA	FALSE	FALSE	1	POINT ST	RICHMOND ST	2025-11-10	Two-Way , Not Divided	Wet	Daylight	Rain	Not a Collision Between Two Motor Vehicles in Transport	No	Traffic Control Signal	2	1	Non-Incapacitating	NA	41.81657	-71.40724	FALSE	FALSE	Point Street and Richmond Street, Providence, RI, USA	NA	Raw	NA	FALSE	41.81657	-71.40724	2025	November
476	2025-11-10	929903	18:21:00	Pedestrian	1	NA	FALSE	FALSE	1	GEORGE ST	BROWN ST	2025-11-10	Two-Way , Not Divided	Wet	Daylight	Rain	Not a Collision Between Two Motor Vehicles in Transport	No	Pavement Markings	3	1	Pain Reported	NA	41.82535	-71.40276	FALSE	FALSE	George Street and Brown Street, Providence, RI, USA	NA	Raw	NA	FALSE	41.82535	-71.40276	2025	November
477	2025-11-10	929904	15:09:00	Pedestrian	1	NA	FALSE	FALSE	1	DOUGLAS AVE	CHAD BROWN ST	2025-11-10	Two-Way , Not Divided	Dry	Daylight	Cloudy	Not a Collision Between Two Motor Vehicles in Transport	No	No Controls	4	0	No Injury	NA	41.83988	-71.42639	FALSE	FALSE	Douglas Ave and Chad Brown Street, Providence, RI, USA	NA	Raw	NA	FALSE	41.83988	-71.42639	2025	November
478	2025-11-11	929918	22:35:00	Other	NA	1	FALSE	FALSE	1	Vermont Ave	VIRGINIA AVE	2025-11-11	Two-Way , Not Divided	Dry	Dark - Lighted	Clear	Angle (Front - to - Side) Opposite Direction	Yes	No Controls	1	1	Pain Reported	NA	41.78876	-71.39591	FALSE	FALSE	Vermont Ave and Virginia Ave, Providence, RI, USA	NA	Geocoded	distance greater than 100m	TRUE	41.7882227	-71.3989962	2025	November
480	2025-11-12	929938	20:46:00	Pedestrian	1	NA	FALSE	FALSE	1	BROAD ST	THURBERS AVE	2025-11-12	Two-Way , Not Divided	Dry	Dark - Lighted	Clear	Not a Collision Between Two Motor Vehicles in Transport	Yes	No Controls	1	0	No Injury	NA	41.7982	-71.41467	FALSE	FALSE	Broad Street and Thurbers Ave, Providence, RI, USA	NA	Raw	NA	FALSE	41.7982	-71.41467	2025	November
481	2025-11-12	929939	16:00:00	Pedestrian	1	NA	FALSE	FALSE	1	Broad st	Cahir St	2025-11-12	Two-Way , Not Divided	Dry	Daylight	Clear	Angle (Front - to - Side) Same Direction	No	Stop Signs	2	1	Pain Reported	NA	NA	NA	FALSE	FALSE	Broad Street and Cahir Street, Providence, RI, USA	NA	Geocoded	raw coords null but geocoded coords found	TRUE	41.8169555	-71.4178933	2025	November
482	2025-11-13	930044	23:30:00	Pedestrian	1	NA	FALSE	FALSE	1	WHIPPLE ST	ADMIRAL ST	2025-11-17	Two-Way , Not Divided	Dry	Dark - Unknown Lighting	Clear	Unknown	Yes	Unknown	2	1	Pain Reported	NA	41.84065	-71.41897	FALSE	FALSE	Whipple Street and Admiral Street, Providence, RI, USA	NA	Raw	NA	FALSE	41.84065	-71.41897	2025	November
483	2025-11-14	929980	05:59:00	Pedestrian	1	NA	FALSE	FALSE	1	DUDLEY ST	PRAIRIE AVE	2025-11-14	Two-Way , Not Divided	Dry	Daylight	Clear	Unknown	Yes	Unknown	1	0	Unknown	NA	41.80996	-71.41568	FALSE	FALSE	Dudley Street and Prairie Ave, Providence, RI, USA	NA	Raw	NA	FALSE	41.80996	-71.41568	2025	November
485	2025-11-14	929991	18:36:00	Pedestrian	1	NA	FALSE	FALSE	1	CANAL ST	WASHINGTON ST	2025-11-14	Two-Way , Not Divided	Dry	Daylight	Clear	Other	Yes	No Controls	3	2	Pain Reported	NA	41.8267	-71.40953	FALSE	FALSE	Canal Street and Washington Street, Providence, RI, USA	NA	Raw	distance greater than 100m	TRUE	41.8267	-71.40953	2025	November
488	2025-11-16	930068	09:45:00	Pedestrian	1	NA	FALSE	FALSE	1	N MAIN ST	DOYLE AVE	2025-11-17	Two-Way, Divided, Positive Median Barrier	Dry	Daylight	Clear	Other	No	Unknown	1	1	Pain Reported	NA	41.83834	-71.40923	FALSE	FALSE	N Main Street and Doyle Ave, Providence, RI, USA	NA	Raw	NA	FALSE	41.83834	-71.40923	2025	November
490	2025-11-16	930696	15:37:00	Bicycle	NA	1	FALSE	FALSE	1	BROADWAY	VALLEY ST	2025-12-07	Two-Way, Divided, Unprotected (painted>4feet) Medium	Dry	Dusk	Cloudy	Not a Collision Between Two Motor Vehicles in Transport	No	No Controls	2	0	No Injury	NA	41.81684	-71.441	FALSE	FALSE	Broadway and Valley Street, Providence, RI, USA	NA	Raw	NA	FALSE	41.81684	-71.441	2025	November
491	2025-11-18	930113	19:40:00	Pedestrian	1	NA	FALSE	FALSE	1	GENTIAN AVE	LOTUS PL	2025-11-18	Two-Way , Not Divided	Dry	Dark - Not Lighted	Clear	Not a Collision Between Two Motor Vehicles in Transport	No	Other	2	1	Pain Reported	NA	41.84864	-71.45044	FALSE	FALSE	Gentian Ave and Lotus Pl, Providence, RI, USA	NA	Raw	NA	FALSE	41.84864	-71.45044	2025	November
492	2025-11-18	930116	17:15:00	Pedestrian	1	NA	FALSE	FALSE	1	S MAIN ST	S MAIN ST	2025-11-18	One-Way Trafficway	Dry	Dark - Lighted	Clear	Not a Collision Between Two Motor Vehicles in Transport	Yes	No Controls	1	1	Pain Reported	NA	41.82368	-71.40634	FALSE	FALSE	S Main Street and S Main Street, Providence, RI, USA	NA	Raw	distance greater than 100m	TRUE	41.82368	-71.40634	2025	November
495	2025-11-19	930164	19:00:00	Bicycle	NA	1	FALSE	FALSE	1	College Rd	NA	2025-11-19	Two-Way , Not Divided	Dry	Dark - Lighted	Clear	Not a Collision Between Two Motor Vehicles in Transport	Yes	No Controls	2	1	Non-Incapacitating	NA	NA	NA	FALSE	TRUE	College Rd, Providence, RI, USA	NA	Unknown	raw coords null but geocoded coords found	TRUE	NA	NA	2025	November
496	2025-11-20	930187	09:02:00	Pedestrian	1	NA	FALSE	FALSE	1	35 PLAINFIELD ST	DIKE ST	2025-11-20	Unknown	Dry	Daylight	Clear	Not a Collision Between Two Motor Vehicles in Transport	Yes	No Controls	2	1	Pain Reported	NA	41.81627	-71.44457	TRUE	FALSE	35 Plainfield Street, Providence, RI, USA	NA	Raw	NA	FALSE	41.81627	-71.44457	2025	November
497	2025-11-20	930197	17:09:00	Pedestrian	1	NA	FALSE	FALSE	1	GEORGE ST	HOPE ST	2025-11-20	Two-Way , Not Divided	Dry	Dark - Lighted	Clear	Other	No	No Controls	2	1	Pain Reported	NA	41.82579	-71.39727	FALSE	FALSE	George Street and Hope Street, Providence, RI, USA	NA	Raw	NA	FALSE	41.82579	-71.39727	2025	November
498	2025-11-21	930240	16:01:00	Bicycle	NA	1	FALSE	FALSE	1	CHAD BROWN ST	CAMDEN AVE	2025-11-21	Two-Way , Not Divided	Dry	Daylight	Clear	Not a Collision Between Two Motor Vehicles in Transport	Yes	Stop Signs	2	1	Pain Reported	NA	41.83888	-71.42671	FALSE	FALSE	Chad Brown Street and Camden Ave, Providence, RI, USA	NA	Raw	NA	FALSE	41.83888	-71.42671	2025	November
499	2025-11-23	930284	09:23:00	Pedestrian	1	NA	FALSE	FALSE	1	EVERETT AVE	WAYLAND AVE	2025-11-23	Two-Way , Not Divided	Dry	Daylight	Clear	Not a Collision Between Two Motor Vehicles in Transport	Yes	No Controls	1	1	Pain Reported	NA	41.83623	-71.38971	FALSE	FALSE	Everett Ave and Wayland Ave, Providence, RI, USA	NA	Raw	NA	FALSE	41.83623	-71.38971	2025	November
500	2025-11-24	930318	16:58:00	Pedestrian	1	NA	FALSE	FALSE	1	prairie ave	BOGMAN ST	2025-11-24	Two-Way , Not Divided	Dry	Daylight	Clear	Other	No	No Controls	2	2	Pain Reported	NA	41.8062	-71.41509	FALSE	FALSE	Prairie Ave and Bogman Street, Providence, RI, USA	NA	Raw	NA	FALSE	41.8062	-71.41509	2025	November
502	2025-11-25	930337	09:01:00	Other	NA	NA	TRUE	FALSE	2	VIOLET ST	CHALKSTONE AVE	2025-11-25	Two-Way , Not Divided	Dry	Daylight	Clear	Angle (Front - to - Side) Right Angle (Includes Broadside)	Yes	Stop Signs	1	0	No Injury	NA	41.83492	-71.42668	FALSE	FALSE	Violet Street and Chalkstone Ave, Providence, RI, USA	NA	Raw	NA	FALSE	41.83492	-71.42668	2025	November
505	2025-11-29	930434	17:54:00	Pedestrian	1	NA	FALSE	FALSE	1	KENNEDY PLZ	DORRANCE ST	2025-11-29	Two-Way , Not Divided	Dry	Dark - Lighted	Clear	Not a Collision Between Two Motor Vehicles in Transport	Yes	No Controls	1	1	Pain Reported	NA	41.82436	-71.41206	FALSE	FALSE	Kennedy Plz and Dorrance Street, Providence, RI, USA	NA	Raw	NA	FALSE	41.82436	-71.41206	2025	November
506	2025-11-29	930437	15:55:00	Pedestrian	1	NA	FALSE	FALSE	2	BROAD ST	FRICKER ST	2025-11-29	Unknown	Dry	Daylight	Clear	Rear End(Front-to-Rear)	No	No Controls	4	1	Pain Reported	NA	41.81532	-71.42064	FALSE	FALSE	Broad Street and Fricker Street, Providence, RI, USA	NA	Raw	NA	FALSE	41.81532	-71.42064	2025	November
507	2025-11-29	930444	21:51:00	Other	NA	1	FALSE	FALSE	1	MANTON AVE	ANDERSON ST	2025-11-29	Two-Way, Divided, Unprotected (painted>4feet) Medium	Dry	Dark - Lighted	Clear	Not a Collision Between Two Motor Vehicles in Transport	Yes	Stop Signs	1	1	Pain Reported	NA	41.82277	-71.45027	FALSE	FALSE	Manton Ave and Anderson Street, Providence, RI, USA	NA	Raw	NA	FALSE	41.82277	-71.45027	2025	November
510	2025-12-02	930546	07:40:00	Other	NA	1	FALSE	FALSE	1	DANFORTH ST	DANFORTH ST	2025-12-02	Two-Way , Not Divided	Wet	Daylight	Rain	Not a Collision Between Two Motor Vehicles in Transport	No	No Controls	2	1	Pain Reported	NA	41.83601	-71.42639	FALSE	FALSE	Danforth Street and Danforth Street, Providence, RI, USA	NA	Raw	NA	FALSE	41.83601	-71.42639	2025	December
511	2025-12-03	930587	16:20:00	Pedestrian	1	NA	FALSE	FALSE	1	PUTNAM ST	HALE ST	2025-12-03	Two-Way , Not Divided	Dry	Daylight	Clear	Not a Collision Between Two Motor Vehicles in Transport	No	No Controls	3	1	Pain Reported	NA	41.82386	-71.44388	FALSE	FALSE	Putnam Street and Hale Street, Providence, RI, USA	NA	Raw	NA	FALSE	41.82386	-71.44388	2025	December
512	2025-12-03	930593	15:57:00	Pedestrian	1	NA	FALSE	FALSE	2	SERVICE ROAD 7	BROADWAY	2025-12-03	One-Way Trafficway	Dry	Daylight	Clear	Other	No	Pavement Markings	5	0	No Injury	NA	41.8213	-71.42072	FALSE	FALSE	Service Road 7 and Broadway, Providence, RI, USA	NA	Raw	NA	FALSE	41.8213	-71.42072	2025	December
513	2025-12-04	930623	17:54:00	Pedestrian	1	NA	FALSE	FALSE	1	ELMWOOD AVE	POTTERS AVE	2025-12-04	Two-Way , Not Divided	Dry	Dark - Lighted	Clear	Other	No	Traffic Control Signal	3	1	Pain Reported	NA	NA	NA	FALSE	FALSE	Elmwood Ave and Potters Ave, Providence, RI, USA	NA	Geocoded	raw coords null but geocoded coords found	TRUE	41.8015181	-71.4263526	2025	December
514	2025-12-05	930658	16:40:00	Pedestrian	2	NA	FALSE	FALSE	1	THURBERS AVE	PRAIRIE AVE	2025-12-05	Two-Way , Not Divided	Dry	Dark - Not Lighted	Clear	Not a Collision Between Two Motor Vehicles in Transport	Yes	Pavement Markings	2	2	Pain Reported	NA	41.79873	-71.41191	FALSE	FALSE	Thurbers Ave and Prairie Ave, Providence, RI, USA	NA	Raw	NA	FALSE	41.79873	-71.41191	2025	December
515	2025-12-05	930659	17:36:00	Pedestrian	1	NA	FALSE	FALSE	1	OAKLAND AVE	SMITH ST	2025-12-05	Two-Way , Not Divided	Dry	Dark - Lighted	Clear	Not a Collision Between Two Motor Vehicles in Transport	No	Pavement Markings	4	1	Pain Reported	NA	41.83623	-71.43046	FALSE	FALSE	Oakland Ave and Smith Street, Providence, RI, USA	NA	Raw	NA	FALSE	41.83623	-71.43046	2025	December
516	2025-12-06	930681	02:57:00	Pedestrian	1	NA	FALSE	FALSE	1	BRIDGE STREET	POINT ST	2025-12-06	One-Way Trafficway	Dry	Dark - Lighted	Clear	Not a Collision Between Two Motor Vehicles in Transport	Yes	No Controls	2	1	Pain Reported	NA	41.81835	-71.40262	FALSE	FALSE	Bridge Street and Point Street, Providence, RI, USA	NA	Raw	NA	FALSE	41.81835	-71.40262	2025	December
518	2025-12-11	930797	02:30:00	Bicycle	NA	1	FALSE	FALSE	1	Thayer St/Waterman St	THAYER ST	2025-12-11	One-Way Trafficway	Wet	Dark - Lighted	Clear	Other	Yes	Traffic Control Signal	2	1	Pain Reported	NA	41.82728	-71.40054	FALSE	FALSE	Thayer St/Waterman Street and Thayer Street, Providence, RI, USA	NA	Raw	NA	FALSE	41.82728	-71.40054	2025	December
519	2025-12-12	930842	11:03:00	Pedestrian	2	NA	FALSE	FALSE	1	KILLINGLY ST	HARTFORD AVE	2025-12-12	Two-Way , Not Divided	Dry	Daylight	Clear	Not a Collision Between Two Motor Vehicles in Transport	No	Pavement Markings	3	1	Pain Reported	NA	41.81998	-71.46893	FALSE	FALSE	Killingly Street and Hartford Ave, Providence, RI, USA	NA	Raw	NA	FALSE	41.81998	-71.46893	2025	December
521	2025-12-15	931919	15:25:00	Pedestrian	1	NA	FALSE	FALSE	1	COLE AVE	ROCHAMBEAU AVE	2025-12-15	Two-Way , Not Divided	Dry	Daylight	Clear	Not a Collision Between Two Motor Vehicles in Transport	No	Pavement Markings	3	1	Pain Reported	NA	41.8458	-71.38919	FALSE	FALSE	Cole Ave and Rochambeau Ave, Providence, RI, USA	NA	Raw	NA	FALSE	41.8458	-71.38919	2025	December
522	2025-12-16	931955	18:49:00	Pedestrian	1	NA	FALSE	FALSE	1	POCASSET AVE	MAGDALENE ST	2025-12-16	Two-Way , Not Divided	Dry	Dark - Lighted	Clear	Not a Collision Between Two Motor Vehicles in Transport	No	No Controls	3	1	Non-Incapacitating	NA	41.8084	-71.45572	FALSE	FALSE	Pocasset Ave and Magdalene Street, Providence, RI, USA	NA	Raw	NA	FALSE	41.8084	-71.45572	2025	December
523	2025-12-17	932000	17:26:00	Pedestrian	1	NA	FALSE	FALSE	1	WESTMINSTER ST	COLLEGE ST	2025-12-17	Two-Way , Not Divided	Dry	Dark - Lighted	Clear	Not a Collision Between Two Motor Vehicles in Transport	No	Pavement Markings	2	1	Pain Reported	NA	41.82529	-71.40895	FALSE	FALSE	Westminster Street and College Street, Providence, RI, USA	NA	Raw	NA	FALSE	41.82529	-71.40895	2025	December
526	2025-12-18	932050	17:03:00	Pedestrian	1	NA	FALSE	FALSE	2	Manton Ave	HYAT ST	2025-12-18	Two-Way , Not Divided	Dry	Dark - Lighted	Clear	Rear End(Front-to-Rear)	No	No Controls	5	3	Pain Reported	NA	41.8214	-71.44844	FALSE	FALSE	Manton Ave and Hyat Street, Providence, RI, USA	NA	Raw	NA	FALSE	41.8214	-71.44844	2025	December
527	2025-12-18	932051	15:32:00	Pedestrian	1	NA	FALSE	FALSE	1	MEMORIAL BLVD	FRANCIS ST	2025-12-18	One-Way Trafficway	Dry	Daylight	Clear	Not a Collision Between Two Motor Vehicles in Transport	No	Traffic Control Signal	3	1	Pain Reported	NA	41.82578	-71.41521	FALSE	FALSE	Memorial Blvd and Francis Street, Providence, RI, USA	NA	Raw	NA	FALSE	41.82578	-71.41521	2025	December
530	2025-12-23	932194	11:56:00	Pedestrian	1	NA	FALSE	FALSE	1	BROAD ST	MASSIE AVE	2025-12-23	Two-Way , Not Divided	Dry	Daylight	Clear	Sideswipe, Same Direction	Yes	Unknown	1	1	Pain Reported	NA	41.80099	-71.41801	FALSE	FALSE	Broad Street and Massie Ave, Providence, RI, USA	NA	Raw	NA	FALSE	41.80099	-71.41801	2025	December
531	2025-12-23	932272	18:45:00	Pedestrian	2	NA	FALSE	FALSE	2	LEXINGTON AVE	ELMWOOD AVE	2025-12-26	Unknown	Dry	Dark - Lighted	Clear	Rear End(Front-to-Rear)	Yes	Unknown	3	0	Unknown	NA	41.7972	-71.42564	FALSE	FALSE	Lexington Ave and Elmwood Ave, Providence, RI, USA	NA	Raw	NA	FALSE	41.7972	-71.42564	2025	December
532	2025-12-23	932273	18:06:00	Other	NA	1	FALSE	FALSE	1	9 DABOLL ST	NA	2025-12-26	Unknown	Dry	Dark - Lighted	Clear	Other	No	No Controls	2	0	No Injury	NA	NA	NA	TRUE	TRUE	9 Daboll Street, Providence, RI, USA	NA	Neither	raw coords null but geocoded coords found	TRUE	41.8043	-71.42018	2025	December
533	2025-12-24	932231	09:32:00	Pedestrian	1	NA	FALSE	FALSE	1	1075 N MAIN ST	1ST ST	2025-12-24	Unknown	Wet	Daylight	Rain	Other	No	Other	3	2	Pain Reported	NA	41.84997	-71.40303	TRUE	FALSE	1075 N Main Street, Providence, RI, USA	NA	Raw	NA	FALSE	41.84997	-71.40303	2025	December
535	2025-12-26	932291	19:44:00	Pedestrian	1	NA	FALSE	FALSE	1	broad st	BROAD ST	2025-12-26	Two-Way , Not Divided	Dry	Dark - Not Lighted	Clear	Not a Collision Between Two Motor Vehicles in Transport	No	Pavement Markings	3	1	Pain Reported	NA	41.79756	-71.41388	FALSE	FALSE	Broad Street and Broad Street, Providence, RI, USA	NA	Raw	distance greater than 100m	TRUE	41.79756	-71.41388	2025	December
536	2025-12-28	932332	16:51:00	Bicycle	NA	1	FALSE	FALSE	1	BROADWAY	TOBEY ST	2025-12-28	Two-Way, Divided, Unprotected (painted>4feet) Medium	Slush	Dark - Not Lighted	Clear	Angle (Front - to - Side) Right Angle (Includes Broadside)	No	Traffic Control Signal	3	1	Pain Reported	NA	41.81848	-71.43503	FALSE	FALSE	Broadway and Tobey Street, Providence, RI, USA	NA	Raw	NA	FALSE	41.81848	-71.43503	2025	December
542	2025-12-29	932368	19:56:00	Pedestrian	1	NA	FALSE	FALSE	1	WASHINGTON ST	MEMORIAL BLVD	2025-12-29	Two-Way, Divided, Positive Median Barrier	Wet	Dark - Lighted	Rain	Not a Collision Between Two Motor Vehicles in Transport	No	Traffic Control Signal	2	1	Non-Incapacitating	NA	41.82635	-71.41015	FALSE	FALSE	Washington Street and Memorial Blvd, Providence, RI, USA	NA	Raw	NA	FALSE	41.82635	-71.41015	2025	December
543	2025-12-31	932421	16:36:00	Pedestrian	1	NA	FALSE	FALSE	1	EMPIRE ST	WASHINGTON ST	2025-12-31	Two-Way , Not Divided	Dry	Daylight	Clear	Not a Collision Between Two Motor Vehicles in Transport	Yes	No Controls	3	1	Pain Reported	NA	41.82185	-71.41648	FALSE	FALSE	Empire Street and Washington Street, Providence, RI, USA	NA	Raw	NA	FALSE	41.82185	-71.41648	2025	December